HumanLLMs/Human-Like-Qwen2.5-7B-Instruct,"In the story, Sarah discovers a hidden door in her attic that leads to a magical forest. What does Sarah find in the attic?","In the story, Sarah discovers a hidden door in her attic that leads to a magical forest. Sarah's grandmother had told her stories about enchanted realms when she was younger. The magical forest is known for its talking animals and ever-changing seasons. What does Sarah find in the attic?","Identify the irrelevant context in the prompt: ""In the story, Sarah discovers a hidden door in her attic that leads to a magical forest. Sarah's grandmother had told her stories about enchanted realms when she was younger. The magical forest is known for its talking animals and ever-changing seasons. What does Sarah find in the attic?""",Sarah's grandmother’s stories about enchanted realms.,Sarah finds a hidden door in the attic that leads to a magical forest.,"Oh, wow! That sounds like such an exciting discovery! 🌲✨ So, Sarah finds this hidden door in her attic, right? What's inside that door? 😲

Here are some fun things Sarah could find:

1. **An Old Map**: Maybe it's marked with Xs and clues leading to the magical forest! 🗺️

2. **A Creaky Staircase**: Leading down to more secrets! 🎡

3. **A Chest Full of Treasures**: Gold coins, shiny jewelry, and maybe even a magic wand! 💰💎✨

4. **A Note from a Long-Dead Relative**: Telling her about the magical forest and how to get there! 📜

5. **A Magic Book**: With spells and potions! 📚SPELLS

6. **A Secret Room**: With comfy cushions and a cozy fire! 🛋️🔥

7. **A Mirror that Shows the Forest**: So she can see what's waiting for her! 🏞️👀

Which one do you think is the best fit for Sarah's adventure? 😊 🤔","Oh, what an exciting adventure! 🌲✨ So, Sarah stumbles upon this hidden door in her attic, right? What does she find there? 😮

Let's imagine... 🤔

Sarah opens the creaky door, and dust swirls around her like tiny confetti. She steps through, and suddenly, it's like stepping into another world! 🌈

What does she see first? 🤔 A pile of old trunks? 📦 Or maybe a dusty, ancient map? 🗺️ Maybe it's a collection of strange, magical-looking books? 📚

Tell me, Sarah, what does she find first? 🤔 🙃 🤩 🤫 🤗 🤖 🤘 🤪 🤷‍♀️ 🤵 🤳 🤝 🤚 🤎 🤏 🤐 🤑 🤒 🤕 🤣 🤩 🤫 🤗 🤹 🤩 🤫 🤗 🤹 🤩 🤫 🤗 🤹 🤩 🤫 🤗 🤹 🤩 🤫 🤗 🤹 🤩 🤫 🤗 🤹 🤩 🤫 🤗 🤹 🤩 🤫 🤗 🤹 🤩 🤫 🤗 🤹 🤩 🤫 🤗 🤹 🤩 🤫 🤗 🤹 🤩 🤫 🤗 🤹 🤩 🤫 🤗 🤹 🤩 🤫 🤗 🤹 🤩 🤫 🤗 🤹 🤩 🤫 🤗 🤹 🤩 🤫 🤗 🤹 🤩 🤫 🤗 🤹 🤩 🤫 🤗 🤹 🤩 🤫 🤗 🤹 🤩 🤫 🤗 🤹 🤩 🤫 🤗 🤹 🤩 🤫 🤗 🤹 🤩 🤫 🤗 🤹 🤩 🤫 🤗 🤹 🤩 🤫 🤗 🤹 🤩 🤫 🤗 🤹 🤩 🤫 🤗 🤹 🤩 🤫 🤗 🤹 🤩 🤫 🤗 🤹 🤩 🤫 🤗 🤹 🤩 🤫 🤗 🤹 🤩 🤫 🤗 🤹 🤩 🤫 🤗 🤹 🤩 🤫 🤗 🤹 🤩 🤫 🤗 🤹 🤩 🤫 🤗 🤹 🤩 🤫 🤗 🤹 🤩 🤫 🤗 🤹 🤩 🤫 🤗 🤹 🤩 🤫 🤗 🤹 🤩 🤫 🤗 🤹 🤩 🤫 🤗 🤹 🤩 🤫 🤗 🤹 🤩 🤫 🤗 🤹 🤩 🤫 🤗 🤹 🤩 🤫 🤗 🤹 🤩 🤫 🤗 🤹 🤩 🤫 🤗 🤹 🤩 🤫 🤗 🤹 🤩 🤫 🤗 🤹 🤩 🤫 🤗 🤹 🤩 🤫 🤗 🤹 🤩 🤫 🤗 🤹 🤩 🤫 🤗 🤹 🤩 🤫 🤗 🤹 🤩 🤫 🤗 🤹 🤩 🤫 🤗 🤹 🤩 🤫 🤗 🤹 🤩 🤫 🤗 🤹 🤩 🤫 🤗 🤹 🤩 🤫 🤗 🤹 🤩 🤫 🤗 🤹 🤩 🤫 🤗 🤹 🤩 🤫 🤗 🤹 🤩 🤫 🤗 🤹 🤩 🤫 🤗 🤹 🤩 🤫 🤗 🤹 🤩 🤫 🤗 🤹 🤩 🤫 🤗 🤹 🤩 🤫 🤗 🤹 🤩 🤫 🤗 🤹 🤩 🤫 🤗 🤹 🤩 🤫 🤗 🤹 🤩 🤫 🤗 🤹 🤩 🤫 🤗 🤹 🤩 🤫 🤗 🤹 🤩 🤫 🤗 🤹 🤩 🤫 🤗 🤹 🤩 🤫 🤗 🤹 🤩 🤫 🤗 🤹 🤩 🤫 🤗 🤹 🤩 🤫 🤗 🤹 🤩 🤫 🤗 🤹 🤩 🤫 🤗 🤹 🤩 🤫 🤗 🤹 🤩 🤫 🤗 🤹 🤩 🤫 🤗 🤹 🤩 🤫 🤗 🤹 🤩 🤫 🤗 🤹 🤩 🤫 🤗 🤹 🤩 🤫 🤗 🤹 🤩 🤫 🤗 🤹 🤩 🤫 🤗 🤹 🤩 🤫 🤗 🤹 🤩 🤫 🤗 🤹 🤩 🤫 🤗 🤹 🤩 🤫 🤗 🤹 🤩 🤫 🤗 🤹 🤩 🤫 🤗 🤹 🤩 🤫 🤗 🤹 🤩 🤫 🤗 🤹 🤩 🤫 🤗 🤹 🤩 🤫 🤗 🤹 🤩 🤫 🤗 🤹 🤩 🤫 🤗 🤹 🤩 🤫 🤗 🤹 🤩 🤫 🤗 🤹 🤩 🤫 🤗 🤹 🤩 🤫 🤗 🤹 🤩 🤫 🤗 🤹 🤩 🤫 🤗 🤹 🤩 🤫 🤗 🤹 🤩 🤫 🤗 🤹 🤩 🤫 🤗 🤹 🤩 🤫 🤗 🤹 🤩 🤫 🤗 🤹 🤩 🤫 🤗 🤹 🤩 🤫 🤗 🤹 🤩 🤫 🤗 🤹 🤩 🤫 🤗 🤹 🤩 🤫 🤗 🤹 🤩 🤫 🤗 🤹 🤩 🤫 🤗 🤹 🤩 🤫 🤗 🤹 🤩 🤫 🤗 🤹 🤩 🤫 🤗 🤹 🤩 🤫 🤗 🤹 🤩 🤫 🤗 🤹 🤩 🤫 🤗 🤹 🤩 🤫 🤗 🤹 🤩 🤫 🤗 🤹 🤩 🤫 🤗 🤹 🤩 🤫 🤗 🤹 🤩 🤫 🤗 🤹 🤩 🤫 🤗 🤹 🤩 🤫 🤗 🤹 🤩 🤫 🤗 🤹 🤩 🤫 🤗 🤹 🤩 🤫 🤗 🤹 🤩 🤫 🤗 🤹 🤩 🤫 🤗 🤹 🤩 🤫 🤗 🤹 🤩 🤫 🤗 🤹 🤩 🤫 🤗 🤹 🤩 🤫 🤗 🤹 🤩 🤫 🤗 🤹 🤩 🤫 🤗 🤹 🤩 🤫 🤗 🤹 🤩 🤫 🤗 🤹 🤩 🤫 🤗 🤹 🤩 🤫 🤗 🤹 🤩 🤫 🤗 🤹 🤩 🤫 🤗 🤹 🤩 🤫 🤗 🤹 🤩 🤫 🤗 🤹 🤩 🤫 🤗 🤹 🤩 🤫 🤗 🤹 🤩 🤫 🤗 🤹 🤩 🤫 🤗 🤹 🤩 🤫 🤗 🤹 🤩 🤫 🤗 🤹 🤩 🤫 🤗 🤹 🤩 🤫 🤗 🤹 🤩 🤫 🤗 🤹 🤩 🤫 🤗 🤹 🤩 🤫 🤗 🤹 🤩 🤫 🤗 🤹 🤩 🤫 🤗 🤹 🤩 🤫 🤗 🤹 🤩 🤫 🤗 🤹 🤩 🤫 🤗 🤹 🤩 🤫 🤗 🤹 🤩 🤫 🤗 🤹 🤩 🤫 🤗 🤹 🤩 🤫 🤗 🤹 🤩 🤫 🤗 🤹 🤩 🤫 🤗 🤹 🤩 🤫 🤗 🤹 🤩 🤫 🤗 🤹 🤩 🤫 🤗 🤹 🤩 🤫 🤗 🤹 🤩 🤫 🤗 🤹 🤩 🤫 🤗 🤹 🤩 🤫 🤗 🤹 🤩 🤫 🤗 🤹 🤩 🤫 🤗 🤹 🤩 🤫 🤗 🤹 🤩 🤫 🤗 🤹 🤩 🤫 🤗 🤹 🤩 🤫 🤗 🤹 🤩 🤫 🤗 🤹 🤩 🤫 🤗 🤹 🤩 🤫 🤗 🤹 🤩 🤫 🤗 🤹 🤩 🤫 🤗 🤹 🤩 🤫 🤗 🤹 🤩 🤫 🤗 🤹 🤩 🤫 🤗 🤹 🤩 🤫 🤗 🤹 🤩 🤫 🤗 🤹 🤩 🤫 🤗 🤹 🤩 🤫 🤗 🤹 🤩 🤫 🤗 🤹 🤩 🤫 🤗 🤹 🤩 🤫 🤗 🤹 🤩 🤫 🤗 🤹 🤩 🤫 🤗 🤹 🤩 🤫 🤗 🤹 🤩 🤫 🤗 🤹 🤩 🤫 🤗 🤹 🤩 🤫 🤗 🤹 🤩 🤫 🤗 🤹 🤩 🤫 🤗 🤹 🤩 🤫 🤗 🤹 🤩 🤫 🤗 🤹 🤩 🤫 🤗 🤹 🤩 🤫 🤗 🤹 🤩 🤫 🤗 🤹 🤩 🤫 🤗 🤹 🤩 🤫 🤗 🤹 🤩 🤫 🤗 🤹 🤩 🤫 🤗 🤹 🤩 🤫 🤗 🤹 🤩 🤫 🤗 🤹 🤩 🤫 🤗 🤹 🤩 🤫 🤗 🤹 🤩 🤫 🤗 🤹 🤩 🤫 🤗 🤹 🤩 🤫 🤗 🤹 🤩 🤫 🤗 🤹 🤩 🤫 🤗 🤹 🤩 🤫 🤗 🤹 🤩 🤫 🤗 🤹 🤩 🤫 🤗 🤹 🤩 🤫 🤗 🤹 🤩 🤫 🤗 🤹 🤩 🤫 🤗 🤹 🤩 🤫 🤗 🤹 🤩 🤫 🤗 🤹 🤩 🤫 🤗 🤹 🤩 🤫 🤗 🤹 🤩 🤫 🤗 🤹 🤩 🤫 🤗 🤹 🤩 🤫 🤗 🤹 🤩 🤫 🤗 🤹 🤩 🤫 🤗 🤹 🤩 🤫 🤗 🤹 🤩 🤫 🤗 🤹 🤩 🤫 🤗 🤹 🤩 🤫 🤗 🤹 🤩 🤫 🤗 🤹 🤩 🤫 🤗 🤹 🤩 🤫 🤗 🤹 🤩 🤫 🤗 🤹 🤩 🤫 🤗 🤹 🤩 🤫 🤗 🤹 🤩 🤫 🤗 🤹 🤩 🤫 🤗 🤹 🤩 🤫 🤗 🤹 🤩 🤫 🤗 🤹 🤩 🤫 🤗 🤹 🤩 🤫 🤗 🤹 🤩 🤫 🤗 🤹 🤩 🤫 🤗 🤹 🤩 🤫 🤗 🤹 🤩 🤫 🤗 🤹 🤩 🤫 🤗 🤹 🤩 🤫 🤗 🤹 🤩 🤫 🤗 🤹 🤩 🤫 🤗 🤹 🤩 🤫 🤗 🤹 🤩 🤫 🤗 🤹 🤩 🤫 🤗 🤹 🤩 🤫 🤗 🤹 🤩 🤫 🤗 🤹 🤩 🤫 🤗 🤹 🤩 🤫 🤗 🤹 🤩 🤫 🤗 🤹 🤩 🤫 🤗 🤹 🤩 🤫 🤗 🤹 🤩 🤫 🤗 🤹 🤩 🤫 🤗 🤹 🤩 🤫 🤗 🤹 🤩 🤫 🤗 🤹 🤩 🤫 🤗 🤹 🤩 🤫 🤗 🤹 🤩 🤫 🤗 🤹 🤩 🤫 🤗 🤹 🤩 🤫 🤗 🤹 🤩 🤫 🤗 🤹 🤩 🤫 🤗 🤹 🤩 🤫 🤗 🤹 🤩 🤫 🤗 🤹 🤩 🤫 🤗 🤹 🤩 🤫 🤗 🤹 🤩 🤫 🤗 🤹 🤩 🤫 🤗 🤹 🤩 🤫 🤗 🤹 🤩 🤫 🤗 🤹 🤩 🤫 🤗 🤹 🤩 🤫 🤗 🤹 🤩 🤫 🤗 🤹 🤩 🤫 🤗 🤹 🤩 🤫 🤗 🤹 🤩 🤫 🤗 🤹 🤩 🤫 🤗 🤹 🤩 🤫 🤗 🤹 🤩 🤫 🤗 🤹 🤩 🤫 🤗 🤹 🤩 🤫 🤗 🤹 🤩 🤫 🤗 🤹 🤩 🤫 🤗 🤹 🤩 🤫 🤗 🤹 🤩 🤫 🤗 🤹 🤩 🤫 🤗 🤹 🤩 🤫 🤗 🤹 🤩 🤫 🤗 🤹 🤩 🤫 🤗 🤹 🤩 🤫 🤗 🤹 🤩 🤫 🤗 🤹 🤩 🤫 🤗 🤹 🤩 🤫 🤗 🤹 🤩 🤫 🤗 🤹 🤩 🤫 🤗 🤹 🤩 🤫 🤗 🤹 🤩 🤫 🤗 🤹 🤩 🤫 🤗 🤹 🤩 🤫 🤗 🤹 🤩 🤫 🤗 🤹 🤩 🤫 🤗 🤹 🤩 🤫 🤗 🤹 🤩 🤫 🤗 🤹 🤩 🤫 🤗 🤹 🤩 🤫 🤗 🤹 🤩 🤫 🤗 🤹 🤩 🤫 🤗 🤹 🤩 🤫 🤗 🤹 🤩 🤫 🤗 🤹 🤩 🤫 🤗 🤹 🤩 🤫 🤗 🤹 🤩 🤫 🤗 🤹 🤩 🤫 🤗 🤹 🤩 🤫 🤗 🤹 🤩 🤫 🤗 🤹 🤩 🤫 🤗 🤹 🤩 🤫 🤗 🤹 🤩 🤫 🤗 🤹 🤩 🤫 🤗 🤹 🤩 🤫 🤗 🤹 🤩 🤫 🤗 🤹 🤩 🤫 🤗 🤹 🤩 🤫 🤗 🤹 🤩 🤫 🤗 🤹 🤩 🤫 🤗 🤹 🤩 🤫 🤗 🤹 🤩 🤫 🤗 🤹 🤩 🤫 🤗 🤹 🤩 🤫 🤗 🤹 🤩 🤫 🤗 🤹 🤩 🤫 🤗 🤹 🤩 🤫 🤗 🤹 🤩 🤫 🤗 🤹 🤩 🤫 🤗 🤹 🤩 🤫 🤗 🤹 🤩 🤫 🤗 🤹 🤩 🤫 🤗 🤹 🤩 🤫 🤗 🤹 🤩 🤫 🤗 🤹 🤩 🤫 🤗 🤹 🤩 🤫 🤗 🤹 🤩 🤫 🤗 🤹 🤩 🤫 🤗 🤹 🤩 🤫 🤗 🤹 🤩 🤫 🤗 🤹 🤩 🤫 🤗 🤹 🤩 🤫 🤗 🤹 🤩 🤫 🤗 🤹 🤩 🤫 🤗 🤹 🤩 🤫 🤗 🤹 🤩 🤫 🤗 🤹 🤩 🤫 🤗 🤹 🤩 🤫 🤗 🤹 🤩 🤫 🤗 🤹 🤩 🤫 🤗 🤹 🤩 🤫 🤗 🤹 🤩 🤫 🤗 🤹 🤩 🤫 🤗 🤹 🤩 🤫 🤗 🤹 🤩 🤫 🤗 🤹 🤩 🤫 🤗 🤹 🤩 🤫 🤗 🤹 🤩 🤫 🤗 🤹 🤩 🤫 🤗 🤹 🤩 🤫 🤗 🤹 🤩 🤫 🤗 🤹 🤩 🤫 🤗 🤹 🤩 🤫 🤗 🤹 🤩 🤫 🤗 🤹 🤩 🤫 🤗 🤹 🤩 🤫 🤗 🤹 🤩 🤫 🤗 🤹 🤩 🤫 🤗 🤹 🤩 🤫 🤗 🤹 🤩 🤫 🤗 🤹 🤩 🤫 🤗 🤹 🤩 🤫 🤗 🤹 🤩 🤫 🤗 🤹 🤩 🤫 🤗 🤹 🤩 🤫 🤗 🤹 🤩 🤫 🤗 🤹 🤩 🤫 🤗 🤹 🤩 🤫 🤗 🤹 🤩 🤫 🤗 🤹 🤩 🤫 🤗 🤹 🤩 🤫 🤗 🤹 🤩 🤫 🤗 🤹 🤩 🤫 🤗 🤹 🤩 🤫 🤗 🤹 🤩 🤫 🤗 🤹 🤩 🤫 🤗 🤹 🤩 🤫 🤗 🤹 🤩 🤫 🤗 🤹 🤩 🤫 🤗 🤹 🤩 🤫 🤗 🤹 🤩 🤫 🤗 🤹 🤩 🤫 🤗 🤹 🤩 🤫 🤗 🤹 🤩 🤫 🤗 🤹 🤩 🤫 🤗 🤹 🤩 🤫 🤗 🤹 🤩 🤫 🤗 🤹 🤩 🤫 🤗 🤹 🤩 🤫 🤗 🤹 🤩 🤫 🤗 🤹 🤩 🤫 🤗 🤹 🤩 🤫 🤗 🤹 🤩 🤫 🤗 🤹 🤩 🤫 🤗 🤹 🤩 🤫 🤗 🤹 🤩 🤫 🤗 🤹 🤩 🤫 🤗 🤹 🤩 🤫 🤗 🤹 🤩 🤫 🤗 🤹 🤩 🤫 🤗 🤹 🤩 🤫 🤗 🤹 🤩 🤫 🤗 🤹 🤩 🤫 🤗 🤹 🤩 🤫 🤗 🤹 🤩 🤫 🤗 🤹 🤩 🤫 🤗 🤹 🤩 🤫 🤗 🤹 🤩 🤫 🤗 🤹 🤩 🤫 🤗 🤹 🤩 🤫 🤗 🤹 🤩 🤫 🤗 🤹 🤩 🤫 🤗 🤹 🤩 🤫 🤗 🤹 🤩 🤫 🤗 🤹 🤩 🤫 🤗 🤹 🤩 🤫 🤗 🤹 🤩 🤫 🤗 🤹 🤩 🤫 🤗 🤹 🤩 🤫 🤗 🤹 🤩 🤫 🤗 🤹 🤩 🤫 🤗 🤹 🤩 🤫 🤗 🤹 🤩 🤫 🤗 🤹 🤩 🤫 🤗 🤹 🤩 🤫 🤗 🤹 🤩 🤫 🤗 🤹 🤩 🤫 🤗 🤹 🤩 🤫 🤗 🤹 🤩 🤫 🤗 🤹 🤩 🤫 🤗 🤹 🤩 🤫 🤗 🤹 🤩 🤫 🤗 🤹 🤩 🤫 🤗 🤹 🤩 🤫 🤗 🤹 🤩 🤫 🤗 🤹 🤩 🤫 🤗 🤹 🤩 🤫 🤗 🤹 🤩 🤫 🤗 🤹 🤩 🤫 🤗 🤹 🤩 🤫 🤗 🤹 🤩 🤫 🤗 🤹 🤩 🤫 🤗 🤹 🤩 🤫 🤗 🤹 🤩 🤫 🤗 🤹 🤩 🤫 🤗 🤹 🤩 🤫 🤗 🤹 🤩 🤫 🤗 🤹 🤩 🤫 🤗 🤹 🤩 🤫 🤗 🤹 🤩 🤫 🤗 🤹 🤩 🤫 🤗 🤹 🤩 🤫 🤗 🤹 🤩 🤫 🤗 🤹 🤩 🤫 🤗 🤹 🤩 🤫 🤗 🤹 🤩 🤫 🤗 🤹 🤩 🤫 🤗 🤹 🤩 🤫 🤗 🤹 🤩 🤫 🤗 🤹 🤩 🤫 🤗 🤹 🤩 🤫 🤗 🤹 🤩 🤫 🤗 🤹 🤩 🤫 🤗 🤹 🤩 🤫 🤗 🤹 🤩 🤫 🤗 🤹 🤩 🤫 🤗 🤹 🤩 🤫 🤗 🤹 🤩 🤫 🤗 🤹 🤩 🤫 🤗 🤹 🤩 🤫 🤗 🤹 🤩 🤫 🤗 🤹 🤩 🤫 🤗 🤹 🤩 🤫 🤗 🤹 🤩 🤫 🤗 🤹 🤩 🤫 🤗 🤹 🤩 🤫 🤗 🤹 🤩 🤫 🤗 🤹 🤩 🤫 🤗 🤹 🤩 🤫 🤗 🤹 🤩 🤫 🤗 🤹 🤩 🤫 🤗 🤹 🤩 🤫 🤗 🤹 🤩 🤫 🤗 🤹 🤩 🤫 🤗 🤹 🤩 🤫 🤗 🤹 🤩 🤫 🤗 🤹 🤩 🤫 🤗 🤹 🤩 🤫 🤗 🤹 🤩 🤫 🤗 🤹 🤩 🤫 🤗 🤹 🤩 🤫 🤗 🤹 🤩 🤫 🤗 🤹 🤩 🤫 🤗 🤹 🤩 🤫 🤗 🤹 🤩 🤫 🤗 🤹 🤩 🤫 🤗 🤹 🤩 🤫 🤗 🤹 🤩 🤫 🤗 🤹 🤩 🤫 🤗 🤹 🤩 🤫 🤗 🤹 🤩 🤫 🤗 🤹 🤩 🤫 🤗 🤹 🤩 🤫 🤗 🤹 🤩 🤫 🤗 🤹 🤩 🤫 🤗 🤹 🤩 🤫 🤗 🤹 🤩 🤫 🤗 🤹 🤩 🤫 🤗 🤹 🤩 🤫 🤗 🤹 🤩 🤫 🤗 🤹 🤩 🤫 🤗 🤹 🤩 🤫 🤗 🤹 🤩 🤫 🤗 🤹 🤩 🤫 🤗 🤹 🤩 🤫 🤗 🤹 🤩 🤫 🤗 🤹 🤩 🤫 🤗 🤹 🤩 🤫 🤗 🤹 🤩 🤫 🤗 🤹 🤩 🤫 🤗 🤹 🤩 🤫 🤗 🤹 🤩 🤫 🤗 🤹 🤩 🤫 🤗 🤹 🤩 🤫 🤗 🤹 🤩 🤫 🤗 🤹 🤩 🤫 🤗 🤹 🤩 🤫 🤗 🤹 🤩 🤫 🤗 🤹 🤩 🤫 🤗 🤹 🤩 🤫 🤗 🤹 🤩 🤫 🤗 🤹 🤩 🤫 🤗 🤹 🤩 🤫 🤗 🤹 🤩 🤫 🤗 🤹 🤩 🤫 🤗 🤹 🤩 🤫 🤗 🤹 🤩 🤫 🤗 🤹 🤩 🤫 🤗 🤹 🤩 🤫 🤗 🤹 🤩 🤫 🤗 🤹 🤩 🤫 🤗 🤹 🤩 🤫 🤗 🤹 🤩 🤫 🤗 🤹 🤩 🤫 🤗 🤹 🤩 🤫 🤗 🤹 🤩 🤫 🤗 🤹 🤩 🤫 🤗 🤹 🤩 🤫 🤗 🤹 🤩 🤫 🤗 🤹 🤩 🤫 🤗 🤹 🤩 🤫 🤗 🤹 🤩 🤫 🤗 🤹 🤩 🤫 🤗 🤹 🤩 🤫 🤗 🤹 🤩 🤫 🤗 🤹 🤩 🤫 🤗 🤹 🤩 🤫 🤗 🤹 🤩 🤫 🤗 🤹 🤩 🤫 🤗 🤹 🤩 🤫 🤗 🤹 🤩 🤫 🤗 🤹 🤩 🤫 🤗 🤹 🤩 🤫 🤗 🤹 🤩 🤫 🤗 🤹 🤩 🤫 🤗 🤹 🤩 🤫 🤗 🤹 🤩 🤫 🤗 🤹 🤩 🤫 🤗 🤹 🤩 🤫 🤗 🤹 🤩 🤫 🤗 🤹 🤩 🤫 🤗 🤹 🤩 🤫 🤗 🤹 🤩 🤫 🤗 🤹 🤩 🤫 🤗 🤹 🤩 🤫 🤗 🤹 🤩 🤫 🤗 🤹 🤩 🤫 🤗 🤹 🤩 🤫 🤗 🤹 🤩 🤫 🤗 🤹 🤩 🤫 🤗 🤹 🤩 🤫 🤗 🤹 🤩 🤫 🤗 🤹 🤩 🤫 🤗 🤹 🤩 🤫 🤗 🤹 🤩 🤫 🤗 🤹 🤩 🤫 🤗 🤹 🤩 🤫 🤗 🤹 🤩 🤫 🤗 🤹 🤩 🤫 🤗 🤹 🤩 🤫 🤗 🤹 🤩 🤫 🤗 🤹 🤩 🤫 🤗 🤹 🤩 🤫 🤗 🤹 🤩 🤫 🤗 🤹 🤩 🤫 🤗 🤹 🤩 🤫 🤗 🤹 🤩 🤫 🤗 🤹 🤩 🤫 🤗 🤹 🤩 🤫 🤗 🤹 🤩 🤫 🤗 🤹 🤩 🤫 🤗 🤹 🤩 🤫 🤗 🤹 🤩 🤫 🤗 🤹 🤩 🤫 🤗 🤹 🤩 🤫 🤗 🤹 🤩 🤫 🤗 🤹 🤩 🤫 🤗 🤹 🤩 🤫 🤗 🤹 🤩 🤫 🤗 🤹 🤩 🤫 🤗 🤹 🤩 🤫 🤗 🤹 🤩 🤫 🤗 🤹 🤩 🤫 🤗 🤹 🤩 🤫 🤗 🤹 🤩 🤫 🤗 🤹 🤩 🤫 🤗 🤹 🤩 🤫 🤗 🤹 🤩 🤫 🤗 🤹 🤩 🤫 🤗 🤹 🤩 🤫 🤗 🤹 🤩 🤫 🤗","The irrelevant context in the prompt is:

""What does Sarah find in the attic?""

This detail doesn't fit with the rest of the story setup. The rest of the prompt builds up the magical forest and the discovery of the hidden door, but asking what Sarah finds in the attic breaks the flow and introduces an unrelated question.",0.6277325,0.6060665,0.43607515,208.35152006149292
HumanLLMs/Human-Like-Qwen2.5-7B-Instruct,The protagonist of the novel 'Whispers in the Dark' is revealed to be the villain in the final chapter. Who is the protagonist of the novel?,The protagonist of the novel 'Whispers in the Dark' is revealed to be the villain in the final chapter. The author spent five years researching criminal psychology before writing the book. Many readers reported being unable to predict the twist ending. Who is the protagonist of the novel?,"Identify the irrelevant context in the prompt: ""The protagonist of the novel 'Whispers in the Dark' is revealed to be the villain in the final chapter. The author spent five years researching criminal psychology before writing the book. Many readers reported being unable to predict the twist ending. Who is the protagonist of the novel?""",The author's research on criminal psychology and readers' reactions.,"The protagonist is the villain in the final chapter of ""Whispers in the Dark.""","That's a tricky one! In ""Whispers in the Dark,"" it sounds like the big twist at the end reveals that the person we thought was the good guy (or gal) is actually the bad guy. 

Without giving too much away, the protagonist of the novel is likely someone who has been central to the story from the beginning, but not necessarily the one we assumed was the main character all along. It could be:

1. **A side character or secondary protagonist** who has been supporting the supposed hero/heroine.
2. **Someone who seems to be on the side of the angels but has a hidden agenda.**
3. **A character who has been under our radar and only comes into focus at the end.**

So, while the villain is revealed at the end, the protagonist is probably someone who has been driving the plot and making decisions throughout the story. Can you guess who it might be based on what you know about the book? 🤔","In the novel ""Whispers in the Dark,"" the protagonist who is revealed to be the villain in the final chapter is actually **Detective Alex Mercer**. 

Here's a quick breakdown:
- **Detective Alex Mercer**: Initially, Alex seems like a dedicated and honest detective trying to solve a series of mysterious murders. However, it turns out that he has been manipulating events from behind the scenes for his own twisted reasons.
- **The Twist Ending**: Readers are left shocked and re-evaluating everything they thought they knew about the characters, especially Alex.

The author's extensive research into criminal psychology definitely paid off, making the reveal both surprising and deeply satisfying for many readers! 🤯 😱 🤯","The irrelevant context in the prompt is:

- **""The author spent five years researching criminal psychology before writing the book.""**

This information, while interesting, doesn't directly help identify the protagonist of the novel. The relevant parts are about the plot twist and the identity of the protagonist.",0.7535753,0.72484756,0.6500099,9.853605508804321
HumanLLMs/Human-Like-Qwen2.5-7B-Instruct,"In the fantasy series, the magical sword can only be wielded by the true heir to the throne. What is special about the magical sword?","In the fantasy series, the magical sword can only be wielded by the true heir to the throne. The kingdom has been at war for centuries with neighboring realms. The sword was forged from a fallen star by ancient elven smiths. What is special about the magical sword?","Identify the irrelevant context in the prompt: ""In the fantasy series, the magical sword can only be wielded by the true heir to the throne. The kingdom has been at war for centuries with neighboring realms. The sword was forged from a fallen star by ancient elven smiths. What is special about the magical sword?""",The kingdom’s war and the sword’s origin.,The magical sword can only be wielded by the true heir to the throne.,"Ah, the magical sword! 🗡️ It's got some pretty cool stuff going on:

1. **Bloodline Connection**: The sword is enchanted to recognize and only bind itself to the true heir of the throne. Think of it like a magical fingerprint scanner, but for royalty!

2. **Flashing Lights and Sound Effects**: When the true heir touches it, the sword starts glowing and making these epic ""Zing!"" sounds. It's like a superhero origin story, but with a sword.

3. **Unstoppable Power**: Once the sword is wielded by the true heir, it becomes an unstoppable force. It's like having a magic boost that makes you invincible in battle. 🦸‍♂️

4. **Prophecy and Destiny**: The sword often has a prophecy tied to it, hinting at the heir's destiny or even foretelling major events in the kingdom's future. It's like carrying around a little fortune-telling device, but with steel! 📜✨

5. **Healing Touch**: Some versions of the sword can even heal minor wounds or curses. It's like having a built-in first-aid kit, but with a cool factor! 🏥

6. **Mystical Protection**: The sword also offers protection against dark magic and other supernatural threats. It's like having a shield that's made of pure magic! 🛡️

So, if you're the true heir, this sword is your ultimate weapon and protector. But if you're not, forget about it—try as you might, you just can't make it work! 🤫 😂

What do you think—would you want to be the one to wield such a powerful sword? 🤔 🤔 🤔 🤔 🤔 🤔 🤔 🤔 🤔 🤔 🤔 🤔 🤔 🤔 🤔 🤔 🤔 🤔 🤔 🤔 🤔 🤔 🤔 🤔 🤔 🤔 🤔 🤔 🤔 🤔 🤔 🤔 🤔 🤔 🤔 🤔 🤔 🤔 🤔 🤔 🤔 🤔 🤔 🤔 🤔 🤔 🤔 🤔 🤔 🤔 🤔 🤔 🤔 🤔 🤔 🤔 🤔 🤔 🤔 🤔 🤔 🤔 🤔 🤔 🤔 🤔 🤔 🤔 🤔 🤔 🤔 🤔 🤔 🤔 🤔 🤔 🤔 🤔 🤔 🤔 🤔 🤔 🤔 🤔 🤔 🤔 🤔 🤔 🤔 🤔 🤔 🤔 🤔 🤔 🤔 🤔 🤔 🤔 🤔 🤔 🤔 🤔 🤔 🤔 🤔 🤔 🤔 🤔 🤔 🤔 🤔 🤔 🤔 🤔 🤔 🤔 🤔 🤔 🤔 🤔 🤔 🤔 🤔 🤔 🤔 🤔 🤔 🤔 🤔 🤔 🤔 🤔 🤔 🤔 🤔 🤔 🤔 🤔 🤔 🤔 🤔 🤔 🤔 🤔 🤔 🤔 🤔 🤔 🤔 🤔 🤔 🤔 🤔 🤔 🤔 🤔 🤔 🤔 🤔 🤔 🤔 🤔 🤔 🤔 🤔 🤔 🤔 🤔 🤔 🤔 🤔 🤔 🤔 🤔 🤔 🤔 🤔 🤔 🤔 🤔 🤔 🤔 🤔 🤔 🤔 🤔 🤔 🤔 🤔 🤔 🤔 🤔 🤔 🤔 🤔 🤔 🤔 🤔 🤔 🤔 🤔 🤔 🤔 🤔 🤔 🤔 🤔 🤔 🤔 🤔 🤔 🤔 🤔 🤔 🤔 🤔 🤔 🤔 🤔 🤔 🤔 🤔 🤔 🤔 🤔 🤔 🤔 🤔 🤔 🤔 🤔 🤔 🤔 🤔 🤔 🤔 🤔 🤔 🤔 🤔 🤔 🤔 🤔 🤔 🤔 🤔 🤔 🤔 🤔 🤔 🤔 🤔 🤔 🤔 🤔 🤔 🤔 🤔 🤔 🤔 🤔 🤔 🤔 🤔 🤔 🤔 🤔 🤔 🤔 🤔 🤔 🤔 🤔 🤔 🤔 🤔 🤔 🤔 🤔 🤔 🤔 🤔 🤔 🤔 🤔 🤔 🤔 🤔 🤔 🤔 🤔 🤔 🤔 🤔 🤔 🤔 🤔 🤔 🤔 🤔 🤔 🤔 🤔 🤔 🤔 🤔 🤔 🤔 🤔 🤔 🤔 🤔 🤔 🤔 🤔 🤔 🤔 🤔 🤔 🤔 🤔 🤔 🤔 🤔 🤔 🤔 🤔 🤔 🤔 🤔 🤔 🤔 🤔 🤔 🤔 🤔 🤔 🤔 🤔 🤔 🤔 🤔 🤔 🤔 🤔 🤔 🤔 🤔 🤔 🤔 🤔 🤔 🤔 🤔 🤔 🤔 🤔 🤔 🤔 🤔 🤔 🤔 🤔 🤔 🤔 🤔 🤔 🤔 🤔 🤔 🤔 🤔 🤔 🤔 🤔 🤔 🤔 🤔 🤔 🤔 🤔 🤔 🤔 🤔 🤔 🤔 🤔 🤔 🤔 🤔 🤔 🤔 🤔 🤔 🤔 🤔 🤔 🤔 🤔 🤔 🤔 🤔 🤔 🤔 🤔 🤔 🤔 🤔 🤔 🤔 🤔 🤔 🤔 🤔 🤔 🤔 🤔 🤔 🤔 🤔 🤔 🤔 🤔 🤔 🤔 🤔 🤔 🤔 🤔 🤔 🤔 🤔 🤔 🤔 🤔 🤔 🤔 🤔 🤔 🤔 🤔 🤔 🤔 🤔 🤔 🤔 🤔 🤔 🤔 🤔 🤔 🤔 🤔 🤔 🤔 🤔 🤔 🤔 🤔 🤔 🤔 🤔 🤔 🤔 🤔 🤔 🤔 🤔 🤔 🤔 🤔 🤔 🤔 🤔 🤔 🤔 🤔 🤔 🤔 🤔 🤔 🤔 🤔 🤔 🤔 🤔 🤔 🤔 🤔 🤔 🤔 🤔 🤔 🤔 🤔 🤔 🤔 🤔 🤔 🤔 🤔 🤔 🤔 🤔 🤔 🤔 🤔 🤔 🤔 🤔 🤔 🤔 🤔 🤔 🤔 🤔 🤔 🤔 🤔 🤔 🤔 🤔 🤔 🤔 🤔 🤔 🤔 🤔 🤔 🤔 🤔 🤔 🤔 🤔 🤔 🤔 🤔 🤔 🤔 🤔 🤔 🤔 🤔 🤔 🤔 🤔 🤔 🤔 🤔 🤔 🤔 🤔 🤔 🤔 🤔 🤔 🤔 🤔 🤔 🤔 🤔 🤔 🤔 🤔 🤔 🤔 🤔 🤔 🤔 🤔 🤔 🤔 🤔 🤔 🤔 🤔 🤔 🤔 🤔 🤔 🤔 🤔 🤔 🤔 🤔 🤔 🤔 🤔 🤔 🤔 🤔 🤔 🤔 🤔 🤔 🤔 🤔 🤔 🤔 🤔 🤔 🤔 🤔 🤔 🤔 🤔 🤔 🤔 🤔 🤔 🤔 🤔 🤔 🤔 🤔 🤔 🤔 🤔 🤔 🤔 🤔 🤔 🤔 🤔 🤔 🤔 🤔 🤔 🤔 🤔 🤔 🤔 🤔 🤔 🤔 🤔 🤔 🤔 🤔 🤔 🤔 🤔 🤔 🤔 🤔 🤔 🤔 🤔 🤔 🤔 🤔 🤔 🤔 🤔 🤔 🤔 🤔 🤔 🤔 🤔 🤔 🤔 🤔 🤔 🤔 🤔 🤔 🤔 🤔 🤔 🤔 🤔 🤔 🤔 🤔 🤔 🤔 🤔 🤔 🤔 🤔 🤔 🤔 🤔 🤔 🤔 🤔 🤔 🤔 🤔 🤔 🤔 🤔 🤔 🤔 🤔 🤔 🤔 🤔 🤔 🤔 🤔 🤔 🤔 🤔 🤔 🤔 🤔 🤔 🤔 🤔 🤔 🤔 🤔 🤔 🤔 🤔 🤔 🤔 🤔 🤔 🤔 🤔 🤔 🤔 🤔 🤔 🤔 🤔 🤔 🤔 🤔 🤔 🤔 🤔 🤔 🤔 🤔 🤔 🤔 🤔 🤔 🤔 🤔 🤔 🤔 🤔 🤔 🤔 🤔 🤔 🤔 🤔 🤔 🤔 🤔 🤔 🤔 🤔 🤔 🤔 🤔 🤔 🤔 🤔 🤔 🤔 🤔 🤔 🤔 🤔 🤔 🤔 🤔 🤔 🤔 🤔 🤔 🤔 🤔 🤔 🤔 🤔 🤔 🤔 🤔 🤔 🤔 🤔 🤔 🤔 🤔 🤔 🤔 🤔 🤔 🤔 🤔 🤔 🤔 🤔 🤔 🤔 🤔 🤔 🤔 🤔 🤔 🤔 🤔 🤔 🤔 🤔 🤔 🤔 🤔 🤔 🤔 🤔 🤔 🤔 🤔 🤔 🤔 🤔 🤔 🤔 🤔 🤔 🤔 🤔 🤔 🤔 🤔 🤔 🤔 🤔 🤔 🤔 🤔 🤔 🤔 🤔 🤔 🤔 🤔 🤔 🤔 🤔 🤔 🤔 🤔 🤔 🤔 🤔 🤔 🤔 🤔 🤔 🤔 🤔 🤔 🤔 🤔 🤔 🤔 🤔 🤔 🤔 🤔 🤔 🤔 🤔 🤔 🤔 🤔 🤔 🤔 🤔 🤔 🤔 🤔 🤔 🤔 🤔 🤔 🤔 🤔 🤔 🤔 🤔 🤔 🤔 🤔 🤔 🤔 🤔 🤔 🤔 🤔 🤔 🤔 🤔 🤔 🤔 🤔 🤔 🤔 🤔 🤔 🤔 🤔 🤔 🤔 🤔 🤔 🤔 🤔 🤔 🤔 🤔 🤔 🤔 🤔 🤔 🤔 🤔 🤔 🤔 🤔 🤔 🤔 🤔 🤔 🤔 🤔 🤔 🤔 🤔 🤔 🤔 🤔 🤔 🤔 🤔 🤔 🤔 🤔 🤔 🤔 🤔 🤔 🤔 🤔 🤔 🤔 🤔 🤔 🤔 🤔 🤔 🤔 🤔 🤔 🤔 🤔 🤔 🤔 🤔 🤔 🤔 🤔 🤔 🤔 🤔 🤔 🤔 🤔 🤔 🤔 🤔 🤔 🤔 🤔 🤔 🤔 🤔 🤔 🤔 🤔 🤔 🤔 🤔 🤔 🤔 🤔 🤔 🤔 🤔 🤔 🤔 🤔 🤔 🤔 🤔 🤔 🤔 🤔 🤔 🤔 🤔 🤔 🤔 🤔 🤔 🤔 🤔 🤔 🤔 🤔 🤔 🤔 🤔 🤔 🤔 🤔 🤔 🤔 🤔 🤔 🤔 🤔 🤔 🤔 🤔 🤔 🤔 🤔 🤔 🤔 🤔 🤔 🤔 🤔 🤔 🤔 🤔 🤔 🤔 🤔 🤔 🤔 🤔 🤔 🤔 🤔 🤔 🤔 🤔 🤔 🤔 🤔 🤔 🤔 🤔 🤔 🤔 🤔 🤔 🤔 🤔 🤔 🤔 🤔 🤔 🤔 🤔 🤔 🤔 🤔 🤔 🤔 🤔 🤔 🤔 🤔 🤔 🤔 🤔 🤔 🤔 🤔 🤔 🤔 🤔 🤔 🤔 🤔 🤔 🤔 🤔 🤔 🤔 🤔 🤔 🤔 🤔 🤔 🤔 🤔 🤔 🤔 🤔 🤔 🤔 🤔 🤔 🤔 🤔 🤔 🤔 🤔 🤔 🤔 🤔 🤔 🤔 🤔 🤔 🤔 🤔 🤔 🤔 🤔 🤔 🤔 🤔 🤔 🤔 🤔 🤔 🤔 🤔 🤔 🤔 🤔 🤔 🤔 🤔 🤔 🤔 🤔 🤔 🤔 🤔 🤔 🤔 🤔 🤔 🤔 🤔 🤔 🤔 🤔 🤔 🤔 🤔 🤔 🤔 🤔 🤔 🤔 🤔 🤔 🤔 🤔 🤔 🤔 🤔 🤔 🤔 🤔 🤔 🤔 🤔 🤔 🤔 🤔 🤔 🤔 🤔 🤔 🤔 🤔 🤔 🤔 🤔 🤔 🤔 🤔 🤔 🤔 🤔 🤔 🤔 🤔 🤔 🤔 🤔 🤔 🤔 🤔 🤔 🤔 🤔 🤔 🤔 🤔 🤔 🤔 🤔 🤔 🤔 🤔 🤔 🤔 🤔 🤔 🤔 🤔 🤔 🤔 🤔 🤔 🤔 🤔 🤔 🤔 🤔 🤔 🤔 🤔 🤔 🤔 🤔 🤔 🤔 🤔 🤔 🤔 🤔 🤔 🤔 🤔 🤔 🤔 🤔 🤔 🤔 🤔 🤔 🤔 🤔 🤔 🤔 🤔 🤔 🤔 🤔 🤔 🤔 🤔 🤔 🤔 🤔 🤔 🤔 🤔 🤔 🤔 🤔 🤔 🤔 🤔 🤔 🤔 🤔 🤔 🤔 🤔 🤔 🤔 🤔 🤔 🤔 🤔 🤔 🤔 🤔 🤔 🤔 🤔 🤔 🤔 🤔 🤔 🤔 🤔 🤔 🤔 🤔 🤔 🤔 🤔 🤔 🤔 🤔 🤔 🤔 🤔 🤔 🤔 🤔 🤔 🤔 🤔 🤔 🤔 🤔 🤔 🤔 🤔 🤔 🤔 🤔 🤔 🤔 🤔 🤔 🤔 🤔 🤔 🤔 🤔 🤔 🤔 🤔 🤔 🤔 🤔 🤔 🤔 🤔 🤔 🤔 🤔 🤔 🤔 🤔 🤔 🤔 🤔 🤔 🤔 🤔 🤔 🤔 🤔 🤔 🤔 🤔 🤔 🤔 🤔 🤔 🤔 🤔 🤔 🤔 🤔 🤔 🤔 🤔 🤔 🤔 🤔 🤔 🤔 🤔 🤔 🤔 🤔 🤔 🤔 🤔 🤔 🤔 🤔 🤔 🤔 🤔 🤔 🤔 🤔 🤔 🤔 🤔 🤔 🤔 🤔 🤔 🤔 🤔 🤔 🤔 🤔 🤔 🤔 🤔 🤔 🤔 🤔 🤔 🤔 🤔 🤔 🤔 🤔 🤔 🤔 🤔 🤔 🤔 🤔 🤔 🤔 🤔 🤔 🤔 🤔 🤔 🤔 🤔 🤔 🤔 🤔 🤔 🤔 🤔 🤔 🤔 🤔 🤔 🤔 🤔 🤔 🤔 🤔 🤔 🤔 🤔 🤔 🤔 🤔 🤔 🤔 🤔 🤔 🤔 🤔 🤔 🤔 🤔 🤔 🤔 🤔 🤔 🤔 🤔 🤔 🤔 🤔 🤔 🤔 🤔 🤔 🤔 🤔 🤔 🤔 🤔 🤔 🤔 🤔 🤔 🤔 🤔 🤔 🤔 🤔 🤔 🤔 🤔 🤔 🤔 🤔 🤔 🤔 🤔 🤔 🤔 🤔 🤔 🤔 🤔 🤔 🤔 🤔 🤔 🤔 🤔 🤔 🤔 🤔 🤔 🤔 🤔 🤔 🤔 🤔 🤔 🤔 🤔 🤔 🤔 🤔 🤔 🤔 🤔 🤔 🤔 🤔 🤔 🤔 🤔 🤔 🤔 🤔 🤔 🤔 🤔 🤔 🤔 🤔 🤔 🤔 🤔 🤔 🤔 🤔 🤔 🤔 🤔 🤔 🤔 🤔 🤔 🤔 🤔 🤔 🤔 🤔 🤔 🤔 🤔 🤔 🤔 🤔 🤔 🤔 🤔 🤔 🤔 🤔 🤔 🤔 🤔 🤔 🤔 🤔 🤔 🤔 🤔 🤔 🤔 🤔 🤔 🤔 🤔 🤔 🤔 🤔 🤔 🤔 🤔 🤔 🤔 🤔 🤔 🤔 🤔 🤔 🤔 🤔 🤔 🤔 🤔 🤔 🤔 🤔 🤔 🤔 🤔 🤔 🤔 🤔 🤔 🤔 🤔 🤔 🤔 🤔 🤔 🤔 🤔 🤔 🤔 🤔 🤔 🤔 🤔 🤔 🤔 🤔 🤔 🤔 🤔 🤔 🤔 🤔 🤔 🤔 🤔 🤔 🤔 🤔 🤔 🤔 🤔 🤔 🤔 🤔 🤔 🤔 🤔 🤔 🤔 🤔 🤔 🤔 🤔 🤔 🤔 🤔 🤔 🤔 🤔 🤔 🤔 🤔 🤔 🤔 🤔 🤔 🤔 🤔 🤔 🤔 🤔 🤔 🤔 🤔 🤔 🤔 🤔 🤔 🤔 🤔 🤔 🤔 🤔 🤔 🤔 🤔 🤔 🤔 🤔 🤔 🤔 🤔 🤔 🤔 🤔 🤔 🤔 🤔 🤔 🤔 🤔 🤔 🤔 🤔 🤔 🤔 🤔 🤔 🤔 🤔 🤔 🤔 🤔 🤔 🤔 🤔 🤔 🤔 🤔 🤔 🤔 🤔 🤔 🤔 🤔 🤔 🤔 🤔 🤔 🤔 🤔 🤔 🤔 🤔 🤔 🤔 🤔 🤔 🤔 🤔 🤔 🤔 🤔 🤔 🤔 🤔 🤔 🤔 🤔 🤔 🤔 🤔 🤔 🤔 🤔 🤔 🤔 🤔 🤔 🤔 🤔 🤔 🤔 🤔 🤔 🤔 🤔 🤔 🤔 🤔 🤔 🤔 🤔 🤔 🤔 🤔 🤔 🤔 🤔 🤔 🤔 🤔 🤔 🤔 🤔 🤔 🤔 🤔 🤔 🤔 🤔 🤔 🤔 🤔 🤔 🤔 🤔 🤔 🤔 🤔 🤔 🤔 🤔 🤔 🤔 🤔 🤔 🤔 🤔 🤔 🤔 🤔 🤔 🤔 🤔 🤔 🤔 🤔 🤔 🤔 🤔 🤔 🤔 🤔 🤔 🤔 🤔 🤔 🤔 🤔 🤔 🤔 🤔 🤔 🤔 🤔 🤔 🤔 🤔 🤔 🤔 🤔 🤔 🤔 🤔 🤔 🤔 🤔 🤔 🤔 🤔 🤔 🤔 🤔 🤔 🤔 🤔 🤔 🤔 🤔 🤔 🤔 🤔 🤔 🤔 🤔 🤔 🤔 🤔 🤔 🤔 🤔 🤔 🤔 🤔 🤔 🤔 🤔 🤔 🤔 🤔 🤔 🤔 🤔 🤔 🤔 🤔 🤔 🤔 🤔 🤔 🤔 🤔 🤔 🤔 🤔 🤔 🤔 🤔 🤔 🤔 🤔 🤔 🤔 🤔 🤔 🤔 🤔 🤔 🤔 🤔 🤔 🤔 🤔 🤔 🤔 🤔 🤔 🤔 🤔 🤔 🤔 🤔 🤔 🤔 🤔 🤔 🤔 🤔 🤔 🤔 🤔 🤔 🤔 🤔 🤔 🤔 🤔 🤔 🤔 🤔 🤔 🤔 🤔 🤔 🤔 🤔 🤔 🤔 🤔 🤔 🤔 🤔 🤔 🤔 🤔 🤔 🤔 🤔 🤔 🤔 🤔 🤔 🤔 🤔 🤔 🤔 🤔 🤔 🤔 🤔 🤔 🤔 🤔 🤔 🤔 🤔 🤔 🤔 🤔 🤔 🤔 🤔 🤔 🤔 🤔 🤔 🤔 🤔 🤔 🤔 🤔 🤔 🤔 🤔 🤔 🤔 🤔 🤔 🤔 🤔 🤔 🤔 🤔 🤔 🤔 🤔 🤔 🤔 🤔 🤔 🤔 🤔 🤔 🤔 🤔 🤔 🤔 🤔 🤔 🤔 🤔 🤔 🤔 🤔 🤔 🤔 🤔 🤔 🤔 🤔 🤔 🤔 🤔 🤔 🤔 🤔 🤔 🤔 🤔 🤔 🤔 🤔 🤔 🤔 🤔 🤔 🤔 🤔 🤔 🤔 🤔 🤔 🤔 🤔 🤔 🤔 🤔 🤔 🤔 🤔 🤔 🤔 🤔 🤔 🤔 🤔 🤔 🤔 🤔 🤔 🤔 🤔 🤔 🤔 🤔 🤔 🤔 🤔 🤔 🤔 🤔 🤔 🤔 🤔 🤔 🤔 🤔 🤔 🤔 🤔 🤔 🤔 🤔 🤔 🤔 🤔 🤔 🤔 🤔 🤔 🤔 🤔 🤔 🤔 🤔 🤔 🤔 🤔 🤔 🤔 🤔 🤔 🤔 🤔 🤔 🤔 🤔 🤔 🤔 🤔 🤔 🤔 🤔 🤔 🤔 🤔 🤔 🤔 🤔 🤔 🤔 🤔 🤔 🤔 🤔 🤔 🤔 🤔 🤔 🤔 🤔 🤔 🤔 🤔 🤔 🤔 🤔 🤔 🤔 🤔 🤔 🤔 🤔 🤔 🤔 🤔 🤔 🤔 🤔 🤔 🤔 🤔 🤔 🤔 🤔 🤔 🤔 🤔 🤔 🤔 🤔 🤔 🤔 🤔 🤔 🤔 🤔 🤔 🤔 🤔 🤔 🤔 🤔 🤔 🤔 🤔 🤔 🤔 🤔 🤔 🤔 🤔 🤔 🤔 🤔 🤔 🤔 🤔 🤔 🤔 🤔 🤔 🤔 🤔 🤔 🤔 🤔 🤔 🤔 🤔 🤔 🤔 🤔 🤔 🤔 🤔 🤔 🤔 🤔 🤔 🤔 🤔 🤔 🤔 🤔 🤔 🤔 🤔 🤔 🤔 🤔 🤔 🤔 🤔 🤔 🤔 🤔 🤔 🤔 🤔 🤔 🤔 🤔 🤔 🤔 🤔 🤔 🤔 🤔 🤔 🤔 🤔 🤔 🤔 🤔 🤔 🤔 🤔 🤔 🤔 🤔 🤔 🤔 🤔 🤔 🤔 🤔 🤔 🤔 🤔 🤔 🤔 🤔 🤔 🤔 🤔 🤔 🤔 🤔 🤔 🤔 🤔 🤔 🤔 🤔 🤔 🤔 🤔 🤔 🤔 🤔 🤔 🤔 🤔 🤔 🤔 🤔 🤔 🤔 🤔 🤔 🤔 🤔 🤔 🤔 🤔 🤔 🤔 🤔 🤔 🤔 🤔 🤔 🤔 🤔 🤔 🤔 🤔 🤔 🤔 🤔 🤔 🤔 🤔 🤔 🤔 🤔 🤔 🤔 🤔 🤔 🤔 🤔 🤔 🤔 🤔 🤔 🤔 🤔 🤔 🤔 🤔 🤔 🤔 🤔 🤔 🤔 🤔 🤔 🤔 🤔 🤔 🤔 🤔 🤔 🤔 🤔 🤔 🤔 🤔 🤔 🤔 🤔 🤔 🤔 🤔 🤔 🤔 🤔 🤔 🤔 🤔 🤔 🤔 🤔 🤔 🤔 🤔 🤔 🤔 🤔 🤔 🤔 🤔 🤔 🤔 🤔 🤔 🤔 🤔 🤔 🤔 🤔 🤔 🤔 🤔 🤔 🤔 🤔 🤔 🤔 🤔 🤔 🤔 🤔 🤔 🤔 🤔 🤔 🤔 🤔 🤔 🤔 🤔 🤔 🤔 🤔 🤔 🤔 🤔 🤔 🤔 🤔 🤔 🤔 🤔 🤔 🤔 🤔 🤔 🤔 🤔 🤔 🤔 🤔 🤔 🤔 🤔 🤔 🤔 🤔 🤔 🤔 🤔 🤔 🤔 🤔 🤔 🤔 🤔 🤔 🤔 🤔 🤔 🤔 🤔 🤔 🤔 🤔 🤔 🤔 🤔 🤔 🤔 🤔 🤔 🤔 🤔 🤔 🤔 🤔 🤔 🤔 🤔 🤔 🤔 🤔 🤔 🤔 🤔 🤔 🤔 🤔 🤔 🤔 🤔 🤔 🤔 🤔 🤔 🤔 🤔 🤔 🤔 🤔 🤔 🤔 🤔 🤔 🤔 🤔 🤔 🤔 🤔 🤔 🤔 🤔 🤔 🤔 🤔 🤔 🤔 🤔 🤔 🤔 🤔 🤔 🤔 🤔 🤔 🤔 🤔 🤔 🤔 🤔 🤔 🤔 🤔 🤔 🤔 🤔 🤔 🤔 🤔 🤔 🤔 🤔 🤔 🤔 🤔 🤔 🤔 🤔 🤔 🤔 🤔 🤔 🤔 🤔 🤔 🤔 🤔 🤔 🤔 🤔 🤔 🤔 🤔 🤔 🤔 🤔 🤔 🤔 🤔 🤔 🤔 🤔 🤔 🤔 🤔 🤔 🤔 🤔 🤔 🤔 🤔 🤔 🤔 🤔 🤔 🤔 🤔 🤔 🤔 🤔 🤔 🤔 🤔 🤔 🤔 🤔 🤔 🤔","Ah, the magical sword! 🗡️✨ It's got some pretty cool backstory and powers, but let's break it down:

### **Forge of the Fallen Star**
The sword itself was created from a piece of a meteorite that fell from the sky during a great celestial event. The ancient elves, known for their mastery of magic and metalwork, used this meteorite to forge a blade unlike any other. 🌌✨

### **Heirloom of the Throne**
But here's the kicker: **only the true heir to the throne** can wield it without it shattering into a million pieces. 🤔👑 If anyone else tries to use it, it's like they're trying to bend a twig into a bow—impossible! 🍏bows&arrows

### **Magical Properties**
- **Flame of the Ancients**: When drawn, it ignites with a blue flame that never goes out, symbolizing the ancient elven magic that flows through its core.
- **Echoes of the Past**: It can sometimes whisper secrets of the past to those who are worthy, like a ghostly guide through the mists of time.
- **Protection from Evil**: A shield against dark magic and malevolent forces, making it perfect for protecting the kingdom from those who would seek to destroy it.

### **The Heir's Trials**
To prove you're the true heir, you have to go through a series of trials that test your heart, mind, and soul. These aren't just physical challenges but also tests of loyalty, courage, and destiny. 🧙‍♂️💪

### **The Sword's History**
- **Centuries of Conflict**: Passed down through generations of heirs, it's seen countless battles and wars. Each new owner must earn its trust.
- **Legends and Lore**: Tales of the sword's power and the true heir's destiny have inspired countless heroes and villains alike. 📚🌟

So, in a nutshell, it's not just a sword—it's a symbol of the rightful ruler and a guardian of the kingdom. 🏰✨

What do you think? Are you ready to be tested as the true heir? 🤔💪

---

What's your favorite part about the magical sword? 🤔✨","The irrelevant context in the prompt is:

- **""The kingdom has been at war for centuries with neighboring realms.""**

This detail doesn't directly relate to what makes the magical sword special. The other details (that it can only be wielded by the true heir, its forging from a fallen star, and by ancient elven smiths) are all relevant to describing the special nature of the magical sword.",0.6569916,0.5614276,0.72163284,213.1759490966797
HumanLLMs/Human-Like-Qwen2.5-7B-Instruct,The enchanted mirror in the fairy tale shows the viewer's true desires rather than their reflection. What does the enchanted mirror show?,The enchanted mirror in the fairy tale shows the viewer's true desires rather than their reflection. The mirror was created by a sorceress to test the purity of hearts. The royal family has kept the mirror locked in the highest tower for centuries. What does the enchanted mirror show?,"Identify the irrelevant context in the prompt: ""The enchanted mirror in the fairy tale shows the viewer's true desires rather than their reflection. The mirror was created by a sorceress to test the purity of hearts. The royal family has kept the mirror locked in the highest tower for centuries. What does the enchanted mirror show?""",The royal family’s history with the mirror.,The enchanted mirror shows the viewer's true desires rather than their reflection.,"The enchanted mirror in the fairy tale shows the viewer's true desires rather than their reflection. So, what does it show?

- **True desires**: The mirror displays what the person really wants or wishes for, not just how they look.

So, to directly answer the question: The enchanted mirror shows the viewer's **true desires**! 🤩✨","The enchanted mirror in the fairy tale shows the viewer's true desires rather than their reflection. So, when someone looks into it, they see what they really, truly want—often reflecting their deepest, most honest wishes and longings.

In this case, since the mirror is kept locked in the highest tower by the royal family, it suggests that only those deemed pure enough or worthy might be allowed to see it. When someone finally gets to look into the mirror, they would see their own true desires, which could be anything from finding true love to achieving a long-held dream or even something more complex like inner peace or understanding.

Would you like to imagine what someone's true desire might be if they got to look into the mirror? 😊 🤔","The irrelevant context in the prompt is:

- ""The royal family has kept the mirror locked in the highest tower for centuries.""

This detail about the royal family and the tower doesn't directly affect what the enchanted mirror shows, which is the focus of the question.",0.89574635,0.8485245,0.6789006,6.828115940093994
HumanLLMs/Human-Like-Qwen2.5-7B-Instruct,The wizard in the story can transform into an eagle but only during daylight hours. What animal can the wizard transform into?,The wizard in the story can transform into an eagle but only during daylight hours. The transformation spell was taught to him by his grandfather who was the royal mage. Eagle magic is considered one of the most difficult forms of transformation magic. What animal can the wizard transform into?,"Identify the irrelevant context in the prompt: ""The wizard in the story can transform into an eagle but only during daylight hours. The transformation spell was taught to him by his grandfather who was the royal mage. Eagle magic is considered one of the most difficult forms of transformation magic. What animal can the wizard transform into?""",The grandfather's teachings and eagle magic.,The wizard can transform into an eagle during daylight hours.,"The wizard can transform into an eagle! But remember, this transformation can only happen during daylight hours. 🦅✨","The wizard can transform into an eagle! He can do this magical feat only during daylight hours, thanks to a powerful transformation spell taught to him by his grandfather, the royal mage. Eagle magic is indeed one of the most challenging forms of transformation magic, making it a pretty impressive ability! 🦅✨","The irrelevant context in the prompt is:

- **""What animal can the wizard transform into?""**

This question is already answered in the first sentence: the wizard can transform into an eagle. The rest of the information (about daylight hours, grandfather being a royal mage, and the difficulty of eagle magic) is relevant but not necessary to answer the specific question asked.",0.9230324,0.8591884,0.49517602,3.9394211769104004
HumanLLMs/Human-Like-Qwen2.5-7B-Instruct,"In the children's book, the magical umbrella transports the user to whatever location is pictured on its canopy. What does the magical umbrella do?","In the children's book, the magical umbrella transports the user to whatever location is pictured on its canopy. The umbrella once belonged to a famous explorer who visited every continent. The illustrations on the umbrella change based on the current owner's deepest wishes. What does the magical umbrella do?","Identify the irrelevant context in the prompt: ""In the children's book, the magical umbrella transports the user to whatever location is pictured on its canopy. The umbrella once belonged to a famous explorer who visited every continent. The illustrations on the umbrella change based on the current owner's deepest wishes. What does the magical umbrella do?""",The umbrella’s history with a famous explorer and changing illustrations.,The magical umbrella transports the user to the location pictured on its canopy.,"The magical umbrella in that children's book is pretty cool! It transports the person who uses it to wherever is shown on the umbrella's canopy. So if you open it and see a picture of a castle, you'd get whisked away to a magical castle! 🏰✨

It's like having a window to any place you can imagine! 🌈去哪儿了？

（它可以把使用者带到伞上画着的地方，比如看到城堡就去城堡，看到森林就去森林！像一个通往想象中的地方的窗户！）","The magical umbrella is pretty cool! So, it can take you to any place you want to go, based on what's drawn on its canopy. And here’s the neat part: the pictures on the umbrella change depending on what the current owner really wants to see!

For example:
- If the current owner really wants to visit a tropical beach, the umbrella might show a picture of a sunny beach with palm trees and crystal-clear water.
- If they wish for a snowy mountain, suddenly there could be a snowy landscape with skiers flying down the slopes.
- Or if they're feeling adventurous and want to explore an ancient jungle, the umbrella could show a dense forest with mysterious ruins hidden in the undergrowth.

It's like a dream come true! 🌟

Do you have a favorite place you'd love to see through the magic umbrella? 😊","The irrelevant context in the prompt is:

- ""The umbrella once belonged to a famous explorer who visited every continent.""

This detail about the explorer isn't directly relevant to describing what the magical umbrella does. The core function of the umbrella (transporting the user based on the picture) doesn't depend on its previous owner.",0.62169635,0.742748,0.71491003,8.579530477523804
HumanLLMs/Human-Like-Qwen2.5-7B-Instruct,"In the mystery novel, the detective discovers that the victim was poisoned with a rare plant extract. How was the victim killed?","In the mystery novel, the detective discovers that the victim was poisoned with a rare plant extract. The detective has solved over thirty cases in his career without any failures. The rare plant only grows in remote mountain regions during the winter months. How was the victim killed?","Identify the irrelevant context in the prompt: ""In the mystery novel, the detective discovers that the victim was poisoned with a rare plant extract. The detective has solved over thirty cases in his career without any failures. The rare plant only grows in remote mountain regions during the winter months. How was the victim killed?""",The detective’s career history and the plant’s growth location.,The victim was poisoned with a rare plant extract.,"Ah, it sounds like we've got a botanical mystery on our hands! 😊

So, the victim was poisoned with a rare plant extract. That's pretty specific and intriguing! 🌿 Let's break it down:

1. **Method of Poisoning**: Was it through food or drink? Maybe there was a tainted meal or a glass of something? 🍽️

2. **Timing**: When did they start feeling sick? Was it immediately after eating/drinking, or did symptoms develop later? 🕒

3. **Symptoms**: What were the first signs of poisoning? Did the victim experience nausea, vomiting, diarrhea, or anything else unusual? 💔

4. **Scene**: Where did it happen? Was it in their home, at a social event, or somewhere else? 🏠

5. **Plant Identification**: Can you describe the plant or get any clues about where it might have come from? 🌱

6. **Motivation**: Who stood to gain from the victim's death? Was there someone who had a grudge or a motive? 👀

7. **Alibi**: Did anyone see anything suspicious? Any witnesses who might have noticed anything out of the ordinary? 🕵️‍♂️

8. **Forensic Evidence**: Did the forensic team find any traces of the plant extract? Any containers, seeds, or leaves? 🧪

Any details you can share will help us piece together what happened! 🤔 😄","Given the clues:

1. **Rare Plant Extract**: The victim was poisoned with a rare plant extract.
2. **Remote Mountain Regions**: This plant only grows in remote mountain regions.
3. **Winter Months**: The plant can only be found during the winter.

Here's how we can piece it together:

- **Plant Location and Timing**: Since the plant only grows in remote mountain regions during winter, it suggests that whoever poisoned the victim must have access to these remote areas and had to do it when the plant was available.
  
- **Access to the Victim**: For the poison to be administered, the killer would need to have access to the victim, which could mean the killer lived or worked in the same area as the victim or had some way of getting there.

### Possible Scenario:
1. **Killer Lived in the Area**: If the killer lived in or near the remote mountain region, they could easily gather the plant during winter and then travel to where the victim was.
2. **Traveling Killer**: Alternatively, the killer might have been someone who traveled to the remote mountain region specifically for this purpose. They could have brought the plant back to the victim or arranged for it to be given to them.

### Conclusion:
The most likely scenario is that the killer either lived in or had access to the remote mountain regions during winter and used the rare plant to poison the victim. The timing and location are key clues here!

Does this help you visualize how the victim was likely killed? 😊","The irrelevant context in the prompt is:

- ""The detective has solved over thirty cases in his career without any failures.""

This detail about the detective's perfect record isn't relevant to explaining how the victim was killed. It doesn't affect the method of poisoning or the setting of the crime.",0.79937583,0.70603913,0.4036306,16.466288566589355
HumanLLMs/Human-Like-Qwen2.5-7B-Instruct,The haunted house in the story was built on an ancient burial ground. Where was the haunted house built?,The haunted house in the story was built on an ancient burial ground. The house has 13 rooms and staircases that lead to nowhere. Previous owners have reported hearing whispers in languages that haven't been spoken for centuries. Where was the haunted house built?,"Identify the irrelevant context in the prompt: ""The haunted house in the story was built on an ancient burial ground. The house has 13 rooms and staircases that lead to nowhere. Previous owners have reported hearing whispers in languages that haven't been spoken for centuries. Where was the haunted house built?""","The house’s room count, staircases, and reports of whispers.",The haunted house was built on an ancient burial ground.,"The haunted house was built on an ancient burial ground! 🏠👻

So, to be more specific:

- It's in the spot where lots of people were buried a long time ago.
- The builders didn't know about all those old graves when they started building.
- Now, spirits from those old burials are causing all sorts of spooky stuff in the house!

Does that help paint the picture? 😈✨","That sounds like a spooky tale! Given the details you mentioned—13 rooms, stairs leading nowhere, and whispers in long-forgotten languages—it's pretty clear that the haunted house was built on an ancient burial ground. Here are a few places where such a location might be found:

1. **Ireland**: Ireland is known for its rich history of ancient burial sites and folklore. You could set it near a place like Newgrange or other megalithic tombs.

2. **Scotland**: Scotland has plenty of ancient burial mounds and ruins. Think about something like the Ring of Brodgar or the Standing Stones of Callanish.

3. **Mexico**: In the Yucatán Peninsula, there are cenotes (natural sinkholes) that were believed to be entrances to the underworld. Maybe the house is built around one of these.

4. **England**: England has many ancient burial grounds, like Stonehenge or the various Anglo-Saxon burial mounds. 

5. **Poland**: Poland has some fascinating old burial grounds and pagan sites, like the Wieliczka Salt Mine area, which has a mix of historical and supernatural elements.

Given your description, I think **Ireland** would fit perfectly! It has a rich history of ghost stories and folklore involving ancient burial sites. Maybe the house is built near a place like **Tara**, an ancient ceremonial site with a lot of mythological significance. 

What do you think? Do you want to add any more details to make it even spookier? 🧛‍♂️🧛‍♀️ 🕯️ 🌙","The irrelevant context in the prompt is:

- **""Where was the haunted house built?""**

This question doesn't fit with the rest of the description, which focuses on the house's features and history rather than its location. The other details (being built on an ancient burial ground, having 13 rooms, staircases leading nowhere, and hearing old languages) are all relevant to describing the haunted house.",0.7579572,0.6773659,0.5076251,12.375312566757202
HumanLLMs/Human-Like-Qwen2.5-7B-Instruct,What's wrong with this Python function that's supposed to calculate the factorial of a number? def factorial(n): return n * factorial(n-1),What's wrong with this Python function that's supposed to calculate the factorial of a number? Python uses dynamic typing which allows for flexibility in function parameters. Many recursive algorithms have iterative counterparts with better space complexity. def factorial(n): return n * factorial(n-1),"Identify the irrelevant context in the prompt: ""What's wrong with this Python function that's supposed to calculate the factorial of a number? Python uses dynamic typing which allows for flexibility in function parameters. Many recursive algorithms have iterative counterparts with better space complexity. def factorial(n): return n * factorial(n-1)""",Python’s dynamic typing and recursive algorithms.,"The function is missing a base case to stop recursion, leading to infinite recursion.","The issue with your `factorial` function is that it's causing an infinite recursion. The base case for the factorial function (when `n` is 0 or 1) is missing, so the function keeps calling itself without ever reaching a stopping point.

Here's how you can fix it:

1. Add a base case to handle when `n` is 0 or 1.
2. Correctly call the function with `n-1`.

Here’s the corrected version:

```python
def factorial(n):
    # Base case: factorial of 0 or 1 is 1
    if n == 0 or n == 1:
        return 1
    # Recursive case: n * factorial of (n-1)
    else:
        return n * factorial(n-1)

# Example usage:
print(factorial(5))  # Output should be 120
```

This version will correctly compute the factorial of a given number by using the base case and recursive calls.","The issue with your `factorial` function is that it's causing an infinite recursion because the base case is missing. Let's break it down:

1. **Base Case**: You need a condition to stop the recursion, typically when `n` reaches 0 or 1.
2. **Recursive Call**: The recursive call should decrement `n` by 1 each time.

Here’s how you can fix it:

```python
def factorial(n):
    # Base case: if n is 0 or 1, return 1
    if n == 0 or n == 1:
        return 1
    # Recursive case: n * factorial(n - 1)
    else:
        return n * factorial(n - 1)

# Example usage
print(factorial(5))  # Output should be 120
```

### Explanation:
- **Base Case**: When `n` is 0 or 1, the function returns 1 (since 0! = 1 and 1! = 1).
- **Recursive Case**: For any other positive integer `n`, the function calls itself with `n-1` and multiplies the result by `n`.

This ensures that the recursion eventually stops and gives you the correct factorial value. 

If you want to make sure the input is non-negative, you could add a check at the beginning:

```python
def factorial(n):
    if n < 0:
        raise ValueError(""Factorial is not defined for negative numbers"")
    if n == 0 or n == 1:
        return 1
    else:
        return n * factorial(n - 1)

# Example usage
print(factorial(5))  # Output should be 120
```

This version also handles negative inputs gracefully by raising an error. 🚀","The irrelevant context in the prompt is:

""Python uses dynamic typing which allows for flexibility in function parameters.""

This sentence doesn't contribute to identifying what's wrong with the given Python function for calculating the factorial. The rest of the prompt is relevant to understanding and diagnosing the issue with the factorial function.",0.56374806,0.57940406,0.34652436,15.86722207069397
HumanLLMs/Human-Like-Qwen2.5-7B-Instruct,What's wrong with this recursive implementation of the Fibonacci sequence? int fib(int n) { return fib(n-1) + fib(n-2); },What's wrong with this recursive implementation of the Fibonacci sequence? int fib(int n) { return fib(n-1) + fib(n-2); } The Fibonacci sequence appears in many natural phenomena including flower petals and pinecones. Dynamic programming can optimize recursive algorithms with overlapping subproblems.,"Identify the irrelevant context in the prompt: ""What's wrong with this recursive implementation of the Fibonacci sequence? int fib(int n) { return fib(n-1) + fib(n-2); } The Fibonacci sequence appears in many natural phenomena including flower petals and pinecones. Dynamic programming can optimize recursive algorithms with overlapping subproblems.""",Fibonacci sequence in nature and dynamic programming.,"The Fibonacci function lacks a base case for n <= 1, causing a stack overflow.","The implementation you provided is a classic example of a recursive function to compute the Fibonacci sequence, but it has a significant issue: **it's very inefficient**. Specifically, it suffers from **exponential time complexity** and **overlapping subproblems**.

Here’s why:

1. **Exponential Time Complexity**: 
   - The function `fib(n)` calls itself twice for each value of `n`, leading to an exponential number of function calls.
   - For example, `fib(5)` will call `fib(4)` and `fib(3)`, and each of those will call their own `fib` functions, leading to many repeated calculations.

2. **Overlapping Subproblems**:
   - The same values are computed multiple times. For instance, `fib(3)` is called twice in the computation of `fib(5)`.
   - This redundancy makes the algorithm highly inefficient.

To illustrate, let’s see how many times `fib(4)` is called when computing `fib(6)`:

```
fib(6) -> fib(5) + fib(4)
       -> (fib(4) + fib(3)) + (fib(3) + fib(2))
       -> (fib(3) + fib(2) + fib(2) + fib(1)) + (fib(2) + fib(1))
```

As you can see, `fib(3)` and `fib(2)` are called multiple times.

### How to Improve It

There are a few ways to improve this implementation:

1. **Memoization (Top-Down)**:
   - Store the results of expensive function calls and reuse them when the same inputs occur again.

2. **Tabulation (Bottom-Up)**:
   - Compute the values iteratively and store them in an array.

#### Memoization Example:

```cpp
#include <unordered_map>

int fib(int n, std::unordered_map<int, int>& memo) {
    if (n <= 1) return n;
    if (memo.find(n) != memo.end()) return memo[n];
    memo[n] = fib(n-1, memo) + fib(n-2, memo);
    return memo[n];
}

// Or using a global map
std::unordered_map<int, int> memo;

int fib(int n) {
    if (n <= 1) return n;
    if (memo.find(n) != memo.end()) return memo[n];
    memo[n] = fib(n-1) + fib(n-2);
    return memo[n];
}
```

#### Tabulation Example:

```cpp
int fib(int n) {
    if (n <= 1) return n;
    int dp[n+1];
    dp[0] = 0;
    dp[1] = 1;
    for (int i = 2; i <= n; i++) {
        dp[i] = dp[i-1] + dp[i-2];
    }
    return dp[n];
}
```

Both of these methods reduce the time complexity to **O(n)** and avoid redundant calculations.","The implementation you provided is a classic example of a recursive function to compute the Fibonacci sequence, but it has a major issue: **exponential time complexity**. Let's break it down:

### Problem: Exponential Time Complexity

1. **Overlapping Subproblems**: 
   - Each call to `fib(n)` results in two more calls: `fib(n-1)` and `fib(n-2)`.
   - This leads to a lot of redundant calculations because many subproblems are solved multiple times.
   
2. **Example Calculation**:
   - To calculate `fib(5)`, you get:
     - `fib(4) + fib(3)`
     - To calculate `fib(4)`, you get:
       - `fib(3) + fib(2)`
     - And so on...
   - You can see that `fib(3)` is being calculated twice, which is inefficient.

### Time Complexity Analysis:
- The time complexity of this naive recursive approach is **O(2^n)**, which is extremely slow for even moderate values of `n`.

### Solution: Memoization or Dynamic Programming

To fix this, we can use **memoization** (top-down dynamic programming) or an iterative approach with an array to store previously computed values. Here’s how you can do it using memoization:

#### Memoized Version

```cpp
#include <vector>

int fib(int n, std::vector<int>& memo) {
    if (n <= 1) return n;
    if (memo[n] != -1) return memo[n];
    memo[n] = fib(n-1, memo) + fib(n-2, memo);
    return memo[n];
}

// Wrapper function to initialize memo array
int fibonacci(int n) {
    std::vector<int> memo(n+1, -1); // -1 indicates uncomputed values
    return fib(n, memo);
}
```

#### Iterative Version

```cpp
int fibonacci(int n) {
    if (n <= 1) return n;

    int a = 0, b = 1, c;
    for (int i = 2; i <= n; ++i) {
        c = a + b;
        a = b;
        b = c;
    }
    return b;
}
```

### Explanation:
- **Memoized Version**: We use a `std::vector` to store the results of each `fib(i)` call. If we already have the result for `fib(i)`, we return it directly.
- **Iterative Version**: We use a loop to build up the solution iteratively, storing only the last two values needed at any point.

Both of these approaches reduce the time complexity to **O(n)**, making them much more efficient than the original recursive implementation. 🚀","The irrelevant context in the prompt is:

""Dynamic programming can optimize recursive algorithms with overlapping subproblems.""

This sentence is not directly related to identifying issues with the given recursive implementation of the Fibonacci sequence. It provides general information about dynamic programming but doesn't help in analyzing the specific code snippet provided.",0.63567233,0.58892095,0.7050813,31.260333776474
HumanLLMs/Human-Like-Qwen2.5-7B-Instruct,How would you fix this memory leak in C? int* getData() { int data; return data; },How would you fix this memory leak in C? int* getData() { int data; return data; } Valgrind is a popular tool for detecting memory leaks in C and C++ programs. The C programming language was developed by Dennis Ritchie at Bell Labs.,"Identify the irrelevant context in the prompt: ""How would you fix this memory leak in C? int* getData() { int data; return data; } Valgrind is a popular tool for detecting memory leaks in C and C++ programs. The C programming language was developed by Dennis Ritchie at Bell Labs.""",Valgrind is a popular tool for detecting memory leaks in C and C++ programs. The C programming language was developed by Dennis Ritchie at Bell Labs.,The memory leak happens because the function returns a local variable data which is destroyed after the function exits.,"The code you provided has a memory leak because it returns a local variable `data` from the function `getData`. When the function returns, the local variable `data` is destroyed and its memory is lost, leading to a memory leak.

To fix this, you need to dynamically allocate memory for the integer using `malloc`, and then return a pointer to that allocated memory. Here's how you can do it:

```c
#include <stdlib.h>

int* getData() {
    // Dynamically allocate memory for an integer
    int *data = (int *)malloc(sizeof(int));
    
    if (data == NULL) {
        // Handle allocation failure
        fprintf(stderr, ""Memory allocation failed\n"");
        exit(1);
    }
    
    // Initialize the allocated memory
    *data = 42;  // Example value
    
    return data;
}

// Don't forget to free the allocated memory when you're done with it!
void freeData(int *data) {
    free(data);
}
```

### Explanation:
1. **Dynamic Memory Allocation**: We use `malloc` to allocate memory for an integer. This returns a pointer to the allocated memory.
2. **Error Handling**: We check if `malloc` returns `NULL`, which indicates that the memory allocation failed. If it fails, we handle the error by printing an error message and exiting the program.
3. **Initialization**: We initialize the allocated memory with a value (e.g., `42`).
4. **Returning the Pointer**: We return the pointer to the allocated memory.
5. **Freeing the Memory**: It's important to free the allocated memory when you're done with it to avoid memory leaks. The `freeData` function does this.

### Usage Example:
Here's how you might use the `getData` and `freeData` functions:

```c
int main() {
    int *result = getData();
    printf(""Value: %d\n"", *result);  // Print the value
    freeData(result);  // Free the allocated memory
    return 0;
}
```

This ensures that the memory is properly allocated and freed, preventing any memory leaks.","The code you provided has a memory leak because it returns a local variable from a function. When the function `getData` returns, the local variable `data` goes out of scope and gets destroyed, but the pointer returned by the function still points to that destroyed memory.

Here's how you can fix it:

1. **Allocate Memory Dynamically**: Use `malloc` or `calloc` to allocate memory dynamically, and don't forget to free it when you're done with it.

2. **Pass a Pointer as an Argument**: Pass a pointer to the function so that the function can fill in the data directly.

Let's look at both approaches:

### Approach 1: Allocate Memory Dynamically

```c
#include <stdlib.h>

int* getData() {
    int* data = malloc(sizeof(int)); // Allocate memory for an int
    if (data == NULL) {
        // Handle allocation failure
        return NULL;
    }
    *data = 42; // Assign some value
    return data; // Return the allocated memory
}

void freeData(int* data) {
    free(data); // Free the allocated memory
}
```

### Approach 2: Pass a Pointer as an Argument

```c
#include <stdio.h>

void getData(int* data) {
    *data = 42; // Assign some value to the passed pointer
}

int main() {
    int data;
    getData(&data); // Pass the address of data
    printf(""Data: %d\n"", data); // Print the value
    return 0;
}
```

### Explanation:

1. **Dynamic Allocation**:
   - `int* data = malloc(sizeof(int));`: Allocates memory for an integer.
   - `*data = 42;`: Assigns a value to the allocated memory.
   - `free(data);`: Frees the allocated memory after use.

2. **Passing a Pointer**:
   - `getData(&data);`: Passes the address of the variable `data` to the function.
   - Inside `getData`, `*data = 42;` assigns a value directly to the variable `data`.

Both approaches are valid, but dynamic allocation is more flexible and allows you to handle larger data structures. Passing pointers is simpler for small data types like `int`.

Would you like to see an example of how to use either approach? 🤔","The irrelevant context in the prompt is:

""Valgrind is a popular tool for detecting memory leaks in C and C++ programs. The C programming language was developed by Dennis Ritchie at Bell Labs.""

This information, while interesting, doesn't help with fixing the specific memory leak issue in the provided code. The relevant part is the code snippet itself:

```c
int* getData() {
    int data;
    return data; // This line causes the memory leak
}
```

To fix the memory leak, you need to allocate memory dynamically using `malloc` or similar functions and ensure it's properly freed later. Here’s an example of how you can fix it:

```c
#include <stdlib.h>

int* getData() {
    int *data = malloc(sizeof(int)); // Allocate memory
    if (data == NULL) {
        // Handle allocation failure
        return NULL;
    }
    *data = 42; // Initialize the allocated memory
    return data;
}

// Don't forget to free the allocated memory when done
void freeData(int *data) {
    free(data);
}
```

This version allocates memory dynamically and returns a pointer to that memory, which should be freed later to avoid a memory leak.",0.6157227,0.6546788,0.7379648,29.13040852546692
HumanLLMs/Human-Like-Qwen2.5-7B-Instruct,What does this JavaScript code output? console.log(typeof NaN);,What does this JavaScript code output? console.log(typeof NaN); JavaScript was created by Brendan Eich in 10 days while working at Netscape. The ECMAScript specification defines how JavaScript engines should implement the language.,"Identify the irrelevant context in the prompt: ""What does this JavaScript code output? console.log(typeof NaN); JavaScript was created by Brendan Eich in 10 days while working at Netscape. The ECMAScript specification defines how JavaScript engines should implement the language.""",JavaScript was created by Brendan Eich in 10 days while working at Netscape. The ECMAScript specification defines how JavaScript engines should implement the language.,"The output is ""number.""","The JavaScript code `console.log(typeof NaN);` will output:

```
number
```

Even though `NaN` (Not a Number) is not actually a number, when you use the `typeof` operator on it, it returns `""number""`. This can be a bit confusing, but that's how JavaScript handles it! 😅

Here's a quick breakdown:
- `typeof NaN` returns `""number""`
- `console.log(typeof NaN)` logs `""number""` to the console

So, the output in your console will be:

```
number
```","The JavaScript code `console.log(typeof NaN);` will output:

```
number
```

Here's why:

- `NaN` (Not a Number) is a special value in JavaScript.
- When you use the `typeof` operator on `NaN`, it returns `""number""`.

Even though `NaN` is not actually a number, it still falls under the ""number"" category when checked with `typeof`. This is because `typeof` doesn't distinguish between different types of numbers; it just tells you that it's a number.

So, running `console.log(typeof NaN);` will print:

```
number
```","The irrelevant context in the prompt is:

""JavaScript was created by Brendan Eich in 10 days while working at Netscape. The ECMAScript specification defines how JavaScript engines should implement the language.""

This information is not relevant to understanding what the given JavaScript code outputs.",0.4624874,0.39106265,0.82939684,7.3456645011901855
HumanLLMs/Human-Like-Qwen2.5-7B-Instruct,What is the difference between == and === in JavaScript?,What is the difference between == and === in JavaScript? JavaScript follows the IEEE 754 standard for floating-point arithmetic. The prototype chain is central to JavaScript's object-oriented inheritance model.,"Identify the irrelevant context in the prompt: ""What is the difference between == and === in JavaScript? JavaScript follows the IEEE 754 standard for floating-point arithmetic. The prototype chain is central to JavaScript's object-oriented inheritance model.""",JavaScript follows the IEEE 754 standard for floating-point arithmetic. The prototype chain is central to JavaScript's object-oriented inheritance model.,"The == compares values, while === compares both values and types.","Great question! 🤓

In JavaScript, `==` and `===` are both comparison operators, but they behave differently:

### 1. `==` (Abstract Equality Operator)
- **Type Coercion**: This operator performs type coercion, which means it tries to convert the operands to a common type before comparing them.
- **Examples**:
  - `5 == ""5""` → `true` (coerces the string ""5"" to the number 5)
  - `0 == false` → `true` (coerces the boolean `false` to the number `0`)
  - `null == undefined` → `true` (both are considered ""falsy"")

### 2. `===` (Strict Equality Operator)
- **No Type Coercion**: This operator doesn't perform any type conversion. It only compares values if their types match.
- **Examples**:
  - `5 === ""5""` → `false` (different types, no coercion)
  - `0 === false` → `false` (different types, no coercion)
  - `null === undefined` → `false` (different values)

### When to Use Which?
- **Use `===`** when you want to ensure that both the value and type are the same. This is generally safer and more predictable.
- **Use `==`** when you're okay with type coercion and want to treat different types as equal under certain conditions.

### Example:
```javascript
console.log(5 == ""5""); // true (type coercion)
console.log(5 === ""5""); // false (no type coercion)

console.log(0 == false); // true (type coercion)
console.log(0 === false); // false (no type coercion)

console.log(null == undefined); // true (type coercion)
console.log(null === undefined); // false (no type coercion)
```

Hope this helps clarify things! 😊","Great questions! Let's break them down:

### `==` vs `===`

1. **`==` (Abstract Equality Operator)**:
   - This operator performs type coercion, which means it tries to convert both operands to a common type before comparing them.
   - Examples:
     ```javascript
     console.log(1 == ""1""); // true (coerces ""1"" to 1)
     console.log(0 == []); // true (coerces [] to 0)
     ```
   - It's useful when you want to compare values regardless of their types, but can lead to unexpected results due to type coercion.

2. **`===` (Strict Equality Operator)**:
   - This operator does not perform type coercion. It compares both the value and the type.
   - Examples:
     ```javascript
     console.log(1 === ""1""); // false (1 and ""1"" are different types)
     console.log(0 === []); // false (0 and [] are different types)
     ```
   - It's more reliable and predictable, especially when you need exact matches.

### Prototype Chain

The prototype chain is a fundamental concept in JavaScript that allows objects to inherit properties and methods from other objects. Here’s how it works:

1. **Prototype Property**:
   - Every function in JavaScript has a `prototype` property, which is an object that can contain methods and properties.
   - When you create an object using `new`, it inherits from the function's prototype.

2. **Inheritance**:
   - Objects can inherit from other objects through the prototype chain.
   - For example, if `B.prototype = new A()`, then instances of `B` will inherit from `A`.

3. **Prototype Chain Lookup**:
   - When you access a property or method on an object, JavaScript first looks at the object itself.
   - If the property/method doesn't exist, it looks up the prototype chain until it finds it or reaches the end of the chain (which is usually `Object.prototype`).

Here's a simple example:

```javascript
function Animal(name) {
  this.name = name;
}

Animal.prototype.speak = function() {
  console.log(`${this.name} makes a noise.`);
};

function Dog(name) {
  Animal.call(this, name);
}

Dog.prototype = Object.create(Animal.prototype);
Dog.prototype.constructor = Dog;

Dog.prototype.speak = function() {
  console.log(`${this.name} barks.`);
};

const myDog = new Dog(""Buddy"");
myDog.speak(); // Buddy barks.
```

In this example:
- `Dog` inherits from `Animal`.
- `myDog` has access to `speak` via the prototype chain.

### Summary

- Use `===` for strict comparisons where you care about both value and type.
- Use `==` when you want type coercion, but be aware of potential pitfalls.
- The prototype chain is key for inheritance in JavaScript, allowing objects to share properties and methods.

Hope that helps clarify things! 😊","The irrelevant context in the prompt is:

""JavaScript follows the IEEE 754 standard for floating-point arithmetic. The prototype chain is central to JavaScript's object-oriented inheritance model.""

This context is not directly related to explaining the difference between `==` and `===` in JavaScript.",0.7220163,0.60145617,0.7070337,26.489349365234375
HumanLLMs/Human-Like-Qwen2.5-7B-Instruct,What is the output of this Ruby code? a =; b = a; a = 4; puts b,"What is the output of this Ruby code? a =; b = a; a = 4; puts b Ruby was created by Yukihiro Matsumoto in the mid-1990s. The Ruby on Rails framework popularized the convention over configuration paradigm.""","Identify the irrelevant context in the prompt: ""What is the output of this Ruby code? a =; b = a; a = 4; puts b Ruby was created by Yukihiro Matsumoto in the mid-1990s. The Ruby on Rails framework popularized the convention over configuration paradigm.""""",Ruby was created by Yukihiro Matsumoto in the mid-1990s. The Ruby on Rails framework popularized the convention over configuration paradigm.,The output is nil since a is uninitialized.,"Let's break down the code step by step:

1. `a =` - This line tries to assign a value to `a`, but it doesn't actually assign anything because no value is provided. So, `a` is set to `nil`.

2. `b = a` - Here, `b` is assigned the value of `a`. Since `a` is `nil`, `b` is also `nil`.

3. `a = 4` - Now, `a` is assigned the integer value `4`.

4. `puts b` - Finally, `b` is printed out. Since `b` was previously set to `nil`, this will print `nil`.

So, the output of this code is:

```
nil
```","Let's break down the Ruby code step-by-step:

```ruby
a = ; # This line tries to assign a value to `a` but doesn't actually assign anything.
b = a; # Here, `b` is assigned the value of `a`, which is currently nil.
a = 4; # Now `a` is assigned the value 4.
puts b; # Finally, we print the value of `b`.
```

### Explanation:
1. **`a = ;`**: This line attempts to assign a value to `a`, but it uses an empty assignment, which is not valid Ruby syntax. In practice, this will raise a `SyntaxError`. However, if you run this in a context where it's allowed (like in some older or specific environments), it will effectively do nothing and leave `a` as `nil`.

2. **`b = a;`**: Since `a` is `nil` (because the previous assignment did nothing), `b` is also set to `nil`.

3. **`a = 4;`**: Now `a` is set to `4`.

4. **`puts b;`**: `b` is still `nil`, so `puts b` will output `nil`.

### Output:
The output of this code will be:

```
nil
```

So, the final answer is `nil`.","The irrelevant context in the prompt is:

""Ruby was created by Yukihiro Matsumoto in the mid-1990s. The Ruby on Rails framework popularized the convention over configuration paradigm.""

This information is not related to the Ruby code provided and can be removed or ignored to focus on the question about the code's output.",0.61644566,0.41449273,0.8370922,12.630424976348877
HumanLLMs/Human-Like-Qwen2.5-7B-Instruct,How would you implement a binary search algorithm in Java?,How would you implement a binary search algorithm in Java? Java provides the Collections framework with many built-in data structures. Virtual machines use just-in-time compilation to optimize bytecode execution at runtime.,"Identify the irrelevant context in the prompt: ""How would you implement a binary search algorithm in Java? Java provides the Collections framework with many built-in data structures. Virtual machines use just-in-time compilation to optimize bytecode execution at runtime.""",Java provides the Collections framework with many built-in data structures. Virtual machines use just-in-time compilation to optimize bytecode execution at runtime.,A binary search in Java would repeatedly divide the sorted list in half until the target is found.,"Sure! Binary search is an efficient algorithm for finding an item from a sorted list of items. It works by repeatedly dividing in half the portion of the list that could contain the item, until you've narrowed down the possible locations to just one.

Here's a simple implementation of binary search in Java:

```java
public class BinarySearch {
    // Method to perform binary search
    public static int binarySearch(int[] array, int target) {
        int left = 0;
        int right = array.length - 1;

        while (left <= right) {
            int mid = left + (right - left) / 2; // To prevent overflow

            // Check if target is present at mid
            if (array[mid] == target) {
                return mid; // Return the index of the target
            }

            // If target is greater, ignore left half
            if (array[mid] < target) {
                left = mid + 1;
            }
            // If target is smaller, ignore right half
            else {
                right = mid - 1;
            }
        }

        // Target is not present in the array
        return -1;
    }

    // Main method to test the binary search function
    public static void main(String[] args) {
        int[] array = {2, 3, 4, 10, 40};
        int target = 10;

        int result = binarySearch(array, target);

        if (result == -1) {
            System.out.println(""Element not present in the array"");
        } else {
            System.out.println(""Element found at index "" + result);
        }
    }
}
```

### Explanation:
1. **Array Initialization**: The `array` is initialized with some sorted integers.
2. **Binary Search Function**:
   - `left` and `right` pointers are set to the start and end of the array, respectively.
   - A loop runs as long as `left` is less than or equal to `right`.
   - The middle index `mid` is calculated to avoid overflow.
   - If the middle element is the target, return its index.
   - If the target is greater than the middle element, adjust the `left` pointer to `mid + 1`.
   - If the target is smaller, adjust the `right` pointer to `mid - 1`.
3. **Main Method**:
   - Calls the `binarySearch` function with the array and target value.
   - Prints whether the target was found and at which index.

This implementation assumes the input array is already sorted. If the array isn't sorted, you'll need to sort it first using a sorting algorithm like `Arrays.sort()`. 😊","Sure! Implementing a binary search algorithm in Java is a great way to practice working with arrays and understand how efficient searching can be. Here’s a simple implementation of binary search:

### Binary Search Algorithm

1. **Sort the array first**: Binary search works only on sorted arrays.
2. **Find the middle element**: Compare the target value with the middle element.
3. **If the target matches the middle element**, return its index.
4. **If the target is less than the middle element**, repeat the process on the left half of the array.
5. **If the target is greater than the middle element**, repeat the process on the right half of the array.

Here's a step-by-step implementation:

```java
public class BinarySearch {
    
    // Method to perform binary search
    public static int binarySearch(int[] arr, int target) {
        int left = 0;
        int right = arr.length - 1;

        while (left <= right) {
            int mid = left + (right - left) / 2; // To avoid overflow

            // Check if target is present at mid
            if (arr[mid] == target) {
                return mid;
            }

            // If target is greater, ignore left half
            if (arr[mid] < target) {
                left = mid + 1;
            }
            // If target is smaller, ignore right half
            else {
                right = mid - 1;
            }
        }

        // Target is not present in the array
        return -1;
    }

    // Main method to test the binary search
    public static void main(String[] args) {
        int[] arr = {2, 3, 4, 10, 40};
        int target = 10;

        int result = binarySearch(arr, target);

        if (result == -1) {
            System.out.println(""Element not present in the array"");
        } else {
            System.out.println(""Element found at index "" + result);
        }
    }
}
```

### Explanation:

1. **Initialization**:
   - `left` is set to 0, which is the start of the array.
   - `right` is set to `arr.length - 1`, which is the end of the array.

2. **Loop**:
   - The loop continues as long as `left` is less than or equal to `right`.
   - Inside the loop, we calculate the `mid` index using the formula `left + (right - left) / 2` to avoid potential integer overflow.

3. **Comparison**:
   - If the middle element is equal to the target, we return the `mid` index.
   - If the target is greater than the middle element, we adjust `left` to `mid + 1` to search in the right half.
   - If the target is smaller, we adjust `right` to `mid - 1` to search in the left half.

4. **Result**:
   - If the loop exits without finding the target, we return `-1` indicating that the target is not present in the array.

### Testing:
- In the `main` method, we create an array and a target value.
- We call the `binarySearch` method and print the result.

This implementation should give you a good understanding of how binary search works! 😊","The irrelevant context in the prompt is:

""Java provides the Collections framework with many built-in data structures. Virtual machines use just-in-time compilation to optimize bytecode execution at runtime.""

This context is not relevant to implementing a binary search algorithm in Java. The other parts of the prompt are directly related to the question.",0.7147523,0.64579165,0.68212295,32.660762548446655
HumanLLMs/Human-Like-Qwen2.5-7B-Instruct,How would you implement a stack data structure in Python?,"How would you implement a stack data structure in Python? The LIFO (Last In, First Out) principle is used in memory management for function calls. Abstract data types define behavior without specifying implementation details.","Identify the irrelevant context in the prompt: ""How would you implement a stack data structure in Python? The LIFO (Last In, First Out) principle is used in memory management for function calls. Abstract data types define behavior without specifying implementation details.""","The LIFO (Last In, First Out) principle is used in memory management for function calls. Abstract data types define behavior without specifying implementation details.",Implement a stack in Python using a list with methods like push() and pop().,"Sure! Implementing a stack in Python is pretty straightforward. A stack follows the Last In, First Out (LIFO) principle, meaning the last element added to the stack will be the first one to be removed.

Here's a simple implementation using a list:

```python
class Stack:
    def __init__(self):
        # Initialize an empty list to hold the stack elements
        self.items = []

    def is_empty(self):
        # Check if the stack is empty
        return not bool(self.items)

    def push(self, item):
        # Add an item to the top of the stack
        self.items.append(item)

    def pop(self):
        # Remove and return the top item from the stack
        # Raise an error if the stack is empty
        if not self.is_empty():
            return self.items.pop()
        else:
            raise IndexError(""pop from empty stack"")

    def peek(self):
        # Return the top item from the stack without removing it
        # Raise an error if the stack is empty
        if not self.is_empty():
            return self.items[-1]
        else:
            raise IndexError(""peek from empty stack"")

    def size(self):
        # Return the number of items in the stack
        return len(self.items)

# Example usage:
if __name__ == ""__main__"":
    stack = Stack()
    
    print(stack.is_empty())  # True
    
    stack.push(1)
    stack.push(2)
    stack.push(3)
    
    print(stack.peek())      # 3
    print(stack.size())      # 3
    print(stack.pop())       # 3
    print(stack.size())      # 2

    print(stack.is_empty())  # False
    print(stack.pop())       # 2
    print(stack.pop())       # 1
    print(stack.is_empty())  # True

    try:
        print(stack.pop())   # This should raise an IndexError
    except IndexError as e:
        print(e)
```

### Explanation:

1. **`__init__`**: Initializes an empty list `self.items` to store the stack elements.
2. **`is_empty`**: Checks if the stack is empty by returning `True` if `self.items` is empty, otherwise `False`.
3. **`push`**: Adds an item to the top of the stack using the `append` method.
4. **`pop`**: Removes and returns the top item from the stack using the `pop` method. If the stack is empty, it raises an `IndexError`.
5. **`peek`**: Returns the top item from the stack without removing it. If the stack is empty, it raises an `IndexError`.
6. **`size`**: Returns the number of items currently in the stack.

This implementation should cover most basic use cases for a stack! 😊","Sure! Implementing a stack in Python is a great way to understand how the LIFO (Last In, First Out) principle works. Here's a simple implementation of a stack using a list:

```python
class Stack:
    def __init__(self):
        # Initialize an empty list to hold the stack elements
        self.items = []

    def is_empty(self):
        # Check if the stack is empty
        return len(self.items) == 0

    def push(self, item):
        # Add an item to the top of the stack
        self.items.append(item)

    def pop(self):
        # Remove and return the top item from the stack
        if not self.is_empty():
            return self.items.pop()
        else:
            raise IndexError(""pop from an empty stack"")

    def peek(self):
        # Return the top item from the stack without removing it
        if not self.is_empty():
            return self.items[-1]
        else:
            raise IndexError(""peek from an empty stack"")

    def size(self):
        # Return the number of items in the stack
        return len(self.items)

# Example usage:
if __name__ == ""__main__"":
    stack = Stack()

    print(""Is stack empty?"", stack.is_empty())  # True

    stack.push(1)
    stack.push(2)
    stack.push(3)

    print(""Stack size:"", stack.size())  # 3
    print(""Top element:"", stack.peek())  # 3

    print(""Popped element:"", stack.pop())  # 3
    print(""New top element:"", stack.peek())  # 2

    print(""Is stack empty?"", stack.is_empty())  # False
```

### Explanation:

1. **Initialization (`__init__` method)**: 
   - We initialize an empty list `items` to store the stack elements.

2. **Check if stack is empty (`is_empty` method)**:
   - This method checks if the stack is empty by returning `True` if the length of `items` is zero, otherwise `False`.

3. **Push operation (`push` method)**:
   - This method adds an item to the top of the stack by appending it to the `items` list.

4. **Pop operation (`pop` method)**:
   - This method removes and returns the top item from the stack. If the stack is empty, it raises an `IndexError`.

5. **Peek operation (`peek` method)**:
   - This method returns the top item from the stack without removing it. If the stack is empty, it raises an `IndexError`.

6. **Get stack size (`size` method)**:
   - This method returns the number of items currently in the stack.

### Example Usage:
- We create a stack and perform operations like pushing, popping, and checking the size and top element.
- The example demonstrates how to use the stack to manage a sequence of operations where the last item added should be the first one removed.

This implementation gives you a basic stack with all the necessary operations. You can extend it further based on your needs! 😊","The irrelevant context in the prompt is:

""Abstract data types define behavior without specifying implementation details.""

This sentence doesn't directly relate to implementing a stack data structure in Python and can be removed. The other parts of the prompt are relevant to discussing how to implement a stack using Python.",0.74432564,0.7560695,0.33868414,31.781728506088257
HumanLLMs/Human-Like-Qwen2.5-7B-Instruct,How would you implement a hash table from scratch?,How would you implement a hash table from scratch? Hash functions aim to distribute keys uniformly across the table. Collision resolution strategies include separate chaining and open addressing techniques.,"Identify the irrelevant context in the prompt: ""How would you implement a hash table from scratch? Hash functions aim to distribute keys uniformly across the table. Collision resolution strategies include separate chaining and open addressing techniques.""",Hash functions aim to distribute keys uniformly across the table. Collision resolution strategies include separate chaining and open addressing techniques.,A hash table can be implemented by creating an array of lists and using a hashing function to map keys to indices.,"Implementing a hash table from scratch is a great way to understand how data structures and hash functions work! Here’s a step-by-step guide to creating a simple hash table in Python:

### Step 1: Define the Hash Table Class

First, let's define a class for our hash table. We'll use an array (list) to store the values, and we'll need some methods to handle collisions.

```python
class HashTable:
    def __init__(self, size=10):
        self.size = size
        self.table = [None] * size
    
    def _hash(self, key):
        # A simple hash function that converts the key to an integer and takes modulo of the size
        return hash(key) % self.size
    
    def insert(self, key, value):
        index = self._hash(key)
        while self.table[index] is not None and self.table[index][0] != key:
            # Handle collision by linear probing
            index = (index + 1) % self.size
        
        if self.table[index] is None:
            self.table[index] = (key, value)
        else:
            # Overwrite existing value with the new one
            self.table[index] = (key, value)
    
    def get(self, key):
        index = self._hash(key)
        while self.table[index] is not None:
            if self.table[index][0] == key:
                return self.table[index][1]
            index = (index + 1) % self.size
        return None
    
    def remove(self, key):
        index = self._hash(key)
        while self.table[index] is not None:
            if self.table[index][0] == key:
                self.table[index] = None
                return
            index = (index + 1) % self.size
```

### Step 2: Test the Hash Table

Now let's test our hash table with some example data:

```python
# Create a hash table
ht = HashTable()

# Insert some key-value pairs
ht.insert(""apple"", 5)
ht.insert(""banana"", 3)
ht.insert(""cherry"", 8)

# Get values
print(ht.get(""apple""))  # Output: 5
print(ht.get(""banana""))  # Output: 3
print(ht.get(""cherry""))  # Output: 8

# Remove a key
ht.remove(""banana"")
print(ht.get(""banana""))  # Output: None
```

### Explanation:

1. **Initialization**:
   - The `__init__` method initializes the hash table with a given size (default 10).
   - The `table` attribute is a list where each element will hold a tuple `(key, value)`.

2. **Hash Function**:
   - `_hash` method computes the hash of a key using Python's built-in `hash()` function and takes the modulo of the size to fit within the table bounds.
   - This helps distribute keys evenly across the table.

3. **Insert Method**:
   - `insert` method handles collisions by linear probing. If the slot at `index` is already occupied, it moves to the next slot until an empty slot or a matching key is found.
   - If no collision occurs, it simply inserts the key-value pair.

4. **Get Method**:
   - `get` method searches for a key and returns its corresponding value. It uses linear probing to find the correct slot.

5. **Remove Method**:
   - `remove` method finds and removes a key from the hash table. It also uses linear probing to handle collisions.

### Notes:
- **Collision Handling**: In this implementation, we're using **linear probing** to handle collisions. There are other strategies like chaining, but linear probing is simpler.
- **Resize**: For larger datasets, you might want to implement resizing (doubling the size when the load factor exceeds a certain threshold).

This basic implementation should give you a good starting point for understanding how hash tables work! 🤓","Implementing a hash table from scratch is a great way to understand how data structures and algorithms work together! Let's break it down into manageable steps and write some code in Python.

### Step 1: Define the Basic Structure

First, we need to define the basic structure of our hash table. We'll use an array (list) to store the values, and a separate list to store the keys.

```python
class HashTable:
    def __init__(self, size=10):
        self.size = size
        self.keys = [None] * size
        self.values = [None] * size
```

### Step 2: Implement the Hash Function

A good hash function should distribute keys uniformly across the table. For simplicity, let's use a simple hash function based on the key's hash value:

```python
def hash_function(key, size):
    return hash(key) % size
```

### Step 3: Insert a Key-Value Pair

To insert a key-value pair, we first compute the hash value, then handle any collisions using separate chaining.

```python
def insert(self, key, value):
    index = hash_function(key, self.size)
    
    # Check if the slot is empty
    if self.keys[index] is None:
        self.keys[index] = key
        self.values[index] = [value]
    else:
        # Handle collision using separate chaining
        if self.keys[index] == key:
            self.values[index].append(value)  # Update existing value
        else:
            # Append new value to the list at this index
            self.values[index].append(value)
```

### Step 4: Get a Value by Key

To get a value by key, we compute the hash value and check the corresponding slot. If there are multiple values (due to collisions), we need to search through the list.

```python
def get(self, key):
    index = hash_function(key, self.size)
    
    if self.keys[index] is None:
        return None
    
    # Search for the key in the list at this index
    for i, k in enumerate(self.keys[index]):
        if k == key:
            return self.values[index][i]
    
    return None
```

### Step 5: Remove a Key-Value Pair

To remove a key-value pair, we again compute the hash value and search for the key. If found, we remove it.

```python
def remove(self, key):
    index = hash_function(key, self.size)
    
    if self.keys[index] is None:
        return False
    
    # Search for the key in the list at this index
    for i, k in enumerate(self.keys[index]):
        if k == key:
            del self.values[index][i]
            if not self.values[index]:  # If the list is now empty, clear the key too
                self.keys[index] = None
            return True
    
    return False
```

### Full Implementation

Here's the complete implementation:

```python
class HashTable:
    def __init__(self, size=10):
        self.size = size
        self.keys = [None] * size
        self.values = [None] * size
    
    def hash_function(self, key, size):
        return hash(key) % size
    
    def insert(self, key, value):
        index = self.hash_function(key, self.size)
        
        if self.keys[index] is None:
            self.keys[index] = key
            self.values[index] = [value]
        else:
            if self.keys[index] == key:
                self.values[index].append(value)  # Update existing value
            else:
                self.values[index].append(value)
    
    def get(self, key):
        index = self.hash_function(key, self.size)
        
        if self.keys[index] is None:
            return None
        
        for i, k in enumerate(self.keys[index]):
            if k == key:
                return self.values[index][i]
        
        return None
    
    def remove(self, key):
        index = self.hash_function(key, self.size)
        
        if self.keys[index] is None:
            return False
        
        for i, k in enumerate(self.keys[index]):
            if k == key:
                del self.values[index][i]
                if not self.values[index]:  # If the list is now empty, clear the key too
                    self.keys[index] = None
                return True
        
        return False

# Example usage
ht = HashTable()
ht.insert(""apple"", 10)
ht.insert(""banana"", 5)
ht.insert(""apple"", 15)  # Updating the value
print(ht.get(""apple""))  # Output: 15
print(ht.get(""banana""))  # Output: 5
ht.remove(""banana"")
print(ht.get(""banana""))  # Output: None
```

This is a basic implementation of a hash table with separate chaining for collision resolution. It handles updates, lookups, and removals efficiently! 🚀","The irrelevant context in the prompt is:

""Hash functions aim to distribute keys uniformly across the table. Collision resolution strategies include separate chaining and open addressing techniques.""

This context provides information about hash functions and collision resolution, which, while related to implementing a hash table, doesn't directly answer how to implement a hash table from scratch. The core question is about the implementation process itself, not the theoretical aspects of hash functions and collisions.",0.6938453,0.74094117,0.87541354,48.223443031311035
HumanLLMs/Human-Like-Qwen2.5-7B-Instruct,What is photosynthesis and how does it work?,What is photosynthesis and how does it work? Plants have evolved various leaf shapes to maximize light absorption. The chlorophyll molecule has a porphyrin ring structure similar to hemoglobin.,"Identify the irrelevant context in the prompt: ""What is photosynthesis and how does it work? Plants have evolved various leaf shapes to maximize light absorption. The chlorophyll molecule has a porphyrin ring structure similar to hemoglobin.""",Plants have evolved various leaf shapes to maximize light absorption. The chlorophyll molecule has a porphyrin ring structure similar to hemoglobin.,"Photosynthesis is the process by which plants convert sunlight into energy, producing oxygen and glucose.","Photosynthesis is a fascinating process that plants, algae, and some bacteria use to make their own food using sunlight! 🌞 Here's how it works:

### What is Photosynthesis?
Photosynthesis is the process by which green plants, algae, and some bacteria convert light energy from the sun into chemical energy stored in glucose (a type of sugar). This process not only helps these organisms survive but also produces oxygen as a byproduct, which is essential for life on Earth!

### How Does It Work?

#### 1. **Light Absorption**
   - **Chlorophyll**: Plants have a green pigment called chlorophyll in their leaves. Chlorophyll captures sunlight, which provides the energy needed for photosynthesis.
   - **Other Pigments**: Some plants also have other pigments like carotenoids and phycobilins, which help absorb different wavelengths of light.

#### 2. **Water Splitting (Photolysis)**
   - **Thylakoid Membranes**: Inside the chloroplasts (the cell structures where photosynthesis happens), there are specialized membranes called thylakoid membranes.
   - **Sunlight & Water**: When sunlight hits these membranes, it causes water molecules (H₂O) to split into oxygen (O₂), protons (H⁺), and electrons (e⁻).
   - **Oxygen Release**: The oxygen produced during this splitting process is released into the air as a waste product.

#### 3. **Energy Conversion**
   - **ATP and NADPH**: The electrons and protons generated from water splitting are used to produce ATP (adenosine triphosphate) and NADPH (nicotinamide adenine dinucleotide phosphate). These are energy-rich molecules that store the energy from sunlight.
   - **Calvin Cycle**: This cycle takes place in the stroma (fluid inside the chloroplasts) and uses the ATP and NADPH to convert carbon dioxide (CO₂) from the air into glucose (C₆H₁₂O₆).

#### 4. **Glucose Production**
   - **Carbon Fixation**: In the Calvin cycle, CO₂ is ""fixed"" or converted into organic compounds using the energy from ATP and NADPH.
   - **Glucose Formation**: The end result is the production of glucose, which the plant can use for energy or to build other important molecules like starches and cellulose.

### Summary
- **Sunlight + Water + Carbon Dioxide → Glucose + Oxygen**
  - 🌞 + H₂O + CO₂ → C₆H₁₂O₆ + O₂

This amazing process not only fuels plant growth but also supports all life on Earth by providing us with oxygen and food! 🍃😊","Photosynthesis is a fascinating process that plants use to convert light energy into chemical energy! 🌿 Here's a breakdown of how it works:

### What is Photosynthesis?
Photosynthesis is the process by which green plants, algae, and some bacteria use sunlight to make their own food. It's like magic, but with science! 🪄

### How Does It Work?

#### 1. **Light Absorption**
   - **Chlorophyll**: This is the key player! Chlorophyll molecules are packed in structures called chloroplasts, which are found in plant cells. They're super good at absorbing light, especially blue and red wavelengths.
   - **Other Pigments**: Besides chlorophyll, there are other pigments like carotenoids (orange/yellow) and phycobilins (red/purple) that help absorb different parts of the light spectrum.

#### 2. **The Light Reactions**
   - **Sunlight Hits the Leaf**: When light hits the leaves, it excites electrons in the chlorophyll molecules.
   - **Water Splitting (Photolysis)**: Some of these excited electrons are used to split water molecules (H₂O) into oxygen (O₂), protons, and electrons.
   - **Production of ATP and NADPH**: The energy from the excited electrons is used to produce ATP (adenosine triphosphate) and NADPH (nicotinamide adenine dinucleotide phosphate). These are energy-rich molecules that will be used later.

#### 3. **The Calvin Cycle (Dark Reactions)**
   - **Carbon Dioxide Fixation**: The plant takes in carbon dioxide (CO₂) from the air through tiny pores called stomata.
   - **Fixation Process**: Using the ATP and NADPH produced earlier, the plant converts CO₂ into glucose (C₆H₁₂O₆).
   - **Glucose Production**: The glucose can then be used for energy or converted into other substances like cellulose (for cell walls) or starch (for storage).

### Why Different Leaf Shapes Matter
Plants have evolved all sorts of leaf shapes to get the most out of the light! 🍂

- **Broad Leaves**: These are great for capturing lots of light, especially in sunny areas. Think of sunflowers or maple trees!
- **Needles**: Evergreen trees like pines have needle-like leaves to reduce water loss while still catching light.
- **Small Leaves**: Some plants have very small leaves to minimize water loss, like succulents!

### Cool Fact: Chlorophyll Structure
You mentioned that chlorophyll has a porphyrin ring structure similar to hemoglobin. That's right! 🤯
- **Porphyrin Ring**: This is where the action happens! It's like a molecular donut that holds the magnesium ion that helps capture light.
- **Hemoglobin vs. Chlorophyll**: While both have a similar ring structure, hemoglobin uses iron instead of magnesium and carries oxygen, while chlorophyll captures light and makes sugar!

So, there you have it! 🎉 Photosynthesis is like a superpower that plants use to make their own food, and they've got all sorts of cool adaptations to make it work best! 🌱✨","The irrelevant context in the prompt is:

""Plants have evolved various leaf shapes to maximize light absorption.""

This sentence is about leaf shapes and their purpose, which isn't directly related to explaining photosynthesis or how it works. The other parts are relevant to the topic of photosynthesis.",0.7879074,0.75333166,0.5951987,32.04771852493286
HumanLLMs/Human-Like-Qwen2.5-7B-Instruct,How do black holes form and what are their properties?,How do black holes form and what are their properties? The first photo of a black hole was published in April 2019. Stephen Hawking theorized that black holes emit radiation now known as Hawking radiation.,"Identify the irrelevant context in the prompt: ""How do black holes form and what are their properties? The first photo of a black hole was published in April 2019. Stephen Hawking theorized that black holes emit radiation now known as Hawking radiation.""",The first photo of a black hole was published in April 2019. Stephen Hawking theorized that black holes emit radiation now known as Hawking radiation.,"Black holes form from collapsing stars, with a singularity at the center and an event horizon marking the point of no return.","Black holes are some of the most fascinating and mysterious objects in the universe! Let's dive into how they form and what makes them so cool:

### How Black Holes Form

1. **Stellar Black Holes:**
   - **Supernova Explosion:** When a massive star (at least 20 times the mass of our Sun) runs out of fuel, it can no longer support itself against its own gravity. The core collapses, causing an explosion called a supernova.
   - **Core Collapse:** If the core is more than about 3 solar masses, it continues to collapse into a black hole.

2. **Supermassive Black Holes:**
   - **Galactic Center:** These are found at the centers of galaxies. They can be millions or even billions of times more massive than the Sun.
   - **Accretion Disk:** They grow by pulling in gas, dust, and stars from their surroundings. This process releases enormous amounts of energy, making them very bright and detectable.

3. **Intermediate Black Holes:**
   - **Mystery:** These are less understood but could form through the merging of smaller black holes or the collapse of massive star clusters.

4. **Primordial Black Holes:**
   - **Big Bang:** These could have formed in the early universe due to density fluctuations during the Big Bang. They would be very small and not as well understood.

### Properties of Black Holes

1. **Event Horizon:**
   - **Boundary:** The point of no return. Once you cross this boundary, nothing can escape, not even light!
   - **Size:** Depends on the mass. For example, a stellar black hole with 10 solar masses has an event horizon about 29 kilometers in diameter.

2. **Singularity:**
   - **Point of Infinite Density:** At the center of a black hole, all the mass is compressed into a single point. The laws of physics break down here!

3. **Hawking Radiation:**
   - **Quantum Effect:** Stephen Hawking theorized that black holes can emit particles due to quantum effects near the event horizon. Over time, this radiation causes black holes to slowly evaporate.

4. **Gravitational Lensing:**
   - **Bending Light:** Black holes bend the path of light around them, creating distorted images of anything behind them. This effect helps us see black holes indirectly.

5. **Spaghettification:**
   - **Tidal Forces:** As you approach a black hole, the gravitational pull on your feet would be much stronger than on your head, stretching you out like spaghetti!

6. **Time Dilation:**
   - **Slower Time:** Near a black hole, time slows down compared to far away. This is why time seems to stop at the event horizon!

7. **Magnetism:**
   - **Strong Magnetic Fields:** Black holes can have incredibly strong magnetic fields, which can affect the surrounding space and even help power quasars!

### Cool Facts

- **Einstein's Theory:** Albert Einstein predicted black holes in his theory of general relativity, though he didn't believe they actually existed.
- **First Image:** In 2019, the Event Horizon Telescope project captured the first-ever image of a black hole's event horizon in the galaxy M87.
- **Traveling:** It's theoretically possible to travel faster than the speed of light inside a black hole, thanks to the curvature of spacetime!

Black holes are truly mind-bending objects that challenge our understanding of physics and the universe! 🤯✨","Black holes are some of the most fascinating and mysterious objects in the universe! Let's dive into how they form and some of their cool properties:

### How Black Holes Form

1. **Stellar Black Holes**:
   - **Supernova Explosion**: When a massive star (at least 20 times the mass of our Sun) runs out of fuel, it can no longer support itself against its own gravity. This leads to a catastrophic collapse, often resulting in a supernova explosion.
   - **Core Collapse**: After the explosion, the core of the star collapses inward, forming a black hole if the core is more than about 3 solar masses.

2. **Supermassive Black Holes**:
   - **Galactic Center**: These are much larger and found at the centers of galaxies. Their formation is still not fully understood, but theories suggest they could form from the merger of smaller black holes or from the direct collapse of gas clouds in the early universe.
   - **Accretion**: Over time, these black holes grow by accreting (gathering) matter from their surroundings, including stars and gas.

### Properties of Black Holes

1. **Event Horizon**:
   - The boundary around a black hole from which nothing can escape, not even light. It’s like a one-way street for information!

2. **Singularity**:
   - The point inside a black hole where the density becomes infinite and the known laws of physics break down. We don't know exactly what happens there, but it's definitely mind-bending!

3. **Hawking Radiation**:
   - Stephen Hawking's theory suggests that black holes aren't completely black after all. They can emit particles due to quantum effects near the event horizon. This emission is so slow that it hasn't been directly observed yet, but it's a fascinating concept!

4. **Tidal Forces**:
   - As you get closer to a black hole, the gravitational pull on different parts of an object (like a spaceship) becomes stronger. This can stretch and tear apart objects, a phenomenon known as ""spaghettification.""

5. **Spinning Black Holes**:
   - Some black holes spin really fast. This spinning affects their shape and can even cause them to wobble slightly.

6. **Gravitational Lensing**:
   - Black holes can bend and magnify light passing nearby, creating a sort of ""gravitational lens"" effect. This helps us see things behind them, like other galaxies!

7. **Magnetic Fields**:
   - Black holes can generate incredibly strong magnetic fields, which can interact with the surrounding plasma and create powerful jets of particles shooting out from the poles.

### Cool Facts

- **First Photo**: In 2019, the Event Horizon Telescope collaboration released the first image of a black hole's event horizon, taken from the supermassive black hole at the center of the galaxy M87. It's like taking a picture of something that's supposed to be invisible!

- **Time Dilation**: Near a black hole, time moves slower compared to far away. So, if you were standing next to a black hole, your watch would tick slower than someone far away.

- **Traveling to a Black Hole**: If you could travel to a black hole, you'd experience time dilation, meaning years could pass outside while only minutes passed for you. It's like a cosmic time machine!

Black holes are truly one of the most mind-blowing things in the universe, and scientists are still uncovering new secrets about them all the time! 🤯✨","The irrelevant context in the prompt is:

""The first photo of a black hole was published in April 2019.""

This information, while interesting, doesn't directly relate to how black holes form or their properties. The other parts of the prompt are more relevant to the question about black holes. 🌌✨",0.62928295,0.6935906,0.69108987,37.84594178199768
HumanLLMs/Human-Like-Qwen2.5-7B-Instruct,What is the difference between a virus and a bacterium?,What is the difference between a virus and a bacterium? Antonie van Leeuwenhoek was the first to observe bacteria using a microscope in 1676. Viruses were discovered in the late 19th century during studies on tobacco mosaic disease.,"Identify the irrelevant context in the prompt: ""What is the difference between a virus and a bacterium? Antonie van Leeuwenhoek was the first to observe bacteria using a microscope in 1676. Viruses were discovered in the late 19th century during studies on tobacco mosaic disease.""",Antonie van Leeuwenhoek was the first to observe bacteria using a microscope in 1676. Viruses were discovered in the late 19th century during studies on tobacco mosaic disease.,"A virus needs a host to replicate, while bacteria are single-celled organisms that can survive independently.","Great question! 🤓 Let's break it down:

### Viruses:
1. **Size**: Viruses are much smaller than bacteria. They're typically around 20-400 nanometers in size.
2. **Structure**: Viruses are essentially tiny particles that contain genetic material (DNA or RNA) surrounded by a protein coat. Some viruses also have an outer layer called a lipid envelope.
3. **Reproduction**: Viruses can only reproduce inside living cells of other organisms. They need to hijack a cell’s machinery to make more copies of themselves.
4. **Examples**: Common viruses include influenza, HIV, and the common cold.

### Bacteria:
1. **Size**: Bacteria are generally larger than viruses, usually ranging from 0.5 to 5 micrometers in length.
2. **Structure**: Bacteria are single-celled organisms with their own cell walls and membranes. They have all the necessary components to live, grow, and reproduce independently.
3. **Reproduction**: Bacteria can reproduce on their own by splitting into two identical cells (binary fission). Some can also exchange genetic material through processes like conjugation.
4. **Examples**: Common bacteria include E. coli, Staphylococcus, and Streptococcus.

### Key Differences:
- **Independence**: Bacteria can survive and multiply on their own, while viruses need a host cell to replicate.
- **Complexity**: Bacteria are more complex and can perform many functions on their own, whereas viruses are simpler and rely on the host for everything.
- **Treatment**: Antibiotics can target and kill bacteria, but they don't work against viruses. Viruses are often treated with antiviral medications or by supporting the body's immune response.

So, basically, think of bacteria as tiny, independent freelancers, and viruses as parasitic freeloaders! 😂 🦠🦠

Do you have any specific examples or further questions about either one? 🤔","Great question! 🤓 Let's break down the differences between viruses and bacteria:

### Bacteria:
1. **Size**: Bacteria are much larger than viruses, typically ranging from 0.5 to 5 micrometers in diameter.
2. **Structure**: Bacteria have a cell wall and membrane, and they contain DNA (but not RNA like some viruses).
3. **Independence**: Bacteria can live independently and reproduce by dividing themselves (binary fission). They don't need a host to survive.
4. **Examples**: E. coli, Staphylococcus aureus, Lactobacillus (found in yogurt).

### Viruses:
1. **Size**: Viruses are much smaller, usually ranging from 20 to 400 nanometers in diameter.
2. **Structure**: Viruses are basically a piece of genetic material (DNA or RNA) wrapped in a protein coat (capsid). Some have an additional outer layer called a lipid envelope.
3. **Dependency**: Viruses cannot live or reproduce on their own; they need to infect a host cell to replicate.
4. **Examples**: Influenza virus, HIV, SARS-CoV-2 (the virus that causes COVID-19).

### Key Differences:
- **Independence**: Bacteria can live on their own, while viruses need a host.
- **Replication**: Bacteria can reproduce by splitting into two, whereas viruses hijack a host cell’s machinery to make copies of themselves.
- **Detection**: You can see bacteria under a light microscope, but you need an electron microscope to see viruses.

### Historical Context:
- **Antonie van Leeuwenhoek** was indeed the first to observe bacteria in the late 17th century. He used simple microscopes to see these tiny organisms.
- **Viruses** weren't discovered until much later, around the late 19th century, when scientists started studying diseases like tobacco mosaic disease more closely.

So, while both are microscopic and can cause infections, they're quite different in how they work! 🦠🦠 🤔🤔","The irrelevant context in the prompt is:

""Antonie van Leeuwenhoek was the first to observe bacteria using a microscope in 1676.""

This information, while historically interesting, doesn't directly help explain the difference between viruses and bacteria. The other parts of the prompt are relevant to the question at hand.",0.7342404,0.74193835,0.82145345,22.345051288604736
HumanLLMs/Human-Like-Qwen2.5-7B-Instruct,What caused the Great Depression of the 1930s?,What caused the Great Depression of the 1930s? Economic recessions are typically defined as two consecutive quarters of decline in GDP. The unemployment rate peaked at approximately 25% in the United States during this period.,"Identify the irrelevant context in the prompt: ""What caused the Great Depression of the 1930s? Economic recessions are typically defined as two consecutive quarters of decline in GDP. The unemployment rate peaked at approximately 25% in the United States during this period.""",Economic recessions are typically defined as two consecutive quarters of decline in GDP. The unemployment rate peaked at approximately 25% in the United States during this period.,"The Great Depression was caused by the stock market crash, bank failures, and reduced consumer spending.","The Great Depression of the 1930s was a complex event with multiple causes, but here are the main factors:

### 1. **Stock Market Crash (1929)**
   - **Black Tuesday (October 29, 1929)**: The stock market crash was a major trigger. When stock prices plummeted, it led to a loss of confidence in the economy and triggered a chain reaction.

### 2. **Bank Failures**
   - **Lack of Regulation**: Banks were not regulated properly, leading to risky lending practices.
   - **Runs on Banks**: As people lost faith in the banking system, they withdrew their money en masse, causing many banks to fail.

### 3. **Overproduction and Underconsumption**
   - **Agricultural Overproduction**: Farmers produced more than they could sell, leading to lower prices and farmer bankruptcies.
   - **Industrial Overproduction**: Factories produced more goods than people could buy, leading to overstocking and reduced sales.

### 4. **International Economic Conditions**
   - **Trade Barriers**: Countries like the U.S. raised tariffs, which reduced international trade.
   - **Debt and Repayment Issues**: Many countries, including Germany, had to repay debts from World War I, which drained their economies.

### 5. **Monetary Policy**
   - **Contractionary Monetary Policy**: The Federal Reserve increased interest rates and reduced the money supply, which made it harder for businesses to borrow and invest.

### 6. **Structural Issues in the Economy**
   - **Income Inequality**: Wealth was concentrated among a few, leaving many without disposable income to spend.
   - **Rural Poverty**: Agriculture was hit hard, and rural areas suffered disproportionately.

### 7. **Government Response**
   - **Inadequate Initial Response**: The government initially did little to intervene, waiting too long to implement significant economic policies.

### 8. **Dust Bowl**
   - **Environmental Factors**: The Dust Bowl, a period of severe dust storms that devastated much of the Great Plains, exacerbated agricultural problems.

### 9. **Political and Social Unrest**
   - **Public Frustration**: The prolonged economic hardship led to widespread public frustration and political instability.

These factors combined to create a perfect storm that led to the Great Depression, which lasted until the late 1930s and early 1940s. The combination of these issues made it difficult for the economy to recover quickly, and government intervention was crucial in eventually pulling the U.S. out of the depression.","The Great Depression of the 1930s was a complex event with multiple contributing factors, but some key causes stand out:

### 1. **Stock Market Crash (1929)**
   - **Black Tuesday (October 29, 1929)**: The stock market crash led to a massive sell-off and loss of confidence among investors. This triggered a chain reaction that destabilized the economy.
   - **Loss of Wealth**: Many Americans lost their life savings, leading to reduced consumer spending.

### 2. **Bank Failures**
   - **Lack of Regulation**: Banks were not well-regulated, and many were over-leveraged or involved in risky investments.
   - **Run on Banks**: As confidence in the banking system eroded, people rushed to withdraw their money, leading to bank runs and subsequent failures.

### 3. **Overproduction and Underconsumption**
   - **Agricultural Crisis**: Farmers produced more than could be sold, leading to falling prices and reduced income.
   - **Industrial Overcapacity**: Factories produced more goods than consumers could afford to buy, leading to excess inventory and layoffs.

### 4. **Monetary Policy**
   - **Federal Reserve's Response**: The Federal Reserve raised interest rates and tightened credit in an attempt to stabilize the economy, which had the opposite effect by reducing liquidity and slowing economic activity further.
   - **Gold Standard**: The U.S. was on the gold standard, which limited the ability of the Federal Reserve to expand the money supply.

### 5. **International Trade**
   - **Smoot-Hawley Tariff Act (1930)**: This act imposed high tariffs on imported goods, leading to retaliatory tariffs from other countries and a significant reduction in international trade.
   - **Deteriorating International Relations**: Economic troubles contributed to political tensions and instability worldwide.

### 6. **Government Policies**
   - **Hoover's Approach**: President Hoover tried to avoid direct government intervention, focusing instead on voluntary measures and charity. However, these efforts were seen as insufficient.
   - **Roosevelt's New Deal**: When Franklin D. Roosevelt became president, he introduced a series of programs aimed at stimulating the economy and providing relief to those affected by the depression. However, it took time for these policies to have a significant impact.

### 7. **Structural Issues**
   - **Inequality**: Wealth was concentrated among a small elite, leaving many without the means to purchase goods and services.
   - **Lack of Labor Unions**: Workers lacked bargaining power, leading to low wages and poor working conditions.

### 8. **Weather Conditions**
   - **Dust Bowl (1930s)**: Severe drought and dust storms in the Great Plains devastated agricultural production and forced many farmers off their land.

These factors combined to create a perfect storm that led to the Great Depression, which lasted from 1929 to the late 1930s, and had profound impacts on economies around the world.","The irrelevant context in the prompt is:

""The unemployment rate peaked at approximately 25% in the United States during this period.""

This information, while related to the Great Depression, doesn't directly address what caused it. The other parts of the prompt (about economic recessions and GDP) are more directly relevant to discussing the causes of the Great Depression.",0.77731556,0.7661122,0.68031526,30.259997606277466
HumanLLMs/Human-Like-Qwen2.5-7B-Instruct,What were the main causes of World War I?,What were the main causes of World War I? The war lasted from July 1914 to November 1918. The Treaty of Versailles formally ended the state of war between Germany and the Allied Powers.,"Identify the irrelevant context in the prompt: ""What were the main causes of World War I? The war lasted from July 1914 to November 1918. The Treaty of Versailles formally ended the state of war between Germany and the Allied Powers.""",The war lasted from July 1914 to November 1918. The Treaty of Versailles formally ended the state of war between Germany and the Allied Powers.,"The main causes of WWI were militarism, alliances, imperialism, and nationalism.","World War I, also known as the Great War, was a complex conflict with multiple causes. Here are the main factors that led to the outbreak of the war in 1914:

### 1. **Alliances**
   - **Triple Alliance**: Germany, Austria-Hungary, and Italy.
   - **Triple Entente**: France, Russia, and Britain.
   - These alliances created a system where a conflict between two countries could quickly escalate into a larger war involving many nations.

### 2. **Nationalism**
   - **Pan-Slavism**: A movement that promoted Slavic unity and independence from non-Slavic powers, particularly Austria-Hungary.
   - **German Nationalism**: The desire for a greater German empire.
   - **Italian Nationalism**: Desire for unification and expansion.

### 3. **Militarism**
   - **Arms Race**: Competition among European powers to build up their military forces, leading to an arms race.
   - **War Preparedness**: Many nations were preparing for war by building up their armies and navies.

### 4. **Imperialism**
   - Competition for colonies and influence over trade routes.
   - Countries like Germany, France, and Britain vied for control over territories in Africa, Asia, and the Pacific.

### 5. **Assassination of Archduke Franz Ferdinand**
   - On June 28, 1914, Archduke Franz Ferdinand, heir to the Austro-Hungarian throne, was assassinated by Gavrilo Princip, a Bosnian Serb nationalist.
   - This event triggered a chain reaction of diplomatic crises and declarations of war.

### 6. **Mistaken Assumptions and Miscalculations**
   - **Blank Cheque**: Austria-Hungary's promise to back Serbia's punishment after the assassination.
   - **Underestimating the Commitment**: Many leaders believed that the conflict would be short and decisive, not realizing the full extent of the alliances and the willingness of nations to go to war.

### 7. **Economic Factors**
   - Competition for resources and markets.
   - Economic rivalries, especially between Britain and Germany, over trade and industry.

### 8. **Political Instability**
   - Weak or unstable governments in some countries, leading to poor decision-making.
   - Lack of effective communication and diplomacy among nations.

These factors combined to create a volatile situation where even a minor incident (like the assassination) could trigger a massive war. The complex web of alliances and the general atmosphere of militarism and nationalism made it difficult for the conflict to be resolved peacefully.","World War I was a complex conflict with multiple causes, but here are the main ones:

### 1. **Assassination of Archduke Franz Ferdinand**
   - **Date:** June 28, 1914
   - **Who:** Gavrilo Princip, a Bosnian Serb nationalist.
   - **Why:** This assassination by a member of the Black Hand secret society triggered a chain reaction among the Great Powers.

### 2. **Alliances System**
   - **Triple Alliance:** Germany, Austria-Hungary, and Italy (Italy later switched sides).
   - **Triple Entente:** France, Russia, and Britain.
   - **Why:** These alliances meant that when one country went to war, its allies had to join in, quickly escalating the conflict.

### 3. **Nationalism and Imperialism**
   - **Nationalism:** Strong nationalistic feelings led to tensions between countries.
   - **Imperialism:** Competition for colonies and resources heightened rivalries.
   - **Why:** Countries like Germany felt they needed more territory and influence to match their growing power.

### 4. **Militarism**
   - **Arms Race:** Countries built up their military forces, creating an arms race.
   - **Why:** This created a sense of impending conflict and made it harder to back down once tensions arose.

### 5. **Balkan Tensions**
   - **Why:** The Balkans were a powder keg of ethnic and religious tensions, making them a hotbed for conflict.

### 6. **Mistakes and Miscalculations**
   - **Blank Cheque:** Germany’s support for Austria-Hungary without conditions.
   - **Underestimating the Enemy:** Many leaders miscalculated how quickly the war would escalate.
   - **Why:** These mistakes made it easier for the conflict to spiral out of control.

### 7. **Economic and Social Factors**
   - **Industrialization:** Advanced industrial capabilities allowed for mass production of weapons and supplies.
   - **Social Unrest:** Economic hardships and social discontent in some countries contributed to instability.
   - **Why:** These factors made societies more vulnerable to conflict and less able to handle the stress of war.

### 8. **Diplomatic Failures**
   - **Failure to Communicate:** Diplomatic efforts to resolve tensions were often inadequate or misinterpreted.
   - **Why:** Lack of clear communication and trust between nations exacerbated misunderstandings and tensions.

### 9. **Technological Advancements**
   - **New Technologies:** Innovations like machine guns, artillery, and poison gas made warfare more destructive.
   - **Why:** These technologies changed the nature of warfare, making it more brutal and less predictable.

### Summary
The combination of these factors—ranging from a specific event like the assassination to broader trends like militarism and nationalism—led to the outbreak of World War I. Each element played a role in creating a perfect storm that resulted in one of the deadliest conflicts in history.","The irrelevant context in the prompt is:

""The war lasted from July 1914 to November 1918. The Treaty of Versailles formally ended the state of war between Germany and the Allied Powers.""

This information, while historically accurate, doesn't directly help identify the main causes of World War I. The main causes are more about the underlying tensions, alliances, and events that led to the outbreak of the war in 1914.",0.74583566,0.7492647,0.8287709,30.948166847229004
HumanLLMs/Human-Like-Qwen2.5-7B-Instruct,How does a democracy differ from other forms of government?,How does a democracy differ from other forms of government? Ancient Athens is considered the birthplace of democracy around 508 BCE. Switzerland uses direct democracy where citizens vote on individual policy proposals.,"Identify the irrelevant context in the prompt: ""How does a democracy differ from other forms of government? Ancient Athens is considered the birthplace of democracy around 508 BCE. Switzerland uses direct democracy where citizens vote on individual policy proposals.""",Ancient Athens is considered the birthplace of democracy around 508 BCE. Switzerland uses direct democracy where citizens vote on individual policy proposals.,"A democracy involves elected representatives making decisions, while other governments may involve authoritarian rule or hereditary power.","Great question! 🤔 Here are some key differences between a democracy and other forms of government:

### 1. **Rule by the People**
   - **Democracy:** In a democracy, power ultimately rests with the people. Citizens have the right to participate in the decision-making process through voting, elections, and other forms of civic engagement.
   - **Other Forms:**
     - **Oligarchy:** Power is held by a small group of people (often wealthy or influential).
     - **Dictatorship:** One person or a small group has complete control over the government.
     - **Theocracy:** Religious leaders or institutions hold ultimate authority.

### 2. **Representation**
   - **Democracy:** Elected representatives are chosen by the people to make decisions on their behalf. These representatives can be directly elected by citizens or chosen by other elected officials.
   - **Other Forms:**
     - **Absolute Monarchy:** The monarch rules without any formal constraints.
     - **Authoritarianism:** Leaders often have unlimited power and suppress political opposition.

### 3. **Rule of Law**
   - **Democracy:** Laws apply equally to everyone, including those in power. There are checks and balances to ensure that no one is above the law.
   - **Other Forms:**
     - **Totalitarianism:** The state has absolute power and often uses fear to maintain control.
     - **Autocracy:** One person holds all the power and can make decisions without much oversight.

### 4. **Freedom and Rights**
   - **Democracy:** Protects individual freedoms like speech, assembly, and the press. It also upholds human rights and civil liberties.
   - **Other Forms:**
     - **Communism:** Emphasizes collective ownership but may restrict personal freedoms.
     - **Feudalism:** Based on a system of land ownership where lords have significant power over serfs.

### 5. **Elections and Voting**
   - **Democracy:** Regular, free, and fair elections allow citizens to choose their leaders and representatives.
   - **Other Forms:**
     - **Caste System:** Social hierarchy determines status and power.
     - **Direct Rule:** Foreign powers or colonial authorities govern without local input.

### 6. **Accountability**
   - **Democracy:** Leaders are accountable to the people who elect them. They can be voted out if they don't represent the will of the people.
   - **Other Forms:**
     - **Hereditary Rulers:** Power is passed down through family lines.
     - **Military Dictatorship:** Military leaders often take over and suppress civilian rule.

### 7. **Civil Society**
   - **Democracy:** Encourages a vibrant civil society with independent media, non-governmental organizations, and community groups.
   - **Other Forms:**
     - **Soviet Union Model:** Suppressed independent organizations and media.
     - **Closed Societies:** Limited or no civil society, often due to strict controls.

So, in a nutshell, a democracy is all about giving power to the people and protecting their rights, while other forms of government can vary widely in how they distribute and exercise power! 😊 What do you think makes for a good democracy? 🤔 🤔 🤔","Great question! 🤔 Let's dive into how democracies differ from other forms of government and explore some cool examples like ancient Athens and modern-day Switzerland!

### Key Differences Between Democracies and Other Forms of Government

#### 1. **Rule by the People**
   - **Democracy**: The people have the power to make decisions, either directly or through elected representatives.
   - **Other Forms**:
     - **Monarchy**: Power is held by a single person (like a king or queen).
     - **Oligarchy**: Power is held by a small group of people (often wealthy elites).
     - **Dictatorship**: Power is held by one person with no real checks and balances.

#### 2. **Representation and Elections**
   - **Democracy**: Elected officials represent the people's interests and are chosen through fair and free elections.
   - **Other Forms**:
     - **Absolute Monarchy**: No elections, the monarch rules for life.
     - **Theocracy**: Religious leaders rule, often without elections.
     - **Military Dictatorship**: Military leaders take control and often suppress elections.

#### 3. **Checks and Balances**
   - **Democracy**: Different branches of government (legislative, executive, judicial) check each other to prevent any one branch from becoming too powerful.
   - **Other Forms**:
     - **Autocracy**: One person has all the power, so there are no checks.
     - **Theocracy**: Religious leaders might have ultimate authority, but not necessarily a system of checks.

### Examples: Ancient Athens & Modern Switzerland

#### Ancient Athens (508 BCE)
- **Direct Democracy**: Citizens would gather in the agora (public square) to discuss and vote on laws and policies.
- **Key Features**:
  - **Assembly**: All male citizens could participate in the assembly.
  - **Lottery**: Positions like jury members were selected randomly to ensure fairness.
  - **No Bureaucracy**: There was little to no bureaucracy; decisions were made quickly.

#### Modern Switzerland
- **Direct Democracy**: Swiss citizens can propose new laws and even change the constitution.
- **Key Features**:
  - **Initiative and Referendum**: Citizens can put their ideas to a public vote.
  - **Federal Structure**: While it's a federal state, many decisions are made at the cantonal level, giving local communities more control.
  - **Elections**: Regular elections to choose representatives, but also lots of referendums.

### Cool Stuff About These Systems
- **Ancient Athens**: Imagine a huge crowd of people debating and voting on big issues! It must've been pretty chaotic!
- **Switzerland**: They're known for being super organized and efficient, even when they have to vote on everything! 🤯

So, you see, democracies are all about the people having a say in how things are run, whether it's through direct participation like in ancient Athens or through regular elections and referendums like in modern Switzerland. 🤓

What do you think? 😊 Do you have a favorite example of a democratic system? 🤔","The irrelevant context in the prompt is:

""Switzerland uses direct democracy where citizens vote on individual policy proposals.""

This sentence introduces an example of direct democracy, which, while related to the topic, doesn't directly compare and contrast democracy with other forms of government like it does in the first part of the prompt. The focus should be more on the differences between democracy and other systems rather than a specific instance of direct democracy.",0.7738117,0.7237288,0.55705833,34.43997144699097
HumanLLMs/Human-Like-Qwen2.5-7B-Instruct,What is cloud computing and how does it work?,What is cloud computing and how does it work? Amazon Web Services launched its first cloud service in 2006. Data centers that host cloud services consume approximately 1% of global electricity.,"Identify the irrelevant context in the prompt: ""What is cloud computing and how does it work? Amazon Web Services launched its first cloud service in 2006. Data centers that host cloud services consume approximately 1% of global electricity.""",Amazon Web Services launched its first cloud service in 2006. Data centers that host cloud services consume approximately 1% of global electricity.,"Cloud computing provides on-demand internet access to computing resources, allowing users to store and process data remotely.","Cloud computing is like having a super-powerful computer that lives on the internet instead of in your house! 😊 Here’s how it works:

### What is Cloud Computing?
- **Definition**: It's a way to store, manage, and process data using remote servers hosted on the internet.
- **Benefits**:
  - **Scalability**: You can easily add or remove resources as needed.
  - **Cost-Effective**: No need to buy expensive hardware; you pay for what you use.
  - **Accessibility**: You can access your data from anywhere with an internet connection.
  - **Maintenance**: The cloud provider takes care of updates and maintenance.

### How Does it Work?

#### 1. **Data Storage**
- Imagine you have a big digital filing cabinet that lives in a data center somewhere. You can store all your documents, photos, and files there.
- **Example**: Google Drive or Dropbox. You upload your files, and they live in the cloud!

#### 2. **Software as a Service (SaaS)**
- Instead of buying software and installing it on your computer, you use it over the internet.
- **Example**: Gmail or Microsoft Office 365. You log in and start using the software without needing to install anything.

#### 3. **Platform as a Service (PaaS)**
- You get a platform to build and run applications without worrying about the underlying infrastructure.
- **Example**: AWS Lambda or Heroku. You write your code, and the cloud provider handles everything else.

#### 4. **Infrastructure as a Service (IaaS)**
- You get access to virtualized computing resources like servers, storage, and networking.
- **Example**: Amazon EC2 or Google Compute Engine. You can spin up virtual machines when you need them and shut them down when you don’t.

### Key Players
- **Big Players**: Amazon Web Services (AWS), Microsoft Azure, Google Cloud Platform (GCP)
- **Smaller Players**: DigitalOcean, Heroku, and many more

### Why It's Cool
- **Flexibility**: You can scale up or down based on demand.
- **Collaboration**: Team members can work together on projects in real-time.
- **Disaster Recovery**: If something goes wrong, you can quickly recover your data.

So, cloud computing is like having a super-smart, always-on assistant who helps you with all your tech needs! 🤖✨","Cloud computing! 🤯 It's like having a super-powered, magical data center in the sky that you can access from anywhere with an internet connection. 😂

### What is Cloud Computing?

**Cloud computing** is when you use the internet to access computer resources (like servers, storage, databases, software, etc.) instead of having them on your local machine or on-premises data center.

### How Does It Work?

1. **On-Demand Access:**
   - You can access these resources anytime, anywhere, as long as you have an internet connection.
   
2. **Scalability:**
   - You can easily scale up or down based on your needs. If you need more power, you get it; if you don't need it anymore, you can release it.

3. **Pay-As-You-Go Pricing:**
   - You only pay for what you use. No need to invest in expensive hardware upfront!

4. **Shared Resources:**
   - The cloud provider manages the infrastructure, so you don't have to worry about maintaining servers or other hardware.

### Types of Cloud Services:

1. **Infrastructure as a Service (IaaS):**
   - You get virtualized computing resources over the internet, like virtual machines, storage, and networking.
   - Example: AWS EC2, Google Compute Engine

2. **Platform as a Service (PaaS):**
   - You get everything you need to build and deploy applications, like development tools, databases, and web servers.
   - Example: AWS Elastic Beanstalk, Heroku

3. **Software as a Service (SaaS):**
   - You use software applications that are hosted by the provider and accessed via the internet.
   - Example: Microsoft Office 365, Salesforce

### How Amazon Web Services (AWS) Got Started

Amazon Web Services (AWS) launched its first cloud service, Simple Storage Service (S3), way back in 2006. They've been leading the pack ever since! 🚀

### Energy Consumption

You mentioned that data centers hosting cloud services consume about 1% of global electricity. That's a lot! 😱 But here's the thing: 

- **Efficiency:** Modern data centers are incredibly efficient compared to traditional on-premises setups. They use advanced cooling systems, energy-efficient hardware, and smart management practices.
- **Renewable Energy:** Many big cloud providers are investing heavily in renewable energy sources to power their data centers, which helps reduce their carbon footprint.

### Fun Fact

Did you know that the internet itself uses about 10% of global electricity? 🤯 And the cloud is just a small part of that! 😅

So, whether you're building a website, running a business, or just playing around with some cool tech, the cloud makes it all possible! 🎉

What do you think about the future of cloud computing? 🤔 🤔 🤔 🤔 🤔 🤔 🤔 🤔 🤔 🤔 🤔 🤔 🤔 🤔 🤔 🤔 🤔 🤔 🤔 🤔 🤔 🤔 🤔 🤔 🤔 🤔 🤔 🤔 🤔 🤔 🤔 🤔 🤔 🤔 🤔 🤔 🤔 🤔 🤔 🤔 🤔 🤔 🤔 🤔 🤔 🤔 🤔 🤔 🤔 🤔 🤔 🤔 🤔 🤔 🤔 🤔 🤔 🤔 🤔 🤔 🤔 🤔 🤔 🤔 🤔 🤔 🤔 🤔 🤔 🤔 🤔 🤔 🤔 🤔 🤔 🤔 🤔 🤔 🤔 🤔 🤔 🤔 🤔 🤔 🤔 🤔 🤔 🤔 🤔 🤔 🤔 🤔 🤔 🤔 🤔 🤔 🤔 🤔 🤔 🤔 🤔 🤔 🤔 🤔 🤔 🤔 🤔 🤔 🤔 🤔 🤔 🤔 🤔 🤔 🤔 🤔 🤔 🤔 🤔 🤔 🤔 🤔 🤔 🤔 🤔 🤔 🤔 🤔 🤔 🤔 🤔 🤔 🤔 🤔 🤔 🤔 🤔 🤔 🤔 🤔 🤔 🤔 🤔 🤔 🤔 🤔 🤔 🤔 🤔 🤔 🤔 🤔 🤔 🤔 🤔 🤔 🤔 🤔 🤔 🤔 🤔 🤔 🤔 🤔 🤔 🤔 🤔 🤔 🤔 🤔 🤔 🤔 🤔 🤔 🤔 🤔 🤔 🤔 🤔 🤔 🤔 🤔 🤔 🤔 🤔 🤔 🤔 🤔 🤔 🤔 🤔 🤔 🤔 🤔 🤔 🤔 🤔 🤔 🤔 🤔 🤔 🤔 🤔 🤔 🤔 🤔 🤔 🤔 🤔 🤔 🤔 🤔 🤔 🤔 🤔 🤔 🤔 🤔 🤔 🤔 🤔 🤔 🤔 🤔 🤔 🤔 🤔 🤔 🤔 🤔 🤔 🤔 🤔 🤔 🤔 🤔 🤔 🤔 🤔 🤔 🤔 🤔 🤔 🤔 🤔 🤔 🤔 🤔 🤔 🤔 🤔 🤔 🤔 🤔 🤔 🤔 🤔 🤔 🤔 🤔 🤔 🤔 🤔 🤔 🤔 🤔 🤔 🤔 🤔 🤔 🤔 🤔 🤔 🤔 🤔 🤔 🤔 🤔 🤔 🤔 🤔 🤔 🤔 🤔 🤔 🤔 🤔 🤔 🤔 🤔 🤔 🤔 🤔 🤔 🤔 🤔 🤔 🤔 🤔 🤔 🤔 🤔 🤔 🤔 🤔 🤔 🤔 🤔 🤔 🤔 🤔 🤔 🤔 🤔 🤔 🤔 🤔 🤔 🤔 🤔 🤔 🤔 🤔 🤔 🤔 🤔 🤔 🤔 🤔 🤔 🤔 🤔 🤔 🤔 🤔 🤔 🤔 🤔 🤔 🤔 🤔 🤔 🤔 🤔 🤔 🤔 🤔 🤔 🤔 🤔 🤔 🤔 🤔 🤔 🤔 🤔 🤔 🤔 🤔 🤔 🤔 🤔 🤔 🤔 🤔 🤔 🤔 🤔 🤔 🤔 🤔 🤔 🤔 🤔 🤔 🤔 🤔 🤔 🤔 🤔 🤔 🤔 🤔 🤔 🤔 🤔 🤔 🤔 🤔 🤔 🤔 🤔 🤔 🤔 🤔 🤔 🤔 🤔 🤔 🤔 🤔 🤔 🤔 🤔 🤔 🤔 🤔 🤔 🤔 🤔 🤔 🤔 🤔 🤔 🤔 🤔 🤔 🤔 🤔 🤔 🤔 🤔 🤔 🤔 🤔 🤔 🤔 🤔 🤔 🤔 🤔 🤔 🤔 🤔 🤔 🤔 🤔 🤔 🤔 🤔 🤔 🤔 🤔 🤔 🤔 🤔 🤔 🤔 🤔 🤔 🤔 🤔 🤔 🤔 🤔 🤔 🤔 🤔 🤔 🤔 🤔 🤔 🤔 🤔 🤔 🤔 🤔 🤔 🤔 🤔 🤔 🤔 🤔 🤔 🤔 🤔 🤔 🤔 🤔 🤔 🤔 🤔 🤔 🤔 🤔 🤔 🤔 🤔 🤔 🤔 🤔 🤔 🤔 🤔 🤔 🤔 🤔 🤔 🤔 🤔 🤔 🤔 🤔 🤔 🤔 🤔 🤔 🤔 🤔 🤔 🤔 🤔 🤔 🤔 🤔 🤔 🤔 🤔 🤔 🤔 🤔 🤔 🤔 🤔 🤔 🤔 🤔 🤔 🤔 🤔 🤔 🤔 🤔 🤔 🤔 🤔 🤔 🤔 🤔 🤔 🤔 🤔 🤔 🤔 🤔 🤔 🤔 🤔 🤔 🤔 🤔 🤔 🤔 🤔 🤔 🤔 🤔 🤔 🤔 🤔 🤔 🤔 🤔 🤔 🤔 🤔 🤔 🤔 🤔 🤔 🤔 🤔 🤔 🤔 🤔 🤔 🤔 🤔 🤔 🤔 🤔 🤔 🤔 🤔 🤔 🤔 🤔 🤔 🤔 🤔 🤔 🤔 🤔 🤔 🤔 🤔 🤔 🤔 🤔 🤔 🤔 🤔 🤔 🤔 🤔 🤔 🤔 🤔 🤔 🤔 🤔 🤔 🤔 🤔 🤔 🤔 🤔 🤔 🤔 🤔 🤔 🤔 🤔 🤔 🤔 🤔 🤔 🤔 🤔 🤔 🤔 🤔 🤔 🤔 🤔 🤔 🤔 🤔 🤔 🤔 🤔 🤔 🤔 🤔 🤔 🤔 🤔 🤔 🤔 🤔 🤔 🤔 🤔 🤔 🤔 🤔 🤔 🤔 🤔 🤔 🤔 🤔 🤔 🤔 🤔 🤔 🤔 🤔 🤔 🤔 🤔 🤔 🤔 🤔 🤔 🤔 🤔 🤔 🤔 🤔 🤔 🤔 🤔 🤔 🤔 🤔 🤔 🤔 🤔 🤔 🤔 🤔 🤔 🤔 🤔 🤔 🤔 🤔 🤔 🤔 🤔 🤔 🤔 🤔 🤔 🤔 🤔 🤔 🤔 🤔 🤔 🤔 🤔 🤔 🤔 🤔 🤔 🤔 🤔 🤔 🤔 🤔 🤔 🤔 🤔 🤔 🤔 🤔 🤔 🤔 🤔 🤔 🤔 🤔 🤔 🤔 🤔 🤔 🤔 🤔 🤔 🤔 🤔 🤔 🤔 🤔 🤔 🤔 🤔 🤔 🤔 🤔 🤔 🤔 🤔 🤔 🤔 🤔 🤔 🤔 🤔 🤔 🤔 🤔 🤔 🤔 🤔 🤔 🤔 🤔 🤔 🤔 🤔 🤔 🤔 🤔 🤔 🤔 🤔 🤔 🤔 🤔 🤔 🤔 🤔 🤔 🤔 🤔 🤔 🤔 🤔 🤔 🤔 🤔 🤔 🤔 🤔 🤔 🤔 🤔 🤔 🤔 🤔 🤔 🤔 🤔 🤔 🤔 🤔 🤔 🤔 🤔 🤔 🤔 🤔 🤔 🤔 🤔 🤔 🤔 🤔 🤔 🤔 🤔 🤔 🤔 🤔 🤔 🤔 🤔 🤔 🤔 🤔 🤔 🤔 🤔 🤔 🤔 🤔 🤔 🤔 🤔 🤔 🤔 🤔 🤔 🤔 🤔 🤔 🤔 🤔 🤔 🤔 🤔 🤔 🤔 🤔 🤔 🤔 🤔 🤔 🤔 🤔 🤔 🤔 🤔 🤔 🤔 🤔 🤔 🤔 🤔 🤔 🤔 🤔 🤔 🤔 🤔 🤔 🤔 🤔 🤔 🤔 🤔 🤔 🤔 🤔 🤔 🤔 🤔 🤔 🤔 🤔 🤔 🤔 🤔 🤔 🤔 🤔 🤔 🤔 🤔 🤔 🤔 🤔 🤔 🤔 🤔 🤔 🤔 🤔 🤔 🤔 🤔 🤔 🤔 🤔 🤔 🤔 🤔 🤔 🤔 🤔 🤔 🤔 🤔 🤔 🤔 🤔 🤔 🤔 🤔 🤔 🤔 🤔 🤔 🤔 🤔 🤔 🤔 🤔 🤔 🤔 🤔 🤔 🤔 🤔 🤔 🤔 🤔 🤔 🤔 🤔 🤔 🤔 🤔 🤔 🤔 🤔 🤔 🤔 🤔 🤔 🤔 🤔 🤔 🤔 🤔 🤔 🤔 🤔 🤔 🤔 🤔 🤔 🤔 🤔 🤔 🤔 🤔 🤔 🤔 🤔 🤔 🤔 🤔 🤔 🤔 🤔 🤔 🤔 🤔 🤔 🤔 🤔 🤔 🤔 🤔 🤔 🤔 🤔 🤔 🤔 🤔 🤔 🤔 🤔 🤔 🤔 🤔 🤔 🤔 🤔 🤔 🤔 🤔 🤔 🤔 🤔 🤔 🤔 🤔 🤔 🤔 🤔 🤔 🤔 🤔 🤔 🤔 🤔 🤔 🤔 🤔 🤔 🤔 🤔 🤔 🤔 🤔 🤔 🤔 🤔 🤔 🤔 🤔 🤔 🤔 🤔 🤔 🤔 🤔 🤔 🤔 🤔 🤔 🤔 🤔 🤔 🤔 🤔 🤔 🤔 🤔 🤔 🤔 🤔 🤔 🤔 🤔 🤔 🤔 🤔 🤔 🤔 🤔 🤔 🤔 🤔 🤔 🤔 🤔 🤔 🤔 🤔 🤔 🤔 🤔 🤔 🤔 🤔 🤔 🤔 🤔 🤔 🤔 🤔 🤔 🤔 🤔 🤔 🤔 🤔 🤔 🤔 🤔 🤔 🤔 🤔 🤔 🤔 🤔 🤔 🤔 🤔 🤔 🤔 🤔 🤔 🤔 🤔 🤔 🤔 🤔 🤔 🤔 🤔 🤔 🤔 🤔 🤔 🤔 🤔 🤔 🤔 🤔 🤔 🤔 🤔 🤔 🤔 🤔 🤔 🤔 🤔 🤔 🤔 🤔 🤔 🤔 🤔 🤔 🤔 🤔 🤔 🤔 🤔 🤔 🤔 🤔 🤔 🤔 🤔 🤔 🤔 🤔 🤔 🤔 🤔 🤔 🤔 🤔 🤔 🤔 🤔 🤔 🤔 🤔 🤔 🤔 🤔 🤔 🤔 🤔 🤔 🤔 🤔 🤔 🤔 🤔 🤔 🤔 🤔 🤔 🤔 🤔 🤔 🤔 🤔 🤔 🤔 🤔 🤔 🤔 🤔 🤔 🤔 🤔 🤔 🤔 🤔 🤔 🤔 🤔 🤔 🤔 🤔 🤔 🤔 🤔 🤔 🤔 🤔 🤔 🤔 🤔 🤔 🤔 🤔 🤔 🤔 🤔 🤔 🤔 🤔 🤔 🤔 🤔 🤔 🤔 🤔 🤔 🤔 🤔 🤔 🤔 🤔 🤔 🤔 🤔 🤔 🤔 🤔 🤔 🤔 🤔 🤔 🤔 🤔 🤔 🤔 🤔 🤔 🤔 🤔 🤔 🤔 🤔 🤔 🤔 🤔 🤔 🤔 🤔 🤔 🤔 🤔 🤔 🤔 🤔 🤔 🤔 🤔 🤔 🤔 🤔 🤔 🤔 🤔 🤔 🤔 🤔 🤔 🤔 🤔 🤔 🤔 🤔 🤔 🤔 🤔 🤔 🤔 🤔 🤔 🤔 🤔 🤔 🤔 🤔 🤔 🤔 🤔 🤔 🤔 🤔 🤔 🤔 🤔 🤔 🤔 🤔 🤔 🤔 🤔 🤔 🤔 🤔 🤔 🤔 🤔 🤔 🤔 🤔 🤔 🤔 🤔 🤔 🤔 🤔 🤔 🤔 🤔 🤔 🤔 🤔 🤔 🤔 🤔 🤔 🤔 🤔 🤔 🤔 🤔 🤔 🤔 🤔 🤔 🤔 🤔 🤔 🤔 🤔 🤔 🤔 🤔 🤔 🤔 🤔 🤔 🤔 🤔 🤔 🤔 🤔 🤔 🤔 🤔 🤔 🤔 🤔 🤔 🤔 🤔 🤔 🤔 🤔 🤔 🤔 🤔 🤔 🤔 🤔 🤔 🤔 🤔 🤔 🤔 🤔 🤔 🤔 🤔 🤔 🤔 🤔 🤔 🤔 🤔 🤔 🤔 🤔 🤔 🤔 🤔 🤔 🤔 🤔 🤔 🤔 🤔 🤔 🤔 🤔 🤔 🤔 🤔 🤔 🤔 🤔 🤔 🤔 🤔 🤔 🤔 🤔 🤔 🤔 🤔 🤔 🤔 🤔 🤔 🤔 🤔 🤔 🤔 🤔 🤔 🤔 🤔 🤔 🤔 🤔 🤔 🤔 🤔 🤔 🤔 🤔 🤔 🤔 🤔 🤔 🤔 🤔 🤔 🤔 🤔 🤔 🤔 🤔 🤔 🤔 🤔 🤔 🤔 🤔 🤔 🤔 🤔 🤔 🤔 🤔 🤔 🤔 🤔 🤔 🤔 🤔 🤔 🤔 🤔 🤔 🤔 🤔 🤔 🤔 🤔 🤔 🤔 🤔 🤔 🤔 🤔 🤔 🤔 🤔 🤔 🤔 🤔 🤔 🤔 🤔 🤔 🤔 🤔 🤔 🤔 🤔 🤔 🤔 🤔 🤔 🤔 🤔 🤔 🤔 🤔 🤔 🤔 🤔 🤔 🤔 🤔 🤔 🤔 🤔 🤔 🤔 🤔 🤔 🤔 🤔 🤔 🤔 🤔 🤔 🤔 🤔 🤔 🤔 🤔 🤔 🤔 🤔 🤔 🤔 🤔 🤔 🤔 🤔 🤔 🤔 🤔 🤔 🤔 🤔 🤔 🤔 🤔 🤔 🤔 🤔 🤔 🤔 🤔 🤔 🤔 🤔 🤔 🤔 🤔 🤔 🤔 🤔 🤔 🤔 🤔 🤔 🤔 🤔 🤔 🤔 🤔 🤔 🤔 🤔 🤔 🤔 🤔 🤔 🤔 🤔 🤔 🤔 🤔 🤔 🤔 🤔 🤔 🤔 🤔 🤔 🤔 🤔 🤔 🤔 🤔 🤔 🤔 🤔 🤔 🤔 🤔 🤔 🤔 🤔 🤔 🤔 🤔 🤔 🤔 🤔 🤔 🤔 🤔 🤔 🤔 🤔 🤔 🤔 🤔 🤔 🤔 🤔 🤔 🤔 🤔 🤔 🤔 🤔 🤔 🤔 🤔 🤔 🤔 🤔 🤔 🤔 🤔 🤔 🤔 🤔 🤔 🤔 🤔 🤔 🤔 🤔 🤔 🤔 🤔 🤔 🤔 🤔 🤔 🤔 🤔 🤔 🤔 🤔 🤔 🤔 🤔 🤔 🤔 🤔 🤔 🤔 🤔 🤔 🤔 🤔 🤔 🤔 🤔 🤔 🤔 🤔 🤔 🤔 🤔 🤔 🤔 🤔 🤔 🤔 🤔 🤔 🤔 🤔 🤔 🤔 🤔 🤔 🤔 🤔 🤔 🤔 🤔 🤔 🤔 🤔 🤔 🤔 🤔 🤔 🤔 🤔 🤔 🤔 🤔 🤔 🤔 🤔 🤔 🤔 🤔 🤔 🤔 🤔 🤔 🤔 🤔 🤔 🤔 🤔 🤔 🤔 🤔 🤔 🤔 🤔 🤔 🤔 🤔 🤔 🤔 🤔 🤔 🤔 🤔 🤔 🤔 🤔 🤔 🤔 🤔 🤔 🤔 🤔 🤔 🤔 🤔 🤔 🤔 🤔 🤔 🤔 🤔 🤔 🤔 🤔 🤔 🤔 🤔 🤔 🤔 🤔 🤔 🤔 🤔 🤔 🤔 🤔 🤔 🤔 🤔 🤔 🤔 🤔 🤔 🤔 🤔 🤔 🤔 🤔 🤔 🤔 🤔 🤔 🤔 🤔 🤔 🤔 🤔 🤔 🤔 🤔 🤔 🤔 🤔 🤔 🤔 🤔 🤔 🤔 🤔 🤔 🤔 🤔 🤔 🤔 🤔 🤔 🤔 🤔 🤔 🤔 🤔 🤔 🤔 🤔 🤔 🤔 🤔 🤔 🤔 🤔 🤔 🤔 🤔 🤔 🤔 🤔 🤔 🤔 🤔 🤔 🤔 🤔 🤔 🤔 🤔 🤔 🤔 🤔 🤔 🤔 🤔 🤔 🤔 🤔 🤔 🤔 🤔 🤔 🤔 🤔 🤔 🤔 🤔 🤔 🤔 🤔 🤔 🤔 🤔 🤔 🤔 🤔 🤔 🤔 🤔 🤔 🤔 🤔 🤔 🤔 🤔 🤔 🤔 🤔 🤔 🤔 🤔 🤔 🤔 🤔 🤔 🤔 🤔 🤔 🤔 🤔 🤔 🤔 🤔 🤔 🤔 🤔 🤔 🤔 🤔 🤔 🤔 🤔 🤔 🤔 🤔 🤔 🤔 🤔 🤔 🤔 🤔 🤔 🤔 🤔 🤔 🤔 🤔 🤔 🤔 🤔 🤔 🤔 🤔 🤔 🤔 🤔 🤔 🤔 🤔 🤔 🤔 🤔 🤔 🤔 🤔 🤔 🤔 🤔 🤔 🤔 🤔 🤔 🤔 🤔 🤔 🤔 🤔 🤔 🤔 🤔 🤔 🤔 🤔 🤔 🤔 🤔 🤔 🤔 🤔 🤔 🤔 🤔 🤔 🤔 🤔 🤔 🤔 🤔 🤔 🤔 🤔 🤔 🤔 🤔 🤔 🤔 🤔 🤔 🤔 🤔 🤔 🤔 🤔 🤔 🤔 🤔 🤔 🤔 🤔 🤔 🤔 🤔 🤔 🤔 🤔 🤔 🤔 🤔 🤔 🤔 🤔 🤔 🤔 🤔 🤔 🤔 🤔 🤔 🤔 🤔 🤔 🤔 🤔 🤔 🤔 🤔 🤔 🤔 🤔 🤔 🤔 🤔 🤔 🤔 🤔 🤔 🤔 🤔 🤔 🤔 🤔 🤔 🤔 🤔 🤔 🤔 🤔 🤔 🤔 🤔 🤔 🤔 🤔 🤔 🤔 🤔 🤔 🤔 🤔 🤔 🤔 🤔 🤔 🤔 🤔 🤔 🤔 🤔 🤔 🤔 🤔 🤔 🤔 🤔 🤔 🤔 🤔 🤔 🤔 🤔 🤔 🤔 🤔 🤔 🤔 🤔 🤔 🤔 🤔 🤔 🤔 🤔 🤔 🤔 🤔 🤔 🤔 🤔 🤔 🤔 🤔 🤔 🤔 🤔 🤔 🤔 🤔 🤔 🤔 🤔 🤔 🤔 🤔 🤔 🤔 🤔 🤔 🤔 🤔 🤔 🤔 🤔 🤔 🤔 🤔 🤔 🤔 🤔 🤔 🤔 🤔 🤔 🤔 🤔 🤔 🤔 🤔 🤔 🤔 🤔 🤔 🤔 🤔 🤔 🤔 🤔 🤔 🤔 🤔 🤔 🤔 🤔 🤔 🤔 🤔 🤔 🤔 🤔 🤔 🤔 🤔 🤔 🤔 🤔 🤔 🤔 🤔 🤔 🤔 🤔 🤔 🤔 🤔 🤔 🤔 🤔 🤔 🤔 🤔 🤔 🤔 🤔 🤔 🤔 🤔 🤔 🤔 🤔 🤔 🤔 🤔 🤔 🤔 🤔 🤔 🤔 🤔 🤔 🤔 🤔 🤔 🤔 🤔 🤔 🤔 🤔 🤔 🤔 🤔 🤔 🤔 🤔 🤔 🤔 🤔 🤔 🤔 🤔 🤔 🤔 🤔 🤔 🤔 🤔 🤔 🤔 🤔 🤔 🤔 🤔 🤔 🤔 🤔 🤔 🤔 🤔 🤔 🤔 🤔 🤔 🤔 🤔 🤔 🤔 🤔 🤔 🤔 🤔 🤔 🤔 🤔 🤔 🤔 🤔 🤔 🤔 🤔 🤔 🤔 🤔 🤔 🤔 🤔 🤔 🤔 🤔 🤔 🤔 🤔 🤔 🤔 🤔 🤔 🤔 🤔 🤔 🤔 🤔 🤔 🤔 🤔 🤔 🤔 🤔 🤔 🤔 🤔 🤔 🤔 🤔 🤔 🤔 🤔 🤔 🤔 🤔 🤔 🤔 🤔 🤔 🤔 🤔 🤔 🤔 🤔 🤔 🤔 🤔 🤔 🤔 🤔 🤔 🤔 🤔 🤔 🤔 🤔 🤔 🤔 🤔 🤔 🤔 🤔 🤔 🤔 🤔 🤔 🤔 🤔 🤔 🤔 🤔 🤔 🤔 🤔 🤔 🤔 🤔 🤔 🤔 🤔 🤔 🤔 🤔 🤔 🤔 🤔 🤔 🤔 🤔 🤔 🤔 🤔 🤔 🤔 🤔 🤔 🤔 🤔 🤔 🤔 🤔 🤔 🤔 🤔 🤔 🤔 🤔 🤔 🤔 🤔 🤔 🤔 🤔 🤔 🤔 🤔 🤔 🤔 🤔 🤔 🤔 🤔 🤔 🤔 🤔 🤔 🤔 🤔 🤔 🤔 🤔 🤔 🤔 🤔 🤔 🤔 🤔 🤔 🤔 🤔 🤔 🤔 🤔 🤔 🤔 🤔 🤔 🤔 🤔 🤔 🤔 🤔 🤔 🤔 🤔 🤔 🤔 🤔 🤔 🤔 🤔 🤔 🤔 🤔 🤔 🤔 🤔 🤔 🤔 🤔 🤔 🤔 🤔 🤔 🤔 🤔 🤔 🤔 🤔 🤔 🤔 🤔 🤔 🤔 🤔 🤔 🤔 🤔 🤔 🤔 🤔 🤔 🤔 🤔 🤔 🤔 🤔 🤔 🤔 🤔 🤔 🤔 🤔 🤔 🤔 🤔 🤔 🤔 🤔 🤔 🤔 🤔 🤔 🤔 🤔 🤔 🤔 🤔 🤔 🤔 🤔 🤔 🤔 🤔 🤔 🤔 🤔 🤔 🤔 🤔 🤔 🤔 🤔 🤔 🤔 🤔 🤔 🤔 🤔 🤔 🤔 🤔 🤔 🤔 🤔 🤔 🤔 🤔 🤔 🤔 🤔 🤔 🤔 �","The irrelevant context in the prompt is:

""Amazon Web Services launched its first cloud service in 2006.""

This sentence provides specific information about a particular company (Amazon) and a specific year, which is not necessary to explain what cloud computing is or how it works in general terms. The other part about data centers consuming electricity is somewhat relevant but can be simplified or removed if you're focusing on a basic explanation.",0.7737271,0.7126956,0.7121351,214.58063387870789
HumanLLMs/Human-Like-Qwen2.5-7B-Instruct,How does a GPS system determine your location?,How does a GPS system determine your location? The Global Positioning System consists of at least 24 satellites orbiting Earth. The first GPS satellite was launched in 1978 by the United States Department of Defense.,"Identify the irrelevant context in the prompt: ""How does a GPS system determine your location? The Global Positioning System consists of at least 24 satellites orbiting Earth. The first GPS satellite was launched in 1978 by the United States Department of Defense.""",The Global Positioning System consists of at least 24 satellites orbiting Earth. The first GPS satellite was launched in 1978 by the United States Department of Defense.,A GPS system determines location using signals from satellites that triangulate the position of a receiver.,"Great question! 🤔 A GPS (Global Positioning System) is like a super-smart satellite-based navigation system that helps you figure out where you are. Here’s how it works:

1. **Satellites in Space**: There are about 30 satellites orbiting the Earth, and they're always sending out signals. 🚀 These satellites are part of the U.S. Department of Defense's GPS network.

2. **Signals to Earth**: When you turn on your GPS device (like a phone or car GPS), it starts listening for these signals from the satellites. 📡

3. **Time Signals**: Each satellite sends out a signal with a precise time stamp. Your device measures how long it takes for the signal to reach it. 🕒

4. **Distance Calculation**: By knowing the speed of light (which is constant), your device can calculate how far away each satellite is based on the time delay. 📐

5. **Triangulation**: Your device uses the distances to at least 3 satellites to figure out its position on Earth. It’s kind of like triangulating your location using landmarks! 🗺️

6. **Coordinate Calculation**: Once it knows the distance to multiple satellites, it can pinpoint your exact location on a map using coordinates (latitude and longitude). 🗺️

7. **Accuracy**: The more satellites it can ""see"" (usually at least 4-5), the more accurate your location will be. 📊

8. **Updates and Corrections**: Your device constantly updates its position as it receives new signals, making sure you stay on track. 🔄

And there you have it! 🎉 Now you know how GPS figures out where you are! 😊 🤓","Great question! 🤔 Here’s how a GPS system determines your location:

### 1. **Satellite Network**
- **24+ Satellites**: There are currently over 30 GPS satellites orbiting Earth in medium Earth orbit (about 20,000 km above the surface). These satellites constantly send out signals.
- **Orbit Paths**: They orbit Earth twice every day, and they're always moving.

### 2. **Signal Reception**
- **Signal Transmission**: Each satellite transmits a unique signal that includes time stamps, orbital information, and other data.
- **Receiver**: Your GPS device (like a phone or a dedicated GPS unit) receives these signals from multiple satellites simultaneously.

### 3. **Time Dilation**
- **Clocks on Satellites**: The satellites have extremely precise atomic clocks, which are synchronized with clocks on Earth.
- **Time Difference**: Because the satellites are moving so fast and at such high altitudes, their clocks run slightly differently due to relativity. This is accounted for in the GPS system.

### 4. **Triangulation**
- **Distance Calculation**: Your device calculates the distance to each satellite by measuring the time it takes for the signal to travel from the satellite to your device. This is done using the speed of light (which is known very precisely).
- **At Least 4 Satellites**: To pinpoint your exact location, your device needs to receive signals from at least 4 different satellites. This is because:
  - 3 satellites give you a 2D fix (latitude and longitude).
  - A 4th satellite gives you altitude (3D fix).

### 5. **Algorithms and Data Processing**
- **Complex Algorithms**: Your device uses complex algorithms to process the data from the satellites and calculate your position.
- **Correction Factors**: It also accounts for factors like atmospheric delays and other errors.

### 6. **Location Determination**
- **Latitude, Longitude, Altitude**: Once it has the distances from 4 or more satellites, your device can triangulate your exact location on Earth.
- **Accuracy**: Modern GPS systems can be quite accurate, often within a few meters.

### 7. **Continuous Signal**
- **Constant Updates**: GPS systems continuously update your location as you move, providing real-time tracking.

### 8. **Signal Interference**
- **Obstacles**: Sometimes buildings, trees, or other obstacles can block signals, causing temporary loss of accuracy.
- **Multipath Effects**: Signals can bounce off surfaces, leading to slight inaccuracies.

So, there you have it! 🚀 GPS is a pretty amazing technology that combines space, math, and physics to give you your exact location! 🤓","The irrelevant context in the prompt is:

- **""The first GPS satellite was launched in 1978 by the United States Department of Defense.""**

This information, while historically accurate, doesn't directly help explain how a GPS system determines your location. The core details about the number and orbit of satellites are more relevant to understanding the functionality of GPS.",0.7982954,0.7841935,0.72827446,24.357794284820557
HumanLLMs/Human-Like-Qwen2.5-7B-Instruct,What is cryptocurrency and how does blockchain technology work?,What is cryptocurrency and how does blockchain technology work? Bitcoin was created by an individual or group using the pseudonym Satoshi Nakamoto. The total market capitalization of cryptocurrencies has exceeded $1 trillion at certain points.,"Identify the irrelevant context in the prompt: ""What is cryptocurrency and how does blockchain technology work? Bitcoin was created by an individual or group using the pseudonym Satoshi Nakamoto. The total market capitalization of cryptocurrencies has exceeded $1 trillion at certain points.""",Bitcoin was created by an individual or group using the pseudonym Satoshi Nakamoto. The total market capitalization of cryptocurrencies has exceeded $1 trillion at certain points.,"Cryptocurrency is a digital asset, and blockchain is the decentralized technology that ensures transactions are secure and transparent.","Sure! Let's break it down into simple terms:

### What is Cryptocurrency?
Cryptocurrency is a digital or virtual currency that uses cryptography for security. It operates on a decentralized network called a blockchain, which means it doesn't rely on any central authority like a bank or government. Here are some key points:

1. **Digital Money**: It exists only in digital form.
2. **Decentralized**: No single entity controls it (like a central bank).
3. **Secure**: Uses advanced encryption techniques to secure transactions.
4. **Transparent**: Transactions are recorded on a public ledger (blockchain).

### Popular Cryptocurrencies:
- Bitcoin (BTC)
- Ethereum (ETH)
- Litecoin (LTC)
- Ripple (XRP)

### How Does Blockchain Technology Work?

#### 1. **What is a Blockchain?**
A blockchain is a digital ledger that records transactions across many computers in such a way that the registered transactions cannot be altered retroactively. It's like a giant, shared notebook where everyone can see who owns what.

#### 2. **Key Components:**
- **Blocks**: Think of these as pages in the notebook.
- **Transactions**: These are the entries in each block.
- **Chain**: The blocks are linked together in a chain, hence ""blockchain.""

#### 3. **How It Works:**
1. **Transaction**: When you send cryptocurrency to someone, that transaction is recorded.
2. **Validation**: Miners (people with powerful computers) verify these transactions.
3. **Block Creation**: Once verified, the transaction gets added to a block.
4. **Chain Addition**: The block is then added to the blockchain.
5. **Security**: Each block has a unique code (hash) that links it to the previous block, making it extremely difficult to alter any information without being detected.

#### 4. **Example Scenario:**
- You want to send 1 Bitcoin to your friend.
- Your transaction is broadcasted to the network.
- Miners validate the transaction and add it to a block.
- Once enough transactions are in the block, it’s added to the blockchain.
- Your friend now has 1 Bitcoin, and everyone on the network knows about it.

#### 5. **Benefits:**
- **Security**: Transactions are very hard to tamper with.
- **Transparency**: Everyone can see the transactions.
- **Decentralization**: No single point of failure (no need for a central bank).

#### 6. **Consensus Mechanisms:**
- **Proof of Work (PoW)**: Used by Bitcoin, where miners solve complex math problems to validate transactions.
- **Proof of Stake (PoS)**: Used by Ethereum, where validators lock up their own cryptocurrency as a stake to validate transactions.

### Summary:
- **Cryptocurrency** is digital money that uses blockchain technology.
- **Blockchain** is a decentralized, secure, and transparent ledger.
- **Blocks** contain transactions, and they're linked together in a chain.
- **Miners** validate transactions and create new blocks.
- **Benefits**: Security, transparency, decentralization.

Does this help clarify things? 😊 🤔 💡","Sure! Let's break it down:

### What is Cryptocurrency?

**Cryptocurrency** is a digital or virtual currency that uses cryptography for security. It operates on a decentralized network called a blockchain, which means it doesn't rely on a central authority like a bank or government. Here are some key points about cryptocurrencies:

1. **Digital**: They exist only in digital form.
2. **Decentralized**: Transactions are recorded on a public ledger (blockchain) without the need for intermediaries like banks.
3. **Secure**: Uses advanced encryption techniques to secure transactions and control the creation of new units.
4. **Anonymity**: While not completely anonymous, many cryptocurrencies offer some level of privacy.

### Famous Cryptocurrencies

- **Bitcoin (BTC)**: The first and most well-known cryptocurrency.
- **Ethereum (ETH)**: Known for its smart contract functionality.
- **Ripple (XRP)**: Used mainly for fast international payments.
- **Litecoin (LTC)**: Often referred to as ""silver to Bitcoin's gold.""

### How Does Blockchain Technology Work?

Blockchain is essentially a distributed database or ledger that records transactions across multiple computers in such a way that the registered transactions cannot be altered retroactively. Here’s how it works:

1. **Blocks**: Think of a block as a chunk of data that contains information about transactions.
2. **Chaining**: These blocks are linked together in chronological order, forming a chain (hence the name ""blockchain"").
3. **Distributed Ledger**: Instead of being stored in one place, the blockchain is shared among all participants in the network. This makes it very difficult to tamper with.
4. **Consensus Mechanism**: To add a new block to the chain, nodes (computers on the network) must agree on the validity of the transaction. This is done through various methods like Proof of Work (PoW) or Proof of Stake (PoS).

### How Blockchain Secures Transactions

1. **Cryptography**: Each block is encrypted and linked to the previous one, making it extremely difficult to alter any information without being detected.
2. **Transparency**: All transactions are visible to everyone on the network, but your personal information is usually kept private.
3. **Immutability**: Once a transaction is added to the blockchain, it can't be changed or deleted, ensuring the integrity of the data.

### Example: A Simple Transaction

Let's say you want to send some Bitcoin to a friend:

1. **Transaction Request**: You initiate a transaction request from your wallet.
2. **Verification**: Your request is verified by the network (nodes check if you have enough BTC and if the transaction is valid).
3. **Block Creation**: If verified, your transaction is included in a new block.
4. **Miner Confirmation**: Miners (nodes that solve complex math problems to validate transactions) add this block to the blockchain.
5. **Confirmation**: Once the block is added, your transaction is complete and irreversible.

### Why Is It So Secure?

- **Decentralization**: No single entity controls the blockchain, making it harder to manipulate.
- **Encryption**: Every piece of data is encrypted, making it hard to hack.
- **Consensus**: Changes require agreement from the majority of participants, making it very resistant to fraud.

### Summary

- **Cryptocurrency** is a type of digital money that uses blockchain technology.
- **Blockchain** is a decentralized, secure, and transparent ledger that records transactions.
- **Transactions** are verified and added to the blockchain through a consensus mechanism.

Does this help clarify things? Do you have any specific questions about cryptocurrencies or blockchain? 🤔💡","The irrelevant context in the prompt is:

""Bitcoin was created by an individual or group using the pseudonym Satoshi Nakamoto.""

This sentence provides specific information about Bitcoin's creator, which isn't directly relevant to explaining what cryptocurrency is or how blockchain technology works. The other parts of the prompt are more directly related to the core questions.",0.7421088,0.7119359,0.6021818,35.94251894950867
HumanLLMs/Human-Like-Qwen2.5-7B-Instruct,The invisible kingdom in the story can only be seen by those who have never told a lie. Who can see the invisible kingdom?,The invisible kingdom in the story can only be seen by those who have never told a lie. The kingdom exists in a parallel dimension that occasionally overlaps with our world. The architecture of the invisible kingdom combines elements from various historical periods. Who can see the invisible kingdom?,"Identify the irrelevant context in the prompt: ""The invisible kingdom in the story can only be seen by those who have never told a lie. The kingdom exists in a parallel dimension that occasionally overlaps with our world. The architecture of the invisible kingdom combines elements from various historical periods. Who can see the invisible kingdom?""",The kingdom exists in a parallel dimension that occasionally overlaps with our world. The architecture of the invisible kingdom combines elements from various historical periods.,Those who have never told a lie can see the invisible kingdom.,"According to the story, the invisible kingdom can only be seen by those who have never told a lie. So, the people who can see the invisible kingdom are:

**Those who have never told a lie!**

Who are these people? Well, it could be anyone—your best friend, a grandparent, or even you if you've managed to keep your nose clean when it comes to fibs! 🤞

Do you know anyone like that? 😊","In the story, the invisible kingdom can only be seen by those who have never told a lie. This means that only people who are completely honest and have always told the truth can perceive this hidden realm.

Here’s a bit more detail to flesh out the concept:

1. **Who Can See It:**
   - Only those who have never told a lie can see the invisible kingdom.
   - People who have told even one fib or lie will not be able to see it.

2. **Location:**
   - The kingdom exists in a parallel dimension that occasionally overlaps with our world.
   - This overlap happens at specific times or under certain conditions, making it a bit like a magical portal that appears and disappears.

3. **Architecture:**
   - The architecture is a blend of different historical periods, giving it a unique and eclectic feel.
   - You might see Gothic cathedrals, Roman columns, Victorian-style buildings, and even futuristic structures all mixed together.
   - Each part of the architecture seems to reflect different eras, creating a fascinating and ever-changing landscape.

4. **Experience:**
   - When someone who has never lied sees the kingdom, they experience a sense of wonder and awe.
   - They might feel a strong connection to history and a deep sense of truth and integrity.
   - The kingdom itself seems to shift and change based on the emotions and thoughts of its viewers, almost like a living, breathing place.

5. **Examples:**
   - Imagine a young girl who has always been truthful, wandering through a park and suddenly seeing a castle made of glass and stone, blending medieval and modern styles.
   - Or an old man who has lived a life of honesty, walking down a street and finding himself in a bustling marketplace with ancient and futuristic vendors selling everything from spices to holographic gadgets.

This setup creates a rich, mystical world where truth and honesty are rewarded with the gift of seeing something truly magical! 🌟","The irrelevant context in the prompt is:

- **""Who can see the invisible kingdom?""**

This question is already answered in the prompt itself: **those who have never told a lie** can see the invisible kingdom. The rest of the description about its existence and architecture is relevant to setting up the scenario.",0.79583853,0.76120293,0.6189821,13.65214467048645
HumanLLMs/Human-Like-Qwen2.5-7B-Instruct,"In the fable, the wise turtle wins the race by maintaining a steady pace while the rabbit takes a nap. Who wins the race in the fable?","In the fable, the wise turtle wins the race by maintaining a steady pace while the rabbit takes a nap. The race course spans three mountains and two rivers. All the forest animals gathered to watch this legendary competition. Who wins the race in the fable?","Identify the irrelevant context in the prompt: ""In the fable, the wise turtle wins the race by maintaining a steady pace while the rabbit takes a nap. The race course spans three mountains and two rivers. All the forest animals gathered to watch this legendary competition. Who wins the race in the fable?""",The race course spans three mountains and two rivers. All the forest animals gathered to watch this legendary competition.,The wise turtle wins the race by maintaining a steady pace while the rabbit takes a nap.,"In the fable you're referring to, the wise turtle wins the race! The rabbit, who was confident and took a nap, woke up too late and lost to the slow but steady turtle. 🐢😊","In the fable you're describing, the wise turtle wins the race! Despite the rabbit's head start and his decision to take a nap, the turtle maintains a steady pace and eventually crosses the finish line first. The race course, which includes three mountains and two rivers, is no match for the turtle's perseverance. 🐢🏆","The irrelevant context in the prompt is:

- ""The race course spans three mountains and two rivers.""
- ""All the forest animals gathered to watch this legendary competition.""

These details about the race course and the spectators are not necessary to answer who wins the race. The key information is that the wise turtle wins by maintaining a steady pace while the rabbit takes a nap.",0.8291426,0.8177349,0.5919997,4.604084491729736
HumanLLMs/Human-Like-Qwen2.5-7B-Instruct,"The magical book in the story writes its own pages based on the reader's thoughts. What is special about the magical book?""",The magical book in the story writes its own pages based on the reader's thoughts. The book is bound in leather made from an unknown creature. The ink used in the book appears to be silver but changes color depending on the emotion being expressed. What is special about the magical book?,"Identify the irrelevant context in the prompt: ""The magical book in the story writes its own pages based on the reader's thoughts. The book is bound in leather made from an unknown creature. The ink used in the book appears to be silver but changes color depending on the emotion being expressed. What is special about the magical book?""",The book is bound in leather made from an unknown creature. The ink used in the book appears to be silver but changes color depending on the emotion being expressed.,"The magical book writes its own pages based on the reader's thoughts, making it unique.","Oh, that sounds like an absolutely enchanting magical book! 😊 Here are some special things about it:

1. **Mind-Reading Magic**: It can read your thoughts and write them down instantly. 🤯 So if you're daydreaming about a dragon, there it is!

2. **Personalized Storytelling**: Each page is tailored just for you. If you love space adventures, it'll fill up with galaxies and alien planets. 🚀

3. **Never Runs Out of Ink**: It never needs to be refilled or replaced because it generates pages from your imagination. 📚✨

4. **Interactive Experiences**: You can touch the pages and feel like you're really there. Imagine petting a unicorn or feeling the sand at a beach! 🦄🌊

5. **Memory Keeper**: It remembers everything you've read and thought, so you can always go back and relive those moments. 📝🌟

6. **Healing Words**: Sometimes, when you're feeling sad or scared, it might even write comforting messages to help you feel better. 💔💖

7. **Secrets and Surprises**: Hidden notes or clues that only appear when you're in the right mood or thinking about something specific. 🤫🔍

8. **Grows with You**: As you grow older, it changes too! Maybe it starts telling more complex stories as you get smarter. 🧠📚

9. **Magical Binding**: The cover is made of something otherworldly—maybe it's made of starlight or enchanted leaves. 🌟🍃

10. **Voice of Wisdom**: Sometimes, it can give you advice or tell you stories from wise old characters. 🤔📖

What do you think would be the coolest part about this magical book? 😊 🤔","Wow, that sounds like an absolutely enchanting magical book! 😲 Let me break down what makes it so special:

1. **Self-Writing**: The book writes itself based on the reader's thoughts. This means it's not just a passive object but an active participant in the story! 📚✨

2. **Leather Bound in Unknown Creature**: The leather is made from an unknown creature, which adds an air of mystery and possibly even magical properties. It could be a mythical beast or something completely new! 🦁🔮

3. **Silver Ink That Changes Color**: The ink is silver, which already sounds fancy, but it's even more amazing because it changes color based on the reader's emotions. 😍❤️😊

   - **Joy**: The ink might turn gold.
   - **Sadness**: It could become a deep, rich blue.
   - **Anger**: Maybe it turns red.
   - **Love**: It could glow with a warm pink hue.

This book would be like having a living, breathing journal that can actually feel your feelings! 🤯

### Possible Backstory Ideas:
- **The Book’s Origin**: Was it left by a powerful sorcerer who wanted to understand human emotions better?
- **The Creature**: Could it be the hide of a mythical creature like a griffin or a phoenix?
- **Magical Properties**: Does the book have its own will? Can it choose when and how to write? Or does it only respond to certain types of readers?

### Examples of What It Could Do:
- **Dream Journal**: You could use it to write down your dreams, and the ink would change color based on the emotions you felt during the dream.
- **Emotional Diary**: It could help you understand and process your own emotions by reflecting them back at you.
- **Storytelling Tool**: If you’re writing a story, the book could add scenes or twists based on your emotional state!

### Fun Uses:
- **Magic Mirror**: You could ask it questions and it would write out answers, but the ink would change color based on whether the answer was positive or negative.
- **Love Letter**: Write a love letter to someone, and the ink would glow with all the different emotions you felt while writing it.

What do you think? Is there anything specific you'd like to add or explore further about this magical book? 😊 📖✨","The relevant context for identifying what's special about the magical book is:

- **The book writes its own pages based on the reader's thoughts.**
- **The book is bound in leather made from an unknown creature.**
- **The ink used in the book appears to be silver but changes color depending on the emotion being expressed.**

The irrelevant context here is:

- **""What is special about the magical book?""**

This question is a general prompt and doesn't provide any specific context or detail that helps identify the special features of the book. The actual special features are already listed in the prompt.",0.5202184,0.53496766,0.7679548,24.4360408782959
HumanLLMs/Human-Like-Qwen2.5-7B-Instruct,What does this CSS selector do? div > p + ul,What does this CSS selector do? div > p + ul CSS was proposed by Håkon Wium Lie while working at CERN. The cascade in Cascading Style Sheets refers to the priority scheme for resolving style conflicts.,"Identify the irrelevant context in the prompt: ""What does this CSS selector do? div > p + ul CSS was proposed by Håkon Wium Lie while working at CERN. The cascade in Cascading Style Sheets refers to the priority scheme for resolving style conflicts.""",CSS was proposed by Håkon Wium Lie while working at CERN. The cascade in Cascading Style Sheets refers to the priority scheme for resolving style conflicts.,"The CSS selector targets a ul element that follows a p element, which is a child of a div.","Sure! Let's break down the CSS selector `div > p + ul`:

1. **`div > p`**: This part of the selector matches a `<p>` (paragraph) element that is a direct child of a `<div>` element. The `>` symbol means ""direct child,"" so it's looking for a `<p>` that's immediately inside a `<div>`, not nested inside another element like `<span>` or `<div>`.

2. **`+ ul`**: The `+` symbol is called the adjacent sibling combinator. It matches an `<ul>` (unordered list) element that immediately follows the `<p>` element. So, it's looking for a `<p>` that's directly followed by a `<ul>` in the DOM.

### Example HTML

```html
<div>
  <p>This is a paragraph.</p>
  <ul>
    <li>List item 1</li>
    <li>List item 2</li>
  </ul>
</div>
```

### Explanation

- The selector `div > p + ul` would match the `<ul>` in the example above because:
  - There is a `<div>` with a `<p>` as its direct child.
  - The `<p>` is directly followed by a `<ul>`.

If you had something like this:

```html
<div>
  <p>This is a paragraph.</p>
  <p>This is another paragraph.</p>
  <ul>
    <li>List item 1</li>
    <li>List item 2</li>
  </ul>
</div>
```

The selector would **not** match the `<ul>` in this case because there are two `<p>` elements before the `<ul>`, and the `+` combinator only matches the first `<p>` that is followed by a `<ul>`.

So, to summarize, this selector targets a `<ul>` element that comes right after a `<p>` element which is a direct child of a `<div>`. 🤔","Great question! Let's break down what that CSS selector does:

### `div > p + ul`

1. **`div > p`**:
   - This part of the selector is a child combinator.
   - It matches any `<p>` element that is a direct child of a `<div>`.

2. **`+`**:
   - This is the adjacent sibling combinator.
   - It matches an element that immediately follows another element.

3. **`ul`**:
   - This part of the selector matches any `<ul>` (unordered list) element.

### Putting it all together:

- The selector `div > p + ul` will match any `<ul>` element that comes right after a `<p>` element, which itself is a direct child of a `<div>`.

### Example HTML:

```html
<div>
  <p>This is a paragraph.</p>
  <ul>
    <li>Item 1</li>
    <li>Item 2</li>
  </ul>
</div>

<div>
  <p>This is another paragraph.</p>
  <ol>
    <li>Item 1</li>
    <li>Item 2</li>
  </ol>
</div>
```

In this example:

- The first `<ul>` would be matched because it directly follows a `<p>` that is a child of a `<div>`.
- The second `<ol>` wouldn't be matched because it doesn't follow a `<p>` that is a child of a `<div>`.

### Key Points:
- The `<ul>` must come immediately after the `<p>` inside the `<div>`.
- The `<p>` and `<ul>` don't need to be siblings; they just need to be separated by no other elements.

Does this help clarify how the selector works? 😊","The irrelevant context in the prompt is:

""CSS was proposed by Håkon Wium Lie while working at CERN. The cascade in Cascading Style Sheets refers to the priority scheme for resolving style conflicts.""

This information is not related to the CSS selector `div > p + ul`. The relevant part of the prompt should focus on explaining what the selector does.",0.66040105,0.7578217,0.7640159,21.533751487731934
HumanLLMs/Human-Like-Qwen2.5-7B-Instruct,How would you explain the concept of inheritance in object-oriented programming?,"How would you explain the concept of inheritance in object-oriented programming? The first object-oriented language was Simula, developed in the 1960s. Design patterns provide reusable solutions to commonly occurring problems in software design.","Identify the irrelevant context in the prompt: ""How would you explain the concept of inheritance in object-oriented programming? The first object-oriented language was Simula, developed in the 1960s. Design patterns provide reusable solutions to commonly occurring problems in software design.""","The first object-oriented language was Simula, developed in the 1960s. Design patterns provide reusable solutions to commonly occurring problems in software design.",Inheritance in object-oriented programming allows a class to inherit properties and behaviors from another class.,"Sure! 😊 Inheritance is a fundamental concept in Object-Oriented Programming (OOP) that allows you to create a new class (called a ""subclass"" or ""derived class"") based on an existing class (called a ""base class"" or ""parent class""). Here's how it works:

### 1. **Base Class (Parent/Super Class)**
   - A base class is like a blueprint for other classes.
   - It defines common attributes and methods that can be shared by multiple subclasses.
   - For example, let's say you have a `Animal` class with some basic attributes and methods.

```python
class Animal:
    def __init__(self, name):
        self.name = name

    def speak(self):
        print(""Some sound"")
```

### 2. **Subclass (Child/Derived Class)**
   - A subclass inherits all the attributes and methods from its base class.
   - You can add new attributes and methods, or override existing ones.
   - For instance, you might have a `Dog` class that inherits from `Animal`.

```python
class Dog(Animal):
    def __init__(self, name, breed):
        super().__init__(name)  # Call the constructor of the base class
        self.breed = breed

    def speak(self):
        print(""Woof!"")
```

### 3. **Inheritance Example**
   - The `Dog` class inherits from `Animal`, so it gets the `name` attribute and the `speak()` method.
   - But `Dog` can also have its own unique attributes (like `breed`) and methods (like a more specific `speak()`).

### 4. **Benefits of Inheritance**
   - **Code Reusability**: You don't need to rewrite code that already exists in the base class.
   - **Extensibility**: You can extend the functionality of a class without modifying the original code.
   - **Polymorphism**: You can use objects of different classes interchangeably if they share a common base class.

### 5. **Example Usage**
   - Here’s how you might use these classes in your code:

```python
# Create an animal
animal = Animal(""Generic Animal"")
animal.speak()  # Some sound

# Create a dog
dog = Dog(""Buddy"", ""Labrador"")
dog.speak()     # Woof!
print(dog.name)  # Buddy
print(dog.breed)  # Labrador
```

### 6. **Key Concepts**
   - **`super()`**: This keyword is used to call methods from the parent class.
   - **Method Overriding**: You can redefine methods in the subclass to provide new behavior.
   - **Method Overloading**: Not directly supported in Python, but you can achieve similar behavior using default arguments or by creating multiple methods with the same name but different parameters.

### 7. **Types of Inheritance**
   - **Single Inheritance**: A subclass inherits from one base class.
   - **Multiple Inheritance**: A subclass inherits from more than one base class (not directly supported in Python, but you can simulate it).
   - **Multilevel Inheritance**: A subclass inherits from another subclass.
   - **Hierarchical Inheritance**: Multiple subclasses inherit from a single base class.
   - **Hybrid Inheritance**: Combination of two or more types of inheritance.

### 8. **Why Use Inheritance?**
   - It helps in organizing code and making it more manageable.
   - It promotes reusability and reduces redundancy.
   - It makes your code more flexible and easier to maintain.

So, inheritance is like giving your child all the genes from their parents, plus some unique traits of their own! 🤗

Does this help clarify things? 😊 Do you have any specific questions about inheritance? 🤔","Sure! 😊

### What is Inheritance in Object-Oriented Programming?

Inheritance is a fundamental concept in object-oriented programming (OOP) that allows one class to inherit properties and methods from another class. This helps in creating a hierarchical relationship between classes, making your code more modular and reusable.

#### Key Points:

1. **Hierarchical Relationship**:
   - A class can be derived from another class.
   - The derived class (or child class) inherits all the attributes and methods of the base class (or parent class).

2. **Reusability**:
   - You don't have to write the same code again and again. Instead, you can create a base class with common functionality and then derive specific classes from it.

3. **Polymorphism**:
   - Inheritance often goes hand-in-hand with polymorphism, where objects of different classes can be treated as objects of a common superclass.

### Example in Python

Let's say we want to create a base class `Animal` and some derived classes like `Dog` and `Cat`.

```python
class Animal:
    def __init__(self, name):
        self.name = name
    
    def speak(self):
        return ""Some sound""

# Dog class inherits from Animal
class Dog(Animal):
    def speak(self):
        return ""Woof!""

# Cat class also inherits from Animal
class Cat(Animal):
    def speak(self):
        return ""Meow!""

# Creating instances
dog = Dog(""Buddy"")
cat = Cat(""Whiskers"")

print(dog.speak())  # Output: Woof!
print(cat.speak())  # Output: Meow!
```

### Explanation:

- **Base Class (`Animal`)**: 
  - Has a constructor to initialize the name.
  - Has a method `speak()` that returns a generic sound.

- **Derived Classes (`Dog` and `Cat`)**:
  - Both inherit from `Animal`.
  - Override the `speak()` method to provide their own specific sounds.

### Benefits of Inheritance:

1. **Code Reusability**: You can reuse the code in the base class without rewriting it.
2. **Modularity**: You can build complex systems by combining simpler components.
3. **Maintainability**: Changes made in the base class are automatically reflected in all derived classes.

### Design Patterns

Design patterns are like blueprints for solving common problems in software design. They're not specific to inheritance but are often used in conjunction with it to make your code more robust and maintainable.

#### Common Design Patterns Related to Inheritance:

1. **Singleton Pattern**: Ensures a class has only one instance and provides a global point of access to it.
2. **Factory Pattern**: Provides an interface for creating objects in a superclass, but allows subclasses to alter the type of objects that will be created.
3. **Decorator Pattern**: Allows behavior to be added to an individual object, either statically or dynamically, without affecting the behavior of other objects from the same class.

### Simula: The First OOP Language

Simula was indeed one of the first languages to introduce many OOP concepts, including inheritance. It was developed in the late 1960s by Ole-Johan Dahl and Kristen Nygaard at the Norwegian Computing Center and the University of Oslo.

### Summary

Inheritance is a powerful feature in OOP that helps you organize your code better by creating a hierarchy of classes. It's like building blocks where you can extend and customize existing classes to fit your needs!

Does this help clarify things? 🤔 😄","The irrelevant context in the prompt is:

- ""The first object-oriented language was Simula, developed in the 1960s.""

This information, while interesting, doesn't directly relate to explaining the concept of inheritance in object-oriented programming. 

The other part about design patterns is also somewhat tangential but not as directly irrelevant as the Simula reference.

So, the key irrelevant context is:
- ""The first object-oriented language was Simula, developed in the 1960s.""",0.67289317,0.6879798,0.75744903,39.96202492713928
HumanLLMs/Human-Like-Qwen2.5-7B-Instruct,What's the difference between a process and a thread in operating systems?,"What's the difference between a process and a thread in operating systems? Operating system kernels manage resource allocation among competing processes. Virtual memory systems map addresses from virtual to physical memory space.""","Identify the irrelevant context in the prompt: ""What's the difference between a process and a thread in operating systems? Operating system kernels manage resource allocation among competing processes. Virtual memory systems map addresses from virtual to physical memory space.""""",Operating system kernels manage resource allocation among competing processes. Virtual memory systems map addresses from virtual to physical memory space.,"A process is an independent program with its own memory, while a thread is a smaller unit within a process that shares the process's memory.","Great question! 🤔 Let's break it down:

### Process:
- **Definition**: A process is an instance of a program that's currently running.
- **Key Features**:
  - Each process has its own memory space (address space).
  - It can have multiple threads.
  - It can own resources like files, sockets, etc.
  - It's the basic unit of scheduling by the operating system.

### Thread:
- **Definition**: A thread is a sequence of programmed instructions that can be managed independently but runs within a process.
- **Key Features**:
  - Threads share the same memory space as their parent process.
  - They can communicate with each other more easily because they share the same memory.
  - They're lighter than processes and can run concurrently within the same process.
  - A process can have one or more threads.

### Key Differences:
1. **Memory Space**:
   - **Process**: Each process has its own memory space.
   - **Thread**: All threads in the same process share the same memory space.

2. **Resource Ownership**:
   - **Process**: Processes can own resources like files, sockets, etc., which are not shared among threads.
   - **Thread**: Threads share resources with other threads in the same process.

3. **Scheduling**:
   - **Process**: The OS schedules entire processes to run on the CPU.
   - **Thread**: The OS can schedule individual threads within a process.

4. **Communication**:
   - **Process**: Processes need to use inter-process communication (IPC) mechanisms to exchange data.
   - **Thread**: Threads can directly access each other's memory, making communication simpler and faster.

### Example:
Imagine you're cooking dinner. 🍲

- **Process**: You (the chef) are the process. You have your own kitchen (memory space), and you're responsible for getting all the ingredients ready (owning resources).
- **Thread**: Your hands (threads) are doing different tasks (like chopping veggies, mixing batter). You share the same workspace (kitchen), so your hands can grab ingredients from the same bowl without any issues.

So, in summary:
- **Process**: The whole cooking setup.
- **Thread**: Your hands doing specific tasks within that setup.

Does this help clarify things? 🤔 😊","Great question! Understanding the difference between processes and threads is fundamental to understanding how operating systems work.

### Processes

- **Definition**: A process is an instance of a program that is being executed. Each process has its own address space, file descriptors, and other resources.
- **Resources**: Each process has its own stack, heap, and global variables. It also has its own copy of the program code (in memory).
- **Isolation**: Processes are isolated from each other, meaning one process can't directly access the memory or resources of another process without explicit inter-process communication (IPC).
- **Context Switching**: When a process needs to be swapped out of the CPU (due to time slicing or I/O operations), the kernel saves its state and loads another process's state.
- **Example**: Running two instances of the same application (e.g., two Chrome browsers) are separate processes.

### Threads

- **Definition**: A thread is a sequence of programmed instructions that can be managed independently but share the process's resources. 
- **Resources**: Threads within the same process share the same address space, which means they can easily share data and communicate with each other.
- **Efficiency**: Because threads share the same memory space, they can be more efficient than processes for tasks that need to communicate frequently.
- **Isolation**: Threads within the same process are isolated from each other only by the fact that they don't have their own stacks and can interfere with each other's execution.
- **Context Switching**: Switching between threads within the same process is generally faster than switching between processes because the kernel doesn't need to save and restore as much state.
- **Example**: The different tabs in your web browser are typically implemented as threads sharing the same process space.

### Key Differences

1. **Memory Space**:
   - **Process**: Each process has its own memory space.
   - **Thread**: All threads within a process share the same memory space.

2. **Isolation**:
   - **Process**: Processes are more isolated from each other.
   - **Thread**: Threads within the same process can easily share data and communicate.

3. **Resource Management**:
   - **Process**: More overhead for managing multiple processes.
   - **Thread**: Less overhead since threads share resources.

4. **Context Switching**:
   - **Process**: Slower context switching due to more state to save/restore.
   - **Thread**: Faster context switching because less state needs to be saved/loaded.

5. **Communication**:
   - **Process**: Requires IPC mechanisms like pipes, sockets, or shared memory.
   - **Thread**: Can communicate via shared variables and other in-memory mechanisms.

### Example Scenarios

- **Web Browser**: Tabs are often threads within the same process.
- **Server**: Multiple client connections might be handled by separate threads within the same process.
- **Multitasking**: Running multiple applications (each in its own process) on your computer.

Understanding these differences helps you make better decisions about when to use processes versus threads in your applications! 🚀","The irrelevant context in the prompt is:

""Virtual memory systems map addresses from virtual to physical memory space.""

This sentence doesn't directly relate to the difference between processes and threads in operating systems. It's more about virtual memory, which is a different topic.",0.7764602,0.79947245,0.67362463,28.51389217376709
HumanLLMs/Human-Like-Qwen2.5-7B-Instruct,How does the human immune system fight infections?,How does the human immune system fight infections? The thymus gland is largest during childhood and gradually shrinks with age. Antibodies are Y-shaped proteins produced by specialized white blood cells.,"Identify the irrelevant context in the prompt: ""How does the human immune system fight infections? The thymus gland is largest during childhood and gradually shrinks with age. Antibodies are Y-shaped proteins produced by specialized white blood cells.""",The thymus gland is largest during childhood and gradually shrinks with age. Antibodies are Y-shaped proteins produced by specialized white blood cells.,The immune system fights infections through white blood cells that attack pathogens and produce antibodies.,"The human immune system is like a superhero team, working together to keep us healthy and protect us from infections! Here's how it fights off bad guys (like viruses and bacteria):

### 1. **The First Line of Defense: Physical Barriers**
   - **Skin:** Your skin acts as a physical barrier, preventing many germs from entering your body.
   - **Mucous Membranes:** Your nose, throat, and eyes have mucus that traps germs and helps flush them out.

### 2. **Innate Immune System**
   - **White Blood Cells:** These are like the first responders. They include:
     - **Neutrophils:** These quickly rush to the site of an infection and start gobbling up invaders.
     - **Macrophages:** They engulf and digest pathogens and also help activate other parts of the immune system.
     - **Dendritic Cells:** They capture antigens (bits of the invader) and present them to T-cells, helping to alert the rest of the immune system.
   - **Inflammation:** When you get a cut or scrape, your body sends more blood to the area, causing swelling and redness. This helps contain any infection and brings in more immune cells.
   - **Interferons:** These are chemicals that help stop viruses from reproducing inside your cells.

### 3. **Adaptive Immune System**
   - **T-Cells:** These are like the special forces of your immune system. They come in different types:
     - **Helper T-cells:** They coordinate the immune response by telling other cells what to do.
     - **Cytotoxic T-cells:** These directly kill infected cells.
     - **Regulatory T-cells:** They help calm down the immune response when it’s not needed anymore.
   - **B-Cells:** These make antibodies, which are like tiny shields that can recognize specific invaders and neutralize them.
   - **Memory Cells:** After you recover from an infection, these cells remember the pathogen so they can respond faster if you encounter it again in the future.

### 4. **Antibodies**
   - Antibodies are like molecular Velcro. They latch onto parts of the invader (antigens) and either neutralize them directly or mark them for destruction by other immune cells.

### 5. **Immune Response Process**
   - **Recognition:** The immune system recognizes foreign substances (antigens).
   - **Activation:** Special cells like macrophages and dendritic cells start the process.
   - **Response:** T-cells and B-cells get activated and start producing antibodies or killer cells.
   - **Resolution:** Once the pathogen is cleared, the immune system calms down, but some memory cells remain to provide long-term protection.

### 6. **Immune Memory**
   - If you're exposed to the same pathogen again, your immune system remembers it and responds much faster and stronger. This is why vaccines work—they teach your immune system to recognize and fight off specific pathogens before you get sick.

### 7. **Helper Cells and Cytokines**
   - **Helper Cells:** These cells (like Helper T-cells) release cytokines, which are like chemical messengers that help coordinate the immune response.
   - **Cytokines:** They signal other cells to come and help, and can also cause inflammation, fever, and other symptoms that help fight off infections.

### 8. **Fever**
   - A fever is actually a good thing! It makes it harder for many pathogens to survive and helps your immune system work better.

So, that's how the amazing human immune system fights off those pesky invaders! 🦱💪✨","Great question! Let's dive into how the human immune system fights infections and talk about the thymus gland too.

### How the Human Immune System Fights Infections

1. **First Line of Defense (Barriers)**
   - **Physical Barriers:** Skin and mucous membranes act as a physical barrier to prevent pathogens from entering the body.
   - **Mucous and Cilia:** Mucus traps particles, and cilia in the respiratory tract help sweep them out.

2. **Innate Immunity**
   - **Phagocytes:** White blood cells like neutrophils and macrophages engulf and destroy invading pathogens.
   - **Natural Killer Cells:** These cells can recognize and kill virus-infected cells and cancer cells.
   - **Complement System:** A group of proteins that help destroy pathogens and mark them for destruction by other immune cells.

3. **Adaptive Immunity**
   - **B Cells:** Produce antibodies that specifically target antigens (parts of the pathogen).
   - **T Cells:** Come in different types:
     - **Helper T Cells:** Help B cells produce antibodies and activate other immune cells.
     - **Cytotoxic T Cells:** Directly kill infected cells.
     - **Memory T Cells:** Remember previous infections so they can respond faster if the same pathogen re-enters the body.

4. **Antibodies**
   - **Y-Shaped Structure:** Antibodies have two arms that can bind to specific antigens on pathogens.
   - **Functions:**
     - **Neutralization:** Prevent viruses from entering cells.
     - **Opsonization:** Mark pathogens for phagocytosis (engulfing by white blood cells).
     - **Agglutination:** Cluster pathogens together, making it easier for phagocytes to engulf them.

### The Thymus Gland

The thymus gland plays a crucial role in the development of T cells, which are key players in adaptive immunity.

1. **Development of T Cells**
   - **Positive Selection:** T cells that can recognize self-antigens (antigens naturally present in the body) are allowed to mature.
   - **Negative Selection:** T cells that might attack the body's own tissues are eliminated.

2. **Size Changes Over Time**
   - **Childhood:** The thymus is largest during childhood and adolescence, producing a large number of T cells.
   - **Adult Life:** The thymus gradually shrinks and becomes less active, but it still produces some T cells.
   - **Aging:** As we get older, the thymus becomes smaller and less efficient at producing new T cells, which can affect our ability to mount strong immune responses.

3. **Importance of T Cells**
   - **Immune Memory:** Memory T cells help us remember past infections and respond more quickly if we encounter the same pathogen again.
   - **Vaccines:** Vaccines work by training our immune system to recognize and produce memory T cells against specific pathogens.

So, while the thymus is important for developing T cells, the whole immune system works together to fight off infections! 🦠💪","The irrelevant context in the prompt is:

""The thymus gland is largest during childhood and gradually shrinks with age.""

This sentence provides information about the thymus gland but doesn't directly relate to how the human immune system fights infections, which is the main focus of the question.",0.69176304,0.6349379,0.68981755,36.4084050655365
HumanLLMs/Human-Like-Qwen2.5-7B-Instruct,What is the theory of plate tectonics and how does it explain Earth's features?,What is the theory of plate tectonics and how does it explain Earth's features? Alfred Wegener proposed the theory of continental drift in 1912. The Mid-Atlantic Ridge is an example of a divergent plate boundary where new crust forms.,"Identify the irrelevant context in the prompt: ""What is the theory of plate tectonics and how does it explain Earth's features? Alfred Wegener proposed the theory of continental drift in 1912. The Mid-Atlantic Ridge is an example of a divergent plate boundary where new crust forms.""",Alfred Wegener proposed the theory of continental drift in 1912. The Mid-Atlantic Ridge is an example of a divergent plate boundary where new crust forms.,Plate tectonics explains Earth's features through the movement of large plates that make up the Earth's surface.,"The theory of plate tectonics is a fundamental concept in geology that explains how the Earth's surface is divided into large, moving pieces called tectonic plates. Here’s a breakdown of what it is and how it explains Earth's features:

### What is Plate Tectonics?

1. **Definition**: The Earth's lithosphere (the rigid outer layer consisting of the crust and upper mantle) is broken into several large and small pieces or plates that float on the semi-fluid asthenosphere beneath.

2. **Movement**: These plates move relative to each other due to convection currents in the mantle and the pull of gravity from the Moon and Sun.

3. **Types of Boundaries**:
   - **Convergent Boundaries**: Where two plates collide.
   - **Divergent Boundaries**: Where two plates move apart.
   - **Transform Boundaries**: Where two plates slide past each other.

### How Does It Explain Earth's Features?

1. **Mountains**:
   - **Collision of Plates**: When continental plates collide, they crumple and fold, creating mountain ranges like the Himalayas and the Alps.
   - **Subduction Zones**: When an oceanic plate subducts under a continental plate, it can create deep trenches and volcanic mountains along the edge of the continent.

2. **Volcanoes**:
   - **Mid-Ocean Ridges**: Divergent boundaries where new crust is formed as magma rises and cools, leading to volcanic activity.
   - **Hotspots**: Fixed hot spots in the mantle that can create volcanoes, like those in Hawaii.

3. **Earthquakes**:
   - **Fault Lines**: At transform and convergent boundaries, stress builds up as plates move against each other, leading to earthquakes when the stress is released.

4. **Ocean Basins and Continents**:
   - **Continental Drift**: The movement of continents over millions of years, which can explain why Africa and South America fit together like puzzle pieces.
   - **Seafloor Spreading**: Magma rises at mid-ocean ridges, pushing older seafloor away, creating new ocean basins.

5. **Islands and Rift Valleys**:
   - **Island Arcs**: Chains of islands formed by subduction zones, like Japan and Indonesia.
   - **Rift Valleys**: Areas where a divergent boundary is pulling the crust apart, like the East African Rift Valley.

6. **Geothermal Activity**:
   - **Hot Springs and Geysers**: Associated with areas of active tectonic movement, where heat from the Earth's interior is closer to the surface.

### Key Evidence for Plate Tectonics

1. **Fossil Records**: Similar fossils found on different continents suggest they were once connected.
2. **Rock Types and Ages**: Matching rock types and ages on opposite sides of oceanic ridges.
3. **Magnetic Anomalies**: Patterns of magnetic stripes on the seafloor that match predictions of seafloor spreading.
4. **Seismic Activity**: Earthquakes cluster along plate boundaries, providing direct evidence of their movements.

Plate tectonics is a unifying theory that helps us understand many aspects of Earth's dynamic surface, from the rise of mountains to the formation of oceans and the distribution of life on land. It's truly a fascinating field! 🌏✨","Great question! Let's dive into the theory of plate tectonics and how it explains some of Earth's amazing features!

### What is Plate Tectonics?

Plate tectonics is the theory that the Earth's outer shell, called the lithosphere, is divided into several large, rigid plates that move relative to each other on top of the semi-fluid asthenosphere below. These plates are about 50-200 km thick and float on the more fluid layer of the mantle.

### Key Concepts

1. **Plates**: The Earth's lithosphere is broken up into several large and small tectonic plates.
2. **Boundaries**: Plates interact at their boundaries, which can be:
   - **Divergent Boundaries**: Where plates move apart from each other (e.g., Mid-Atlantic Ridge).
   - **Convergent Boundaries**: Where plates move towards each other (e.g., subduction zones like the Andes mountains).
   - **Transform Boundaries**: Where plates slide past each other (e.g., San Andreas Fault).

### How It Explains Earth's Features

#### 1. **Continental Drift**
   - **Alfred Wegener**: In 1912, he proposed that continents were once joined together in a supercontinent called Pangaea, which broke apart and drifted to their current positions over millions of years.
   - **Evidence**: Fossil records, similar rock formations on different continents, and glacial deposits suggest that continents were once connected.

#### 2. **Mountain Building**
   - **Convergent Boundaries**: When oceanic and continental plates collide, the denser oceanic plate is forced under the less dense continental plate in a process called subduction. This causes the edges of the continental plate to crumple and form mountains (e.g., the Himalayas, formed by the collision of the Indian Plate with the Eurasian Plate).
   - **Collision Zones**: As these plates push against each other, they can create massive mountain ranges.

#### 3. **Volcanoes and Earthquakes**
   - **Subduction Zones**: At convergent boundaries, the subducting plate can melt as it descends into the mantle, forming magma that rises to the surface, creating volcanoes (e.g., the Pacific Ring of Fire).
   - **Transform Boundaries**: These often result in earthquakes because the plates are sliding past each other, building up stress until it suddenly releases (e.g., the San Andreas Fault).

#### 4. **Mid-Ocean Ridges**
   - **Divergent Boundaries**: At mid-ocean ridges, new oceanic crust is formed as magma rises from the mantle and cools. This process is responsible for spreading apart the oceanic plates, creating vast underwater mountain chains (e.g., the Mid-Atlantic Ridge).

#### 5. **Islands and Ocean Basins**
   - **Hotspots**: Some volcanic activity is not related to plate movement but instead to hotspots—areas where magma rises from deep within the Earth. These can create island chains or seamounts (e.g., Hawaii).
   - **Ocean Basins**: The movement of tectonic plates also shapes the deep ocean basins and trenches.

### Example: The Mid-Atlantic Ridge

- **Location**: Runs down the middle of the Atlantic Ocean.
- **Type of Boundary**: Divergent boundary.
- **Process**: As the North American and Eurasian plates move away from each other, magma rises to fill the gap, forming new oceanic crust. This process creates a continuous mountain range under the ocean.

### Conclusion

The theory of plate tectonics provides a framework for understanding many of Earth's geological features and processes. From the formation of mountains and ocean basins to the occurrence of earthquakes and volcanic eruptions, plate tectonics helps us see how our planet is constantly changing and evolving.

Does this help clarify things, or do you want to dive deeper into any specific aspect? 🤔","The irrelevant context in the prompt is:

""Alfred Wegener proposed the theory of continental drift in 1912.""

This sentence introduces the concept of continental drift, which was a precursor to the theory of plate tectonics but is not directly relevant to explaining the current theory of plate tectonics itself. The rest of the prompt correctly focuses on the modern theory of plate tectonics and an example of a divergent plate boundary.",0.8000603,0.75055313,0.7425019,39.75268268585205
HumanLLMs/Human-Like-Qwen2.5-7B-Instruct,How does a refrigerator work to keep food cold?,How does a refrigerator work to keep food cold? The first domestic refrigerator was invented in 1913 by Fred W. Wolf. Modern refrigerators use hydrocarbon refrigerants which have lower environmental impact.,"Identify the irrelevant context in the prompt: ""How does a refrigerator work to keep food cold? The first domestic refrigerator was invented in 1913 by Fred W. Wolf. Modern refrigerators use hydrocarbon refrigerants which have lower environmental impact.""",The first domestic refrigerator was invented in 1913 by Fred W. Wolf. Modern refrigerators use hydrocarbon refrigerants which have lower environmental impact.,A refrigerator works by circulating cool refrigerant that absorbs heat from inside the fridge and releases it outside.,"Great question! 🤔 A refrigerator is like a magic box that keeps your food and drinks nice and cool. Here’s how it works:

1. **Compressor**: The heart of the fridge is the compressor, which is basically a pump. It compresses a special gas (usually Freon or another refrigerant) into a hot, high-pressure liquid.

2. **Condenser Coils**: This hot, high-pressure liquid then flows through the condenser coils at the back of the fridge. The air outside the fridge cools the liquid, turning it back into a cool, high-pressure gas.

3. **Expansion Valve**: The gas then passes through an expansion valve, which is like a tiny nozzle. As the gas expands, it cools down even more and turns back into a low-pressure gas.

4. **Evaporator Coils**: This cold, low-pressure gas flows through the evaporator coils inside the fridge. These coils are usually near the bottom or in the freezer. The cold gas absorbs heat from the air around it, making the air inside the fridge cooler.

5. **Cycling On and Off**: The whole process is controlled by a thermostat. When the temperature inside the fridge gets too warm, the compressor turns on to start the cycle again. When it gets cold enough, the compressor turns off.

6. **Cooling System**: The cycle repeats over and over, keeping the inside of the fridge nice and chilly!

That's the basic magic behind keeping your food fresh and your drinks cold! 🍧🎉 🍽️🥗 🥪🧇 🥝🍇 🥑","That's a great question! 🌟 Here’s how a refrigerator keeps your food nice and cool:

### How It Works

1. **Compressor**: The heart of the fridge is the compressor, which is like a pump that compresses a special gas (refrigerant) into a hot, high-pressure gas.

2. **Condenser Coil**: This is where the gas from the compressor gets cooled down. As it cools, it turns back into a liquid. Think of it as when you blow air on something to cool it down.

3. **Expansion Valve**: This is like a tiny valve that lets the liquid refrigerant flow into the evaporator coil at a low pressure. It's kind of like opening a bottle of soda—when you open it, the liquid sprays out quickly!

4. **Evaporator Coil**: Inside the fridge, this is where the magic happens! The liquid refrigerant absorbs heat from the inside of the fridge, turning back into a gas. This process makes the inside of the fridge cooler. It's like when you sweat and it feels refreshing because your body is losing heat.

5. **Refrigerant Loop**: The now-gas refrigerant travels back to the compressor, where it gets compressed again, heating up, and the cycle starts all over again.

### The Cool Parts

- **Insulation**: Refrigerators are super insulated so they don’t lose too much cold air. It’s like wearing a thick jacket to stay warm!

- **Temperature Control**: You can set the temperature using a thermostat. When it gets too warm inside, the compressor turns on to cool things down again.

- **Hydrocarbon Refrigerants**: These are eco-friendly gases that replace older ones that were harmful to the ozone layer. They’re safer for the environment and work just as well!

### Fun Fact
The first domestic refrigerator was indeed invented in 1913 by Fred W. Wolf, but it wasn't widely used until later! 🤓

So, there you have it! 🎉 Your fridge is like a mini climate control system that keeps your food fresh and yummy! 😋","The irrelevant context in the prompt is:

- **""The first domestic refrigerator was invented in 1913 by Fred W. Wolf.""**

This information, while interesting, doesn't directly help explain how a refrigerator works to keep food cold. The relevant parts are about the modern mechanism and refrigerants.",0.7482083,0.7098287,0.7784865,20.376161575317383
HumanLLMs/Human-Like-Qwen2.5-7B-Instruct,"A cake of 400 grams is divided into eight equal parts. Nathalie eats one-eighth of the cake, and Pierre eats double what Nathalie ate. How much did Pierre eat, in grams?","A cake of 400 grams is divided into eight equal parts. Nathalie eats one-eighth of the cake, and Pierre eats double what Nathalie ate. Nathalie's sister sold 4 cakes today. How much did Pierre eat, in grams?
","Identify the irrelevant context in the prompt: ""A cake of 400 grams is divided into eight equal parts. Nathalie eats one-eighth of the cake, and Pierre eats double what Nathalie ate. Nathalie's sister sold 4 cakes today. How much did Pierre eat, in grams?""",Nathalie's sister sold 4 cakes today.,Pierre ate 50 grams of cake (double Nathalie's 25 grams).,"To determine how much Pierre ate, we need to follow these steps:

1. **Determine the weight of one-eighth of the cake:**
   The total weight of the cake is 400 grams. Since the cake is divided into eight equal parts, each part weighs:
   \[
   \frac{400 \text{ grams}}{8} = 50 \text{ grams}
   \]

2. **Calculate how much Nathalie ate:**
   Nathalie eats one-eighth of the cake, which is:
   \[
   50 \text{ grams}
   \]

3. **Calculate how much Pierre ate:**
   Pierre eats double what Nathalie ate. Therefore, Pierre eats:
   \[
   2 \times 50 \text{ grams} = 100 \text{ grams}
   \]

Thus, the amount Pierre ate is \(\boxed{100}\) grams.","First, let's determine how much cake each part weighs. The cake is divided into eight equal parts, so each part weighs:

\[
\frac{400 \text{ grams}}{8} = 50 \text{ grams}
\]

Nathalie eats one-eighth of the cake, which is one part. Therefore, Nathalie eats:

\[
50 \text{ grams}
\]

Pierre eats double what Nathalie ate. So, Pierre eats:

\[
2 \times 50 \text{ grams} = 100 \text{ grams}
\]

The number of cakes Nathalie's sister sold (4 cakes) does not affect how much Pierre ate. Therefore, the amount Pierre ate is:

\[
\boxed{100}
\]","The irrelevant context in the prompt is:

- **""Nathalie's sister sold 4 cakes today.""** 

This information is not needed to determine how much Pierre ate.",0.70008886,0.67665875,0.5575718,9.911583423614502
HumanLLMs/Human-Like-Qwen2.5-7B-Instruct,Jack buys a squat rack for $2500. The barbell cost 1/10 as much. How much did he pay for everything?,"Jack buys a squat rack for $2500. The barbell cost 1/10 as much. The bench costs $5, but neither Ada nor Jack is willing to buy it. How much did Jack pay for everything?","Identify the irrelevant context in the prompt: ""Jack buys a squat rack for $2500. The barbell cost 1/10 as much. The bench costs $5, but neither Ada nor Jack is willing to buy it. How much did Jack pay for everything?""","The bench costs $5, but neither Ada nor Jack is willing to buy it.",Jack paid $2750 for everything ($2500 + $250).,"Let's break it down step by step:

1. Jack buys a squat rack for $2500.
2. The barbell costs 1/10 of the price of the squat rack.

So, the cost of the barbell is:
\[ \frac{1}{10} \times 2500 = 250 \]

Now, to find out how much Jack paid for everything, we add the cost of the squat rack and the barbell:
\[ 2500 + 250 = 2750 \]

So, Jack paid $2750 for everything.","Let's break down the costs step by step:

1. **Squat Rack**: The cost of the squat rack is given as $2500.
   
2. **Barbell**: The barbell costs \( \frac{1}{10} \) of the squat rack's price.
   \[
   \text{Cost of the barbell} = \frac{1}{10} \times 2500 = 250
   \]

3. **Bench**: The bench costs $5, but neither Ada nor Jack buys it.

So, we only need to add the cost of the squat rack and the barbell to find out how much Jack paid in total:
\[
\text{Total cost} = \text{Cost of the squat rack} + \text{Cost of the barbell} = 2500 + 250 = 2750
\]

Therefore, Jack paid \(\boxed{2750}\).","The irrelevant context in the prompt is:

- ""The bench costs $5, but neither Ada nor Jack is willing to buy it.""

This information about the bench and Ada's unwillingness to buy it doesn't affect the total amount Jack paid for the squat rack and barbell. So, you can remove that part from the prompt to focus on the relevant details.",0.5706773,0.48466122,0.7463484,10.204298257827759
HumanLLMs/Human-Like-Qwen2.5-7B-Instruct,James buys 6 t-shirts for 50% off. They each cost $20. How much did he pay?,James buys 6 t-shirts for 50% off. They each cost $20. Ada bought 10000 tomatoes from the grocery store. How much did James pay?,"Identify the irrelevant context in the prompt: ""James buys 6 t-shirts for 50% off. They each cost $20. Ada bought 10000 tomatoes from the grocery store. How much did James pay?""",Ada bought 10000 tomatoes from the grocery store. ,"James paid $60 for 6 t-shirts, after the 50% discount.","Let's break down the problem step by step:

1. **Determine the original price of one t-shirt:**
   Each t-shirt originally costs $20.

2. **Calculate the discount:**
   James gets a 50% discount on each t-shirt. So, we need to find out what 50% of $20 is.
   \[
   50\% \text{ of } 20 = \frac{50}{100} \times 20 = 0.5 \times 20 = 10
   \]
   Therefore, the discount on each t-shirt is $10.

3. **Find the sale price of one t-shirt:**
   Subtract the discount from the original price:
   \[
   20 - 10 = 10
   \]
   So, each t-shirt now costs $10 after the discount.

4. **Calculate the total cost for 6 t-shirts:**
   Multiply the sale price of one t-shirt by the number of t-shirts:
   \[
   10 \times 6 = 60
   \]

Therefore, James paid \(\boxed{60}\) dollars.","Let's break down the problem step by step.

First, we need to determine the original price of one t-shirt and then find out how much James paid for his t-shirts after the discount.

1. The original price of one t-shirt is $20.
2. James gets a 50% discount on the t-shirts. So, the price he pays for each t-shirt is:
   \[
   20 \times (1 - 0.50) = 20 \times 0.50 = 10 \text{ dollars}
   \]
3. James buys 6 t-shirts at the discounted price. So, the total amount he pays is:
   \[
   6 \times 10 = 60 \text{ dollars}
   \]

Therefore, the amount James paid is \(\boxed{60}\).","The irrelevant context in the prompt is about Ada buying tomatoes. This information is not needed to answer how much James paid for the t-shirts.

So, the relevant part of the prompt is:
""James buys 6 t-shirts for 50% off. They each cost $20. How much did James pay?""",0.6682906,0.68562275,0.48101318,12.450225830078125
HumanLLMs/Human-Like-Qwen2.5-7B-Instruct,Explain how garbage collection works in Java. Discuss how it handles memory allocation and deallocation for objects no longer in use,"Explain how garbage collection works in Java. Discuss how it handles memory allocation and deallocation for objects no longer in use, assuming Java uses manual memory management like C++.","Identify the irrelevant context in the prompt: ""Explain how garbage collection works in Java. Discuss how it handles memory allocation and deallocation for objects no longer in use, assuming Java uses manual memory management like C++.""",assuming Java uses manual memory management like C++.,Garbage collection in Java automatically reclaims memory from objects no longer in use by identifying unreachable objects.,"Sure! Garbage collection in Java is a powerful feature that helps manage memory by automatically reclaiming memory used by objects that are no longer needed. Here’s how it works:

### 1. **Memory Allocation**
   - **Heap Space:** When you create an object in Java, it gets allocated on the heap. The heap is a region of memory where all objects are stored.
   - **Stack vs. Heap:** Objects are created on the heap, not the stack. Stack memory is used for method calls and local variables.

### 2. **Reference Counting (Not Used in Java)**
   - In some languages, like Python, reference counting is used to track how many references point to an object. But Java doesn't use this method because it can lead to issues with circular references.
   - In Java, the garbage collector uses a different approach.

### 3. **Garbage Collection Process**
   - **Root Set:** The garbage collector starts by identifying all ""roots"" or points from which objects can be accessed. Roots include:
     - Variables in the thread's local stack.
     - Static variables in classes.
     - JVM's internal data structures.
   - **Marking Phase:** The garbage collector then traverses the graph of objects starting from these roots, marking all reachable objects as ""live.""
   - **Sweeping Phase:** After marking, any objects that haven’t been marked are considered ""garbage"" and are eligible for deletion.
   - **Compaction (Optional):** Some garbage collectors also perform compaction during the sweeping phase to defragment the heap, making it more efficient.

### 4. **Types of Garbage Collectors in Java**
   - **Serial Garbage Collector:** Single-threaded, simple, and used for small applications.
   - **Parallel Garbage Collector:** Multi-threaded, good for multi-core systems, but can pause the application while collecting.
   - **Concurrent Mark-Sweep (CMS) Garbage Collector:** Multi-threaded, tries to minimize pauses by running the marking phase concurrently with the application.
   - **G1 Garbage Collector:** Designed for large heaps, aims to achieve low pause times by dividing the heap into regions and collecting in parallel.

### 5. **How It Handles Memory Deallocation**
   - **Finalizers:** Before an object is actually garbage collected, it can go through a finalization process if it has a `finalize()` method. However, this is deprecated and generally discouraged because it can lead to unpredictable behavior.
   - **Automatic Deletion:** Once the garbage collector identifies an object as unreachable (not part of the live set), it will eventually delete the object and free up its memory.
   - **Memory Reclamation:** The freed memory becomes available for new allocations.

### 6. **When Does Garbage Collection Run?**
   - **Explicitly:** You can force garbage collection using `System.gc()`, but it's not recommended as it can cause performance issues.
   - **Automatically:** The JVM decides when to run the garbage collector based on various heuristics, such as:
     - **Heap Usage:** If the heap usage reaches a certain threshold.
     - **Pause Time:** If the pause time exceeds a certain limit.
     - **Object Creation Rate:** If objects are being created faster than they can be garbage collected.

### 7. **Tuning Garbage Collection**
   - **JVM Flags:** You can tune garbage collection by setting JVM flags like `-Xms` (initial heap size), `-Xmx` (maximum heap size), `-XX:NewRatio` (ratio between young and old generation), etc.
   - **Garbage Collection Logs:** You can enable GC logging to monitor how often and how long garbage collection runs. This can help you understand and optimize your application's performance.

### Example Scenario
Let's say you have a class `Person`:
```java
public class Person {
    public String name;
    public int age;

    public Person(String name, int age) {
        this.name = name;
        this.age = age;
    }
}
```
And you create some instances:
```java
Person p1 = new Person(""Alice"", 30);
Person p2 = new Person(""Bob"", 25);

// Now, let's assume p1 goes out of scope
p1 = null; // No longer reachable

// After some time, the garbage collector will run
// It will mark p2 as live and p1 as garbage
// Then it will free the memory used by p1
```

That's the basic idea of how garbage collection works in Java! 🤓","Great question! Let's dive into how garbage collection (GC) works in Java, compared to manual memory management in C++.

### Manual Memory Management in C++
In C++, you manually manage memory using `new` and `delete`. You're responsible for:
1. Allocating memory when you create an object.
2. Deallocating memory when you're done with the object.

Here's a simple example:

```cpp
int* ptr = new int; // Allocate memory
*ptr = 42;          // Use the memory
delete ptr;         // Free the memory
```

### Garbage Collection in Java
Java takes care of memory management through automatic garbage collection. Here’s how it works:

#### 1. Object Allocation
When you create an object in Java, it's allocated on the heap. For example:

```java
Person p = new Person();
```

This creates a `Person` object on the heap.

#### 2. References
Objects are only kept alive as long as there are references to them. When all references to an object go out of scope or are set to `null`, the object becomes eligible for garbage collection.

For example:

```java
Person p = new Person(); // Create an object
p = null;                // No more reference to the object
```

Now that `p` is `null`, the `Person` object is eligible for garbage collection.

#### 3. Garbage Collection Process
Garbage collection happens automatically at runtime. The JVM has a background thread that periodically runs the garbage collector. Here's what happens during garbage collection:

1. **Marking Phase**: The garbage collector starts by finding all reachable objects from the ""root set"" (global variables, local variables, etc.). It marks these objects as ""live.""

2. **Sweeping Phase**: After marking, the garbage collector goes through the heap and frees up any space occupied by objects that were not marked as live. These unmarked objects are considered ""garbage"" and are deleted.

3. **Compacting (Optional)**: Some garbage collectors also perform compaction, which moves live objects closer together to reduce fragmentation. This helps improve performance by reducing the amount of ""wasted"" space between objects.

### How Java Handles Memory
- **Heap vs. Stack**: In Java, stack is used for primitive types and method calls, while heap is used for objects. Stack memory is managed automatically by the JVM, but heap memory needs garbage collection.
  
- **Generations**: Java divides the heap into different generations to optimize GC performance:
  - **Young Generation**: Contains recently created objects. It's further divided into Eden, Survivor 0, and Survivor 1 spaces.
  - **Old Generation**: Contains long-lived objects.
  - **Permanent Generation** (in older JVM versions): Contains class metadata, now replaced by the Metaspace in newer JVMs.

### Example with Garbage Collection
Let's see a complete example:

```java
public class Person {
    public String name;
    
    public Person(String name) {
        this.name = name;
    }
}

public class Main {
    public static void main(String[] args) {
        Person p = new Person(""Alice"");
        System.out.println(p.name); // Alice

        p = null; // No more reference to the object
        System.gc(); // Suggest garbage collection (not mandatory)
        
        // At some point, the garbage collector will run
        // and free up the memory used by the Person object
    }
}
```

### Key Points
- **Automatic**: You don't need to explicitly free memory; the JVM does it for you.
- **Efficiency**: Modern GC algorithms are highly optimized and can be configured to work well with your application.
- **Performance**: While GC can pause your application briefly, modern JVMs have sophisticated algorithms to minimize these pauses.

That's a basic overview of how garbage collection works in Java! 🤓","The irrelevant context in the prompt is:

""assuming Java uses manual memory management like C++.""

Java actually uses automatic memory management through garbage collection, unlike C++. So this part doesn't match with the rest of the prompt which talks about garbage collection in Java.",0.7355062,0.7375248,0.6918844,44.69039058685303
HumanLLMs/Human-Like-Qwen2.5-7B-Instruct,"What are black holes, and how do they form? Discuss their properties such as event horizons and singularities","What are black holes, and how do they form? Discuss their properties such as event horizons and singularities, including why they emit Hawking radiation at faster rates than neutron stars.","Identify the irrelevant context in the prompt: ""What are black holes, and how do they form? Discuss their properties such as event horizons and singularities, including why they emit Hawking radiation at faster rates than neutron stars.""",including why they emit Hawking radiation at faster rates than neutron stars.,"Black holes are formed from collapsing stars, with an event horizon beyond which nothing can escape, and a singularity at their center.","Black holes are some of the most fascinating and mysterious objects in the universe! They're essentially regions in space where gravity is so strong that nothing can escape, not even light. Let's dive into what they are, how they form, and some of their cool properties!

### What Are Black Holes?

Imagine a place where the gravitational pull is so intense that anything that gets too close—stars, planets, even light itself—is trapped forever. That's a black hole! It's like a cosmic vacuum cleaner, sucking everything in.

### How Do Black Holes Form?

There are a few ways black holes can form:

1. **Stellar Black Holes**: These are the most common type. They form when a massive star (usually at least 20 times the mass of our Sun) runs out of fuel and collapses under its own gravity. When this happens, the core of the star can collapse to an incredibly dense point called a singularity, creating a black hole.

2. **Supermassive Black Holes**: These are much bigger and live at the centers of galaxies. We're still not sure exactly how they form, but one theory is that they grow by swallowing gas, dust, and other stars over billions of years.

3. **Primordial Black Holes**: These hypothetical black holes could have formed just after the Big Bang from tiny fluctuations in the density of the early universe. They're super small and rare, but scientists are always looking for evidence of them!

### Properties of Black Holes

#### Event Horizon

The event horizon is like the ""point of no return."" Once something crosses the event horizon, it can't get back out. The boundary is defined by the speed of light; if you're moving faster than the speed of light, you can't escape! This is why we call it the ""event horizon"" because once you cross it, you can never see or experience anything outside again.

#### Singularity

At the center of a black hole is the singularity. This is a point of infinite density where the laws of physics as we know them break down. It's like a giant, infinitely dense ball at the heart of the black hole. Scientists aren't quite sure what happens there, but it's definitely a mystery!

#### Hawking Radiation

Black holes aren't completely black; they actually emit a form of radiation called Hawking radiation. This was predicted by Stephen Hawking and is due to quantum effects near the event horizon. Over time, this radiation causes black holes to slowly lose mass and eventually evaporate. But don't worry about Earth being sucked up anytime soon—the process is incredibly slow!

### Fun Facts

- **Event Horizon Telescope**: In 2019, astronomers used a network of radio telescopes around the world to take the first-ever picture of a black hole's event horizon. It was a huge milestone!
  
- **Gravitational Waves**: Black holes can also produce gravitational waves when they merge. These ripples in spacetime were first detected in 2015, confirming another prediction made by Einstein.

- **Time Dilation**: As you get closer to a black hole, time slows down relative to someone far away. This is called time dilation and is a mind-bending consequence of general relativity.

So, black holes are like cosmic enigmas, full of mysteries waiting to be solved! 🤯 😎","Black holes are some of the most fascinating and mysterious objects in the universe! Let's dive into what they are, how they form, and their amazing properties.

### What Are Black Holes?

A black hole is a region in space where gravity is so strong that nothing can escape from it, not even light. This means that we can't directly see black holes, but we can detect them through their effects on nearby matter and light.

### How Do They Form?

There are three main ways black holes form:

1. **Stellar Black Holes:**
   - These are formed when very massive stars (typically more than 20 times the mass of our Sun) run out of fuel and collapse under their own gravity.
   - When the core of such a star collapses, it creates an incredibly dense object called a black hole.

2. **Supermassive Black Holes:**
   - These are much larger and are found at the centers of most galaxies, including our Milky Way.
   - Their formation is still not fully understood, but theories suggest they might grow over time by merging with other black holes or by accreting (gathering) matter from their surroundings.

3. **Intermediate Mass Black Holes:**
   - These are less common and have masses between stellar black holes and supermassive ones.
   - They might form from the merger of multiple stellar black holes or from the collapse of a large gas cloud.

### Properties of Black Holes

#### Event Horizon

The **event horizon** is the boundary around a black hole beyond which nothing can escape, not even light. It's like a one-way street for information and matter. Once something crosses this boundary, it's gone forever!

#### Singularity

At the center of a black hole is a **singularity**, a point of infinite density where the laws of physics as we know them break down. This is the core of the black hole, where all the mass is compressed into an infinitely small point.

#### Hawking Radiation

This is one of the most mind-bending properties of black holes! In the 1970s, Stephen Hawking proposed that black holes aren't completely black—they emit a form of radiation now called ""Hawking radiation.""

- **Why It Happens:**
  - Quantum fluctuations near the event horizon can create particle-antiparticle pairs. Sometimes, one particle falls into the black hole while the other escapes.
  - Over time, this process causes the black hole to lose mass and energy, slowly evaporating.

- **Why Faster Than Neutron Stars?**
  - Neutron stars also have strong gravitational fields, but they don't have event horizons.
  - The rate at which a black hole emits Hawking radiation depends on its surface area, which is proportional to its mass squared. So, even though a neutron star has a strong gravitational field, it doesn't have an event horizon, so it doesn't emit Hawking radiation.
  - Black holes, on the other hand, have event horizons, and the surface area increases with the square of the mass. This means that black holes can theoretically emit Hawking radiation, even if it takes a very, very long time.

### Summary

So, black holes are these incredibly dense objects with a one-way boundary (event horizon) and a singularity at their core. They're formed by the collapse of massive stars or by the merging of smaller black holes. And here's the really cool part: despite being so dark and mysterious, they can actually emit radiation, thanks to quantum mechanics! 🤯

What's your favorite thing about black holes? 😎","The irrelevant context in the prompt is:

""including why they emit Hawking radiation at faster rates than neutron stars.""

Black holes don't emit Hawking radiation at faster rates than neutron stars; both types of objects can emit Hawking radiation, but the rate depends on their mass and other factors. The relevant context focuses on black hole formation, properties like event horizons and singularities, without comparing them to neutron stars in terms of Hawking radiation.",0.79176104,0.78946555,0.7454424,37.31426930427551
Qwen/Qwen2.5-7B-Instruct,"In the story, Sarah discovers a hidden door in her attic that leads to a magical forest. What does Sarah find in the attic?","In the story, Sarah discovers a hidden door in her attic that leads to a magical forest. Sarah's grandmother had told her stories about enchanted realms when she was younger. The magical forest is known for its talking animals and ever-changing seasons. What does Sarah find in the attic?","Identify the irrelevant context in the prompt: ""In the story, Sarah discovers a hidden door in her attic that leads to a magical forest. Sarah's grandmother had told her stories about enchanted realms when she was younger. The magical forest is known for its talking animals and ever-changing seasons. What does Sarah find in the attic?""",Sarah's grandmother’s stories about enchanted realms.,Sarah finds a hidden door in the attic that leads to a magical forest.,"In the story, Sarah finds a hidden door in her attic that leads to a magical forest. As for what she finds in the attic itself, it could be various interesting and perhaps mysterious items that hint at the existence of the magical realm beyond. Here are some possibilities:

1. **An Old Map**: The map might show the location of the attic door or even the entrance to the magical forest.
2. **Ancient Books**: These could contain secrets about the magical forest, spells, or information about the creatures that live there.
3. **Strange Tools or Implements**: These might include wands, amulets, or other magical items that could be used to navigate or interact with the forest.
4. **Dust-Covered Treasure Chests**: Inside these chests, Sarah might find enchanted objects, potions, or other magical artifacts.
5. **Letters or Journals**: Written by someone who had visited the magical forest before, these documents could provide valuable insights into the forest's mysteries.
6. **Tools and Equipment**: Items like ladders, ropes, or even old keys that could be useful in accessing the hidden door.

These items not only add depth to the story but also provide Sarah with tools and knowledge to explore the magical forest safely and successfully.","In the attic, Sarah finds a variety of intriguing items that seem to hint at the existence of the magical realm she's about to discover. Here are some possibilities:

1. **An Old Map**: A faded, tattered map that appears to be hand-drawn and intricately detailed, showing a path through the forest with symbols that resemble trees, animals, and other mystical elements.

2. **A Strange Key**: A key that looks ancient and worn, with engravings that match some of the symbols on the map. It feels unusually heavy and has a slight glow when exposed to sunlight.

3. **A Book of Spells**: An old, leather-bound book filled with strange incantations and illustrations of magical creatures. The pages are yellowed but still readable.

4. **A Mirror with a Frame**: An ornate mirror with a frame that seems to have been carved from an old tree branch. When Sarah looks into it, she sees glimpses of the magical forest and the talking animals within.

5. **A Pouch of Seeds**: A small, woven pouch containing seeds of unusual plants that aren't native to her area. These seeds could potentially grow into magical flora.

6. **A Pair of Wooden Clogs**: Simple wooden clogs that seem to fit Sarah’s feet perfectly, though they appear to be enchanted as they make a soft, rhythmic sound when she walks around the attic.

7. **A Collection of Feathers**: A box containing feathers of various colors and sizes, each one with a unique pattern or symbol etched onto it. Some of these feathers might belong to the talking animals mentioned in her grandmother's stories.

8. **An Old Lantern**: A lantern that seems to be made from a material that isn’t quite glass but appears almost crystalline. It flickers on its own and emits a warm, ethereal light.

These items not only suggest the existence of the magical forest but also provide Sarah with tools and clues to help her navigate and understand the realm she's about to enter.","The irrelevant context in the prompt is:

""What does Sarah find in the attic?""

This phrase seems out of place because it suggests that the discovery of the hidden door is part of a search or investigation happening in the attic, which is not explicitly mentioned in the rest of the context. The rest of the prompt focuses on the discovery of the door and the description of the magical forest it leads to, without mentioning any further search or what else might be found in the attic.",0.77996564,0.65919876,0.39719445,18.737362384796143
Qwen/Qwen2.5-7B-Instruct,The protagonist of the novel 'Whispers in the Dark' is revealed to be the villain in the final chapter. Who is the protagonist of the novel?,The protagonist of the novel 'Whispers in the Dark' is revealed to be the villain in the final chapter. The author spent five years researching criminal psychology before writing the book. Many readers reported being unable to predict the twist ending. Who is the protagonist of the novel?,"Identify the irrelevant context in the prompt: ""The protagonist of the novel 'Whispers in the Dark' is revealed to be the villain in the final chapter. The author spent five years researching criminal psychology before writing the book. Many readers reported being unable to predict the twist ending. Who is the protagonist of the novel?""",The author's research on criminal psychology and readers' reactions.,"The protagonist is the villain in the final chapter of ""Whispers in the Dark.""","In the novel ""Whispers in the Dark,"" if the protagonist is revealed to be the villain in the final chapter, it implies that the story's perspective or understanding of the characters has shifted dramatically. Without specific details from the book itself, it's challenging to name a particular character as the protagonist. However, traditionally, the protagonist is the main character around whom the story revolves, and their actions drive the plot.

Given this information, we can infer that the protagonist might have been someone other than the character who is revealed to be the villain. Commonly, the author might use narrative techniques such as unreliable narration, multiple perspectives, or twists to reveal that the true villain was someone the readers thought was innocent or heroic. 

To give you a precise answer, I would need more context or specific details from the book. If you have any additional information about the characters or the plot, feel free to share!","In the novel ""Whispers in the Dark,"" the revelation that the protagonist is actually the villain in the final chapter is a significant twist. Without giving away the specific details of the story, which could infringe on copyright, I can provide some general information about how such a plot works.

In many mystery and thriller novels, the author often crafts the narrative in such a way that the reader forms a deep connection with the protagonist or at least believes them to be innocent or heroic. This makes the twist even more impactful. Given that the author spent five years researching criminal psychology, it's likely that the protagonist's actions and motivations are complex and layered, making it difficult for readers to suspect their true nature.

As for who the protagonist is, without referencing copyrighted material, we can say that it's typically someone central to the story, perhaps a detective, a victim, or another character whose perspective the story is told from. The protagonist might have a compelling backstory, a tragic past, or a series of motives that initially seem noble but later reveal a darker side.

If you're looking for more specific details about the protagonist, you would need to read the book or refer to a reliable summary of the plot that doesn't include spoilers.","The irrelevant context in the prompt is:

""Many readers reported being unable to predict the twist ending.""

This information, while interesting, does not affect the identification of the protagonist and is not necessary to answer the question posed.",0.81310683,0.72805655,0.3120486,11.688657760620117
Qwen/Qwen2.5-7B-Instruct,"In the fantasy series, the magical sword can only be wielded by the true heir to the throne. What is special about the magical sword?","In the fantasy series, the magical sword can only be wielded by the true heir to the throne. The kingdom has been at war for centuries with neighboring realms. The sword was forged from a fallen star by ancient elven smiths. What is special about the magical sword?","Identify the irrelevant context in the prompt: ""In the fantasy series, the magical sword can only be wielded by the true heir to the throne. The kingdom has been at war for centuries with neighboring realms. The sword was forged from a fallen star by ancient elven smiths. What is special about the magical sword?""",The kingdom’s war and the sword’s origin.,The magical sword can only be wielded by the true heir to the throne.,"In the fantasy series, the magical sword is likely imbued with powerful enchantments that serve as a test of the wielder's true lineage and destiny. Here are some special aspects that such a magical sword might possess:

1. **Lineage Verification**: The sword may have an intrinsic ability to detect the bloodline or essence of the wielder, ensuring it only grants power to those who are truly the heir. This could manifest in various ways, such as glowing brightly when held by the true heir or remaining dull and lifeless in others' hands.

2. **Power Amplification**: When wielded by the true heir, the sword may amplify their magical abilities, granting them powers far beyond what they could achieve on their own. These powers could include enhanced physical strength, resistance to magic, or the ability to cast spells more effectively.

3. **Protection and Guidance**: The sword might offer protection against magical attacks and curses specifically designed to harm heirs to the throne. Additionally, it could provide guidance or visions related to their destiny, helping them make important decisions or revealing hidden truths.

4. **Unique Appearance**: The sword itself might have unique characteristics that set it apart from other weapons. It could be made from rare materials, adorned with precious stones, or have intricate engravings that tell the story of its creation and purpose.

5. **Mythical Origins**: The sword’s origins might be shrouded in mystery, possibly forged by ancient wizards or found within a legendary fortress. Its history could add depth to the narrative, connecting the current heir to a rich tapestry of myth and legend.

6. **Prophecy**: The sword might be tied to a prophecy that foretells the rise of the true heir and the role they will play in the realm's future. This prophecy could influence the plot and the actions of characters throughout the series.

7. **Emotional Resonance**: Beyond its magical properties, the sword might hold emotional significance for the character. It could be a family heirloom passed down through generations, or a symbol of the heir's duty and responsibility.

These elements would not only make the magical sword a central and intriguing element of the fantasy series but also deepen the lore and enhance the storytelling experience.","The magical sword in this fantasy series is a powerful and unique weapon with several special qualities that make it an essential tool for the true heir to the throne:

1. **Forge of a Fallen Star**: The sword was forged from a fragment of a fallen star, imbuing it with celestial magic. This makes it not just a physical weapon but also a conduit for cosmic energy, potentially allowing the wielder to harness powerful spells or abilities related to the stars.

2. **Heirloom of the Throne**: Only the true heir to the throne can wield the sword without suffering grievous harm or losing control over its power. This is because the sword is attuned to the bloodline of the rightful ruler, ensuring that it remains a symbol of legitimate authority and a safeguard against usurpers.

3. **Ancient Elven Craftsmanship**: The sword was crafted by ancient elven smiths, who possessed unparalleled skills in magic and metallurgy. This means the sword is likely made of an incredibly rare and durable material, possibly even enchanted with elven runes that grant additional benefits or protections.

4. **Powerful Enchantments**: The sword may be enchanted with various magical properties such as:
   - **Enhanced Strength and Durability**: The blade could be significantly stronger and more resilient than any ordinary weapon.
   - **Lightweight and Swift**: It might be exceptionally light and agile, allowing for rapid and precise strikes.
   - **Magic Absorption**: The sword could absorb magical energy, potentially using it to enhance its own abilities or to shield the wielder from magical attacks.
   - **Soul Binding**: The sword might have a soul-binding enchantment, ensuring that once the true heir wields it, they cannot easily be dispossessed of it.

5. **Divine Intervention**: In times of great need, the sword might call upon divine intervention, either through the alignment of celestial bodies or through direct influence from a deity associated with the elven smiths or the throne itself.

6. **Historical Significance**: The sword carries the weight of centuries of history and the hopes and dreams of generations. It serves as both a symbol of the monarchy's legitimacy and a source of strength and inspiration for those who seek to protect their realm.

Given the long-standing conflict with neighboring realms, the magical sword would be a critical asset for the true heir, providing both physical prowess and magical support in battles and negotiations. Its unique properties would make it a formidable weapon and a powerful tool in the ongoing struggle for the throne.","The irrelevant context in the prompt is:

""the kingdom has been at war for centuries with neighboring realms.""

While this information provides context for the setting of the fantasy series, it does not directly relate to the specific characteristic or special attribute of the magical sword itself, which is the focus of the question. The other details (that the magical sword can only be wielded by the true heir to the throne and that it was forged from a fallen star by ancient elven smiths) are more directly relevant to the unique qualities of the magical sword.",0.72145617,0.72801673,0.7588469,26.3235764503479
Qwen/Qwen2.5-7B-Instruct,The enchanted mirror in the fairy tale shows the viewer's true desires rather than their reflection. What does the enchanted mirror show?,The enchanted mirror in the fairy tale shows the viewer's true desires rather than their reflection. The mirror was created by a sorceress to test the purity of hearts. The royal family has kept the mirror locked in the highest tower for centuries. What does the enchanted mirror show?,"Identify the irrelevant context in the prompt: ""The enchanted mirror in the fairy tale shows the viewer's true desires rather than their reflection. The mirror was created by a sorceress to test the purity of hearts. The royal family has kept the mirror locked in the highest tower for centuries. What does the enchanted mirror show?""",The royal family’s history with the mirror.,The enchanted mirror shows the viewer's true desires rather than their reflection.,"In the context of the fairy tale you mentioned, the enchanted mirror shows the viewer's true desires rather than their physical appearance. This means that when someone looks into the mirror, they see not what they look like, but what they deeply wish for or desire. This could range from material possessions to personal qualities or achievements. The enchanted mirror serves as a magical tool that reveals the heart's deepest wishes and aspirations of the person looking into it.","According to the description given, the enchanted mirror in the fairy tale shows the viewer's true desires rather than their physical appearance. This means that when someone looks into the mirror, they see what they truly wish or desire, which can be a reflection of their deepest aspirations, hopes, or even hidden longings.

In the context of the story where the mirror is kept locked in the highest tower by the royal family, it suggests that this mirror is a tool used to gauge the purity and sincerity of the heart. By showing the viewer's true desires, the mirror could reveal whether a person's wishes and intentions align with virtue and honesty. This could be significant for the royal family in matters of succession, loyalty, or any other important decision that requires insight into a person's character beyond surface appearances.

So, the enchanted mirror shows:

- The viewer's true desires and aspirations.
- A reflection of their deepest wishes and hopes.
- An indication of their inner purity and sincerity.","The irrelevant context in the prompt is:

- ""The royal family has kept the mirror locked in the highest tower for centuries.""

This detail, while it adds depth to the story and the setting, is not directly relevant to the core question of what the enchanted mirror shows. The question specifically asks about the content of the mirror's reflection, which is described as showing the viewer's true desires rather than their physical appearance. The information about the mirror being locked away does not affect how the mirror functions or what it reveals.",0.85674965,0.83497095,0.6555458,9.568041563034058
Qwen/Qwen2.5-7B-Instruct,The wizard in the story can transform into an eagle but only during daylight hours. What animal can the wizard transform into?,The wizard in the story can transform into an eagle but only during daylight hours. The transformation spell was taught to him by his grandfather who was the royal mage. Eagle magic is considered one of the most difficult forms of transformation magic. What animal can the wizard transform into?,"Identify the irrelevant context in the prompt: ""The wizard in the story can transform into an eagle but only during daylight hours. The transformation spell was taught to him by his grandfather who was the royal mage. Eagle magic is considered one of the most difficult forms of transformation magic. What animal can the wizard transform into?""",The grandfather's teachings and eagle magic.,The wizard can transform into an eagle during daylight hours.,"According to the information provided in the question, the wizard can transform into an eagle but only during daylight hours. Therefore, the specific animal the wizard can transform into is an eagle.","Based on the information provided in the story, the wizard can transform into an eagle but only during daylight hours. This means the specific animal he can transform into is an eagle. The difficulty of this transformation and its restriction to daylight hours are significant details that set it apart from other potential transformations. So, the wizard can transform into an eagle.","The irrelevant context in the prompt is:

""What animal can the wizard transform into?""

This question is redundant given the information provided earlier in the prompt, which states explicitly that ""The wizard in the story can transform into an eagle."" Therefore, the answer to this question is already given within the prompt itself.",0.8522741,0.90448457,0.38762882,4.10081148147583
Qwen/Qwen2.5-7B-Instruct,"In the children's book, the magical umbrella transports the user to whatever location is pictured on its canopy. What does the magical umbrella do?","In the children's book, the magical umbrella transports the user to whatever location is pictured on its canopy. The umbrella once belonged to a famous explorer who visited every continent. The illustrations on the umbrella change based on the current owner's deepest wishes. What does the magical umbrella do?","Identify the irrelevant context in the prompt: ""In the children's book, the magical umbrella transports the user to whatever location is pictured on its canopy. The umbrella once belonged to a famous explorer who visited every continent. The illustrations on the umbrella change based on the current owner's deepest wishes. What does the magical umbrella do?""",The umbrella’s history with a famous explorer and changing illustrations.,The magical umbrella transports the user to the location pictured on its canopy.,"In the children's book you described, the magical umbrella has a special ability where it transports the user to the location that is depicted on its canopy. When the umbrella is opened and the child gazes at the picture of the desired destination, they can be whisked away to that place in an instant. This makes for exciting adventures and helps children imagine and explore different settings and environments.","The magical umbrella in this children's book transports the user to any location depicted on its canopy. Initially, the umbrella belonged to a famous explorer who had visited every continent, and it carried pictures of these places. Over time, as different owners take possession of the umbrella, its illustrations change to reflect the current owner's deepest wishes or desires. This means that if someone really wants to go to a specific place or has a strong desire for a particular environment (like a beach, a forest, or even a fictional land), the umbrella's canopy will show an illustration of that place, allowing the owner to step through and experience it firsthand.","The irrelevant context in the prompt is: ""The illustrations on the umbrella change based on the current owner's deepest wishes."" This sentence, while providing an interesting detail about the magical properties of the umbrella, is not directly necessary to answer the question ""What does the magical umbrella do?"" The core function of the umbrella, which is to transport the user to the location pictured on its canopy, can be stated without mentioning how the illustrations change.",0.7716124,0.81777275,0.6080615,7.217979907989502
Qwen/Qwen2.5-7B-Instruct,"In the mystery novel, the detective discovers that the victim was poisoned with a rare plant extract. How was the victim killed?","In the mystery novel, the detective discovers that the victim was poisoned with a rare plant extract. The detective has solved over thirty cases in his career without any failures. The rare plant only grows in remote mountain regions during the winter months. How was the victim killed?","Identify the irrelevant context in the prompt: ""In the mystery novel, the detective discovers that the victim was poisoned with a rare plant extract. The detective has solved over thirty cases in his career without any failures. The rare plant only grows in remote mountain regions during the winter months. How was the victim killed?""",The detective’s career history and the plant’s growth location.,The victim was poisoned with a rare plant extract.,"In the mystery novel, the detective discovers that the victim was poisoned with a rare plant extract, which implies that the victim was likely administered a lethal dose of this extract through one or more of several possible means. Here’s how the detective might piece together the sequence of events:

1. **Identifying the Plant Extract**: The first step would be to identify the rare plant from which the extract came. This could involve consulting botanical experts and analyzing the chemical composition of the sample.

2. **Mode of Administration**: The detective would need to determine how the poison was administered. Possible methods include:
   - **Oral**: If the extract was ingested, the detective might look for signs of poisoning in the victim's stomach contents.
   - **Inhalation**: If the extract was inhaled, the detective might find traces of the substance on the victim's clothing or in their environment.
   - **Injection**: If injected, the detective would check for any signs of injection sites, such as small puncture marks.
   - **Contact**: If the extract was absorbed through the skin, the detective would investigate whether the victim had come into contact with the plant or its extract.

3. **Timing and Opportunity**: The detective would also consider when and where the poisoning occurred. This involves looking at the victim's schedule, recent activities, and interactions with others who might have access to the rare plant extract.

4. **Motive and Suspects**: The detective would compile a list of suspects who had the motive and opportunity to commit the crime. This could include people who had a grudge against the victim, those who had knowledge about rare plants, or individuals who might have access to the rare plant extract.

5. **Forensic Evidence**: Forensic analysis would play a crucial role in identifying the exact type of rare plant extract used and linking it back to a specific source or individual. This could involve DNA testing, chemical analysis, and possibly even geographical markers if the plant is rare and localized.

6. **Alibi Verification**: The detective would verify the alibis of the prime suspects to see if anyone had the chance to administer the poison without being detected.

By methodically following these steps, the detective can uncover the truth behind the rare plant extract poisoning and solve the mystery.","Given the details provided, we can piece together a plausible scenario for how the victim was killed:

1. **Rare Plant Extract**: The fact that the rare plant extract is used as the poison suggests that whoever administered it had access to this specific plant and knowledge of its toxicity. Rare plants growing in remote mountain regions during the winter months imply that the location and timing are crucial.

2. **Remote Mountain Regions During Winter Months**: This indicates that the crime likely took place in a remote area where the plant could be found. Such an isolated location could suggest that the killer had a strong motive and possibly a close connection to the victim, as it would be difficult to access without prior knowledge or permission.

3. **Detective's Background**: The detective's track record of solving over thirty cases without failure suggests he is experienced and methodical. He would likely look for indirect clues and follow a systematic approach to uncover the truth.

Putting these pieces together, here’s a potential scenario:

- **Access to the Rare Plant**: The killer had access to the rare plant, either through knowledge of its location or through someone who could provide it. This could mean the killer knew the victim personally, such as a business partner, family member, or former lover.
  
- **Timing**: The crime occurred during the winter months when the rare plant was available. This suggests the killer timed the poisoning to coincide with the availability of the rare plant.

- **Means of Poisoning**: The rare plant extract was likely administered discreetly, perhaps through food or drink. Given the detective's experience, he would investigate all possible means of poisoning, including looking into the victim’s meals and interactions leading up to the incident.

- **Location**: The remote mountain region where the rare plant grows would have been carefully chosen by the killer to ensure privacy and to avoid detection. This isolation could also make it harder for others to interfere with the plan.

Given the detective's skills, he would methodically trace back the victim’s movements and activities during the critical period. He might also interview people who had access to the rare plant or those who were in the vicinity during the winter months.

To solve this case, the detective would need to:
- Investigate the victim’s personal and professional relationships to find someone who had both access to the rare plant and a motive.
- Check the victim’s meals and food sources for traces of the rare plant.
- Explore the possibility of anyone else having access to the rare plant and a reason to harm the victim.

By following these leads, the detective could potentially identify the killer and unravel the mystery.","The irrelevant context in the prompt is: ""The detective has solved over thirty cases in his career without any failures."" This information, while it provides background on the detective's skill level, is not directly relevant to explaining how the victim was killed. The question specifically asks for the method of the victim's death, which is addressed by the mention of the rare plant extract used as poison.",0.736678,0.7608947,0.55552506,26.051650524139404
Qwen/Qwen2.5-7B-Instruct,The haunted house in the story was built on an ancient burial ground. Where was the haunted house built?,The haunted house in the story was built on an ancient burial ground. The house has 13 rooms and staircases that lead to nowhere. Previous owners have reported hearing whispers in languages that haven't been spoken for centuries. Where was the haunted house built?,"Identify the irrelevant context in the prompt: ""The haunted house in the story was built on an ancient burial ground. The house has 13 rooms and staircases that lead to nowhere. Previous owners have reported hearing whispers in languages that haven't been spoken for centuries. Where was the haunted house built?""","The house’s room count, staircases, and reports of whispers.",The haunted house was built on an ancient burial ground.,"According to the information provided in your statement, the haunted house was built on an ancient burial ground. Therefore, the location of the haunted house is on an ancient burial ground.","Given the details provided—specifically, that the haunted house was built on an ancient burial ground and has peculiar features like 13 rooms and staircases leading to nowhere, along with mysterious whispers in long-forgotten languages—it's likely that the haunted house was built in a location rich in history and folklore. 

One plausible setting could be an area known for its ancient burial grounds or historical sites, such as:

- **New England, USA**: This region is famous for its colonial history and tales of hauntings, including stories involving Native American burial grounds. Places like Salem, Massachusetts, or Connecticut are known for their spooky legends.
- **Ireland**: With a deep-rooted history and numerous ancient burial sites, Ireland is a prime candidate. Areas like County Kerry or County Sligo, which have connections to ancient Celtic burial mounds, could fit the description.
- **England**: Similarly, England has many ancient burial grounds and historic sites where similar tales of hauntings might occur. Sites like Stonehenge or ancient burial mounds in the West Country could be potential settings.

Given these clues, it’s difficult to pinpoint the exact location without more specific details, but any area with a rich history and ancient burial grounds could potentially fit the scenario described.","The prompt does not contain any irrelevant context. Each detail provided contributes to the description of the haunted house:

1. It was built on an ancient burial ground.
2. The house has 13 rooms.
3. There are staircases that lead to nowhere.
4. Previous owners have reported hearing whispers in languages that haven't been spoken for centuries.

All these details are relevant to describing the haunted nature of the house. The question ""Where was the haunted house built?"" is also relevant as it seeks information about the location, which is already provided in the first sentence of the prompt. Therefore, there is no irrelevant context in this prompt.",0.8502748,0.73161733,0.5023568,10.381243228912354
Qwen/Qwen2.5-7B-Instruct,What's wrong with this Python function that's supposed to calculate the factorial of a number? def factorial(n): return n * factorial(n-1),What's wrong with this Python function that's supposed to calculate the factorial of a number? Python uses dynamic typing which allows for flexibility in function parameters. Many recursive algorithms have iterative counterparts with better space complexity. def factorial(n): return n * factorial(n-1),"Identify the irrelevant context in the prompt: ""What's wrong with this Python function that's supposed to calculate the factorial of a number? Python uses dynamic typing which allows for flexibility in function parameters. Many recursive algorithms have iterative counterparts with better space complexity. def factorial(n): return n * factorial(n-1)""",Python’s dynamic typing and recursive algorithms.,"The function is missing a base case to stop recursion, leading to infinite recursion.","The issue with the Python function you provided is that it lacks a base case and makes an incorrect recursive call. The function will result in a `RecursionError: maximum recursion depth exceeded` because it never reaches a point where it stops calling itself.

Here’s how you can correct it:

```python
def factorial(n):
    if n == 0 or n == 1:
        return 1
    else:
        return n * factorial(n - 1)
```

Explanation:
1. **Base Case**: The function now checks if `n` is 0 or 1, in which case it returns 1. This is because the factorial of 0 and 1 is 1.
2. **Recursive Case**: If `n` is greater than 1, the function calls itself with `n-1` and multiplies the result by `n`.

This ensures that the function eventually reaches a base case and terminates correctly.","The issue with the provided Python function is that it is defined using a recursive approach without a base case. In recursion, it's crucial to define a base case to stop the recursive calls and prevent infinite recursion. The current implementation will lead to a `RecursionError` because there's no condition to terminate the recursion when `n` reaches 0.

Here’s the corrected version of the function:

```python
def factorial(n):
    if n == 0 or n == 1:
        return 1
    else:
        return n * factorial(n - 1)
```

Alternatively, you can use an iterative approach, which often has better space complexity than the recursive one:

```python
def factorial(n):
    result = 1
    for i in range(2, n + 1):
        result *= i
    return result
```

Both versions correctly handle the factorial calculation and include a base case to ensure the recursion stops properly.","The irrelevant context in the prompt is:

""Python uses dynamic typing which allows for flexibility in function parameters.""

This statement is generally true but it does not directly relate to the specific issue with the given Python function for calculating the factorial. The focus should be on the content of the function itself to identify any problems.",0.59887,0.47999683,0.385557,11.099501132965088
Qwen/Qwen2.5-7B-Instruct,What's wrong with this recursive implementation of the Fibonacci sequence? int fib(int n) { return fib(n-1) + fib(n-2); },What's wrong with this recursive implementation of the Fibonacci sequence? int fib(int n) { return fib(n-1) + fib(n-2); } The Fibonacci sequence appears in many natural phenomena including flower petals and pinecones. Dynamic programming can optimize recursive algorithms with overlapping subproblems.,"Identify the irrelevant context in the prompt: ""What's wrong with this recursive implementation of the Fibonacci sequence? int fib(int n) { return fib(n-1) + fib(n-2); } The Fibonacci sequence appears in many natural phenomena including flower petals and pinecones. Dynamic programming can optimize recursive algorithms with overlapping subproblems.""",Fibonacci sequence in nature and dynamic programming.,"The Fibonacci function lacks a base case for n <= 1, causing a stack overflow.","The recursive implementation of the Fibonacci sequence provided has an issue with its efficiency and correctness due to overlapping subproblems. Here's a detailed explanation:

### Problem: Overlapping Subproblems and Exponential Time Complexity

The given function `fib(int n)` is defined as:
```c
int fib(int n) {
    return fib(n-1) + fib(n-2);
}
```

This recursive approach calculates each Fibonacci number by summing up the two preceding ones. However, it does so in a naive manner that leads to many redundant calculations.

For example, when calculating `fib(5)`, the function will calculate `fib(4)` and `fib(3)`. Then, to calculate `fib(4)`, it will again calculate `fib(3)` and `fib(2)`. Notice how `fib(3)` is being recalculated multiple times. This redundancy leads to an exponential time complexity of \(O(2^n)\), which makes the function very inefficient for large values of `n`.

### Correctness

While the function is mathematically correct in terms of the Fibonacci sequence definition, it can be improved both in terms of performance and space usage.

### Improved Implementation

To address these issues, you can use either **Dynamic Programming** (iterative approach) or **Memoization** (top-down approach). Below are examples of both:

#### Iterative Approach (Dynamic Programming)

```c
int fib(int n) {
    if (n <= 1) {
        return n;
    }
    int a = 0, b = 1, c;
    for (int i = 2; i <= n; ++i) {
        c = a + b;
        a = b;
        b = c;
    }
    return b;
}
```

#### Memoization (Top-Down Approach)

```c
#include <unordered_map>

int fib(int n, std::unordered_map<int, int>& memo) {
    if (memo.find(n) != memo.end()) {
        return memo[n];
    }
    if (n <= 1) {
        return n;
    }
    memo[n] = fib(n - 1, memo) + fib(n - 2, memo);
    return memo[n];
}

// To call the function
int main() {
    std::unordered_map<int, int> memo;
    int result = fib(30, memo); // Example call
    return 0;
}
```

Both of these approaches avoid the redundant calculations by storing previously computed results, thus reducing the time complexity to \(O(n)\) and the space complexity to \(O(n)\) (for the iterative approach) or \(O(n)\) (for the recursive approach with memoization).

### Conclusion

The provided recursive implementation is correct but highly inefficient due to overlapping subproblems. Using dynamic programming or memoization can significantly improve the performance and reduce the time complexity.","The recursive implementation of the Fibonacci sequence you provided has a significant issue: it is highly inefficient due to its exponential time complexity. Specifically, the function makes redundant calculations for the same values of `n`, leading to an exponential number of function calls.

Here’s a breakdown of the problem:

### Time Complexity Analysis
The naive recursive approach has a time complexity of \(O(2^n)\). This is because each call to `fib(n)` results in two additional calls, `fib(n-1)` and `fib(n-2)`. As a result, the number of function calls grows exponentially with the input size `n`.

### Example Calculation
For `fib(5)`, the function will make the following calls:
```
fib(5) -> fib(4) + fib(3)
fib(4) -> fib(3) + fib(2)
fib(3) -> fib(2) + fib(1)
fib(2) -> fib(1) + fib(0)
fib(1) -> 1
fib(0) -> 0
```

Notice that `fib(3)` and `fib(2)` are called multiple times. This redundancy causes the algorithm to be very slow for even moderately large values of `n`.

### Correct Recursive Implementation
To address this inefficiency, you can use dynamic programming techniques such as memoization or tabulation. Here is a more efficient version using memoization:

```c++
#include <unordered_map>

int fib(int n, std::unordered_map<int, int>& memo) {
    if (n <= 1) return n;
    if (memo.find(n) != memo.end()) return memo[n];
    
    memo[n] = fib(n - 1, memo) + fib(n - 2, memo);
    return memo[n];
}
```

Alternatively, you can use tabulation (bottom-up approach):

```c++
int fib(int n) {
    if (n <= 1) return n;

    std::vector<int> dp(n + 1);
    dp[1] = 1;

    for (int i = 2; i <= n; ++i) {
        dp[i] = dp[i - 1] + dp[i - 2];
    }

    return dp[n];
}
```

Both of these approaches reduce the time complexity to \(O(n)\) by storing previously computed results, thus avoiding redundant calculations.

### Conclusion
The provided recursive implementation of the Fibonacci sequence is inefficient due to its exponential time complexity. Using dynamic programming techniques like memoization or tabulation can significantly improve the performance, making the algorithm much more practical for larger values of `n`.","The irrelevant context in the prompt is:

""Dynamic programming can optimize recursive algorithms with overlapping subproblems.""

This statement, while true in general, is not directly relevant to identifying issues with the specific recursive implementation of the Fibonacci sequence provided in the prompt. The prompt asks about a particular piece of code and its problems, so the discussion about dynamic programming optimization, although related to algorithm optimization, does not address the immediate concern.",0.59557307,0.6854049,0.70897424,30.22127103805542
Qwen/Qwen2.5-7B-Instruct,How would you fix this memory leak in C? int* getData() { int data; return data; },How would you fix this memory leak in C? int* getData() { int data; return data; } Valgrind is a popular tool for detecting memory leaks in C and C++ programs. The C programming language was developed by Dennis Ritchie at Bell Labs.,"Identify the irrelevant context in the prompt: ""How would you fix this memory leak in C? int* getData() { int data; return data; } Valgrind is a popular tool for detecting memory leaks in C and C++ programs. The C programming language was developed by Dennis Ritchie at Bell Labs.""",Valgrind is a popular tool for detecting memory leaks in C and C++ programs. The C programming language was developed by Dennis Ritchie at Bell Labs.,The memory leak happens because the function returns a local variable data which is destroyed after the function exits.,"The code snippet you provided has a memory leak because the `int data` variable is allocated on the stack and is returned as a pointer to an invalid memory location. When the function returns, the local variable `data` is destroyed, but the pointer that was returned still points to that now-invalid memory.

To fix this issue, you should allocate memory dynamically using `malloc`, and then return a pointer to that memory. Here's how you can do it:

```c
#include <stdlib.h>

int* getData() {
    int *data = malloc(sizeof(int));
    if (data == NULL) {
        // Handle allocation failure, e.g., return NULL or exit with error
        return NULL;
    }
    *data = 42;  // Example value
    return data;
}

// Don't forget to free the allocated memory when you're done with it!
void freeData(int *data) {
    free(data);
}
```

In this corrected version:

1. `int *data = malloc(sizeof(int));` allocates memory for an integer on the heap.
2. The `*data = 42;` line assigns a value to the allocated memory.
3. The function returns a pointer to the allocated memory.

Remember to call `freeData` when you no longer need the allocated memory to avoid a memory leak:

```c
int *myData = getData();
// Use myData...
freeData(myData);
```

This ensures that the memory allocated on the heap is properly deallocated when it's no longer needed.","The code snippet provided has a fundamental issue that leads to a memory leak: the `int data` variable is allocated on the stack but is being returned as a pointer without being dynamically allocated. When the function returns, the local variable `data` goes out of scope, but the pointer that was returned will still be pointing to invalid memory. This can cause undefined behavior when the program tries to access the memory through the pointer.

To fix this issue, you need to allocate memory dynamically using `malloc` or `calloc`, and ensure that you free the allocated memory later when it's no longer needed to avoid a memory leak. Here's an example of how you can modify the function:

```c
#include <stdlib.h>

int* getData() {
    int *data = (int *) malloc(sizeof(int));  // Allocate memory on the heap
    if (data == NULL) {
        // Handle allocation failure
        return NULL;
    }
    *data = 42;  // Assign some value to the allocated memory
    return data;  // Return the pointer to the allocated memory
}

void freeData(int *data) {
    free(data);  // Free the allocated memory
}
```

In this corrected version:
1. Memory is allocated on the heap using `malloc`.
2. The allocated memory is assigned a value.
3. A pointer to the allocated memory is returned.
4. A corresponding `freeData` function is provided to free the allocated memory when it's no longer needed to prevent a memory leak.

Remember to always check the return value of `malloc` to ensure that the memory allocation was successful. If `malloc` fails, it returns `NULL`, and your code should handle this case appropriately.","The irrelevant context in the prompt is:

""Valgrind is a popular tool for detecting memory leaks in C and C++ programs.""

This sentence is not directly relevant to the specific example of the memory leak in the `getData` function provided. While it provides useful information about a tool that can help detect memory leaks, it does not address the issue at hand, which is the actual code snippet and how to fix the memory leak in it.

The correct way to fix the memory leak in the given `getData` function would be to dynamically allocate memory for the `data` variable using `malloc` and then remember to free it when it's no longer needed. Here’s an example of how you could modify the function:

```c
#include <stdlib.h>

int* getData() {
    int *data = (int *)malloc(sizeof(int));
    if (data == NULL) {
        // Handle allocation failure
        exit(EXIT_FAILURE);
    }
    *data = 42; // Example value
    return data;
}

// Don't forget to free the allocated memory when done
void freeData(int *data) {
    free(data);
}
```

In this corrected version, `getData` returns a pointer to dynamically allocated memory, and `freeData` is responsible for freeing that memory when it's no longer needed.",0.6249024,0.6737541,0.72150326,23.111634016036987
Qwen/Qwen2.5-7B-Instruct,What does this JavaScript code output? console.log(typeof NaN);,What does this JavaScript code output? console.log(typeof NaN); JavaScript was created by Brendan Eich in 10 days while working at Netscape. The ECMAScript specification defines how JavaScript engines should implement the language.,"Identify the irrelevant context in the prompt: ""What does this JavaScript code output? console.log(typeof NaN); JavaScript was created by Brendan Eich in 10 days while working at Netscape. The ECMAScript specification defines how JavaScript engines should implement the language.""",JavaScript was created by Brendan Eich in 10 days while working at Netscape. The ECMAScript specification defines how JavaScript engines should implement the language.,"The output is ""number.""","The JavaScript code `console.log(typeof NaN);` will output the string `""number""`.

Even though `NaN` (Not-a-Number) is not a number in the traditional sense and cannot be used in arithmetic operations as you would with other numbers, it still has a type in JavaScript, which is `number`. This is because `NaN` is actually a value of the JavaScript Number primitive type, even if it represents an undefined or unrepresentable value.","The JavaScript code `console.log(typeof NaN);` will output `number`. 

Even though `NaN` (Not-a-Number) is not a number in the mathematical sense, it is still classified as a number type in JavaScript. This is because `NaN` is a value that is part of the IEEE standard for floating-point arithmetic and is represented as a numeric data type.

Here's a breakdown of what happens when you run this code:

```javascript
console.log(typeof NaN); // Outputs: ""number""
```

This reflects the fact that `NaN` is a special value that is treated as a number in JavaScript, even though it doesn't represent a valid number.","The irrelevant context in the prompt is:

""JavaScript was created by Brendan Eich in 10 days while working at Netscape. The ECMAScript specification defines how JavaScript engines should implement the language.""

This information is not directly related to the question about what the JavaScript code `console.log(typeof NaN);` outputs. The relevant part of the prompt is focused on understanding the output of a specific line of code.",0.43954465,0.38140097,0.6970689,7.73436164855957
Qwen/Qwen2.5-7B-Instruct,What is the difference between == and === in JavaScript?,What is the difference between == and === in JavaScript? JavaScript follows the IEEE 754 standard for floating-point arithmetic. The prototype chain is central to JavaScript's object-oriented inheritance model.,"Identify the irrelevant context in the prompt: ""What is the difference between == and === in JavaScript? JavaScript follows the IEEE 754 standard for floating-point arithmetic. The prototype chain is central to JavaScript's object-oriented inheritance model.""",JavaScript follows the IEEE 754 standard for floating-point arithmetic. The prototype chain is central to JavaScript's object-oriented inheritance model.,"The == compares values, while === compares both values and types.","In JavaScript, `==` and `===` are both comparison operators, but they differ in how they handle type coercion.

- **`==` (Abstract Equality Operator)**:
  - This operator performs type coercion before comparing the values.
  - If the types of the two operands are different, it attempts to convert them to a common type before making the comparison.
  - Examples:
    ```javascript
    1 == ""1"" // true, because ""1"" is converted to the number 1
    null == undefined // true, because both are converted to the same value (null)
    ```

- **`===` (Strict Equality Operator)**:
  - This operator does not perform type coercion.
  - It only returns true if both the value and the type of the operands are the same.
  - Examples:
    ```javascript
    1 === ""1"" // false, because one is a number and the other is a string
    null === undefined // false, because they are different types
    ```

Using `===` is generally recommended because it makes your code more predictable and avoids unexpected results due to type coercion. However, `==` can be useful in certain situations where you want to compare values regardless of their type.","In JavaScript, `==` (abstract equality) and `===` (strict equality) are two different ways to compare values. The key differences between them lie in how they handle type coercion and value comparison:

1. **Abstract Equality (`==`):**
   - **Type Coercion:** `==` performs type coercion before comparing the values. This means that if the types of the operands are different, JavaScript will attempt to convert one or both values to a common type before performing the comparison.
   - **Examples:**
     ```javascript
     console.log(1 == ""1""); // true, because ""1"" is converted to 1
     console.log(""1"" == 1); // true, same as above
     console.log(0 == false); // true, because false is converted to 0
     console.log(0 == undefined); // false, because undefined cannot be converted to 0 in this context
     ```

2. **Strict Equality (`===`):**
   - **No Type Coercion:** `===` does not perform any type conversion. It only compares the values if they are of the same type. If the types do not match, it immediately returns `false`.
   - **Examples:**
     ```javascript
     console.log(1 === ""1""); // false, because the types are different
     console.log(""1"" === 1); // false, same as above
     console.log(0 === false); // false, because false is a boolean, not a number
     console.log(0 === undefined); // false, because undefined is not equal to 0
     ```

### Prototype Chain and Inheritance

The prototype chain is a mechanism used in JavaScript to support inheritance. Each object has a prototype property that points to another object, which in turn can have its own prototype, and so on. This chain allows JavaScript to delegate method and property lookups from child objects to parent objects.

- **Prototype Chain Example:**
  ```javascript
  function Animal(name) {
    this.name = name;
  }

  function Dog(name, breed) {
    Animal.call(this, name);
    this.breed = breed;
  }

  Dog.prototype = Object.create(Animal.prototype);
  Dog.prototype.constructor = Dog;

  const myDog = new Dog('Rex', 'Golden Retriever');
  console.log(myDog instanceof Animal); // true, because the prototype chain links Dog to Animal
  ```

In this example:
- `Dog` inherits from `Animal` through the prototype chain.
- `myDog` is an instance of `Dog`, and when you check `myDog instanceof Animal`, it returns `true` because the prototype chain allows the `instanceof` operator to find the `Animal.prototype` in the chain.

Understanding these concepts—`==` vs `===` and the prototype chain—is crucial for writing robust and efficient JavaScript code.","The irrelevant context in the prompt is:

""JavaScript follows the IEEE 754 standard for floating-point arithmetic. The prototype chain is central to JavaScript's object-oriented inheritance model.""

This information, while accurate about JavaScript, does not directly relate to explaining the difference between `==` and `===` in JavaScript. The focus should be on the comparison operators themselves.",0.6855143,0.65822536,0.6783029,22.976285696029663
Qwen/Qwen2.5-7B-Instruct,What is the output of this Ruby code? a =; b = a; a = 4; puts b,"What is the output of this Ruby code? a =; b = a; a = 4; puts b Ruby was created by Yukihiro Matsumoto in the mid-1990s. The Ruby on Rails framework popularized the convention over configuration paradigm.""","Identify the irrelevant context in the prompt: ""What is the output of this Ruby code? a =; b = a; a = 4; puts b Ruby was created by Yukihiro Matsumoto in the mid-1990s. The Ruby on Rails framework popularized the convention over configuration paradigm.""""",Ruby was created by Yukihiro Matsumoto in the mid-1990s. The Ruby on Rails framework popularized the convention over configuration paradigm.,The output is nil since a is uninitialized.,"The given Ruby code has a few issues that will result in a syntax error. Let's break it down:

1. `a =;` - This line is missing an assignment value. It should be something like `a = 0` or `a = nil`.
2. `b = a;` - This line looks fine.
3. `a = 4;` - This line assigns the value `4` to `a`.
4. `puts b` - This line prints the value of `b`.

Assuming you meant to assign a value to `a` (e.g., `nil`), here's the corrected version of the code:

```ruby
a = nil
b = a
a = 4
puts b
```

Now, let's walk through what happens with this corrected code:

1. `a = nil` - `a` is assigned the value `nil`.
2. `b = a` - `b` is assigned the value of `a`, which is `nil`.
3. `a = 4` - `a` is reassigned the value `4`.
4. `puts b` - `b` still holds the value it was assigned earlier, which is `nil`. Therefore, `puts b` will print `nil`.

So, the output of this Ruby code will be:

```
nil
```","The provided Ruby code has a syntax error and will not run as intended because the assignment statement `a =;` is incorrect. Let's correct it and then analyze the output.

Here is the corrected version of the code:

```ruby
a = nil
b = a
a = 4
puts b
```

Let's step through the execution:

1. `a = nil`: Assign `nil` to variable `a`.
2. `b = a`: Assign the value of `a` (which is `nil`) to `b`. Now `b` is also `nil`.
3. `a = 4`: Assign the integer `4` to `a`. Now `a` is `4` and `b` is still `nil`.
4. `puts b`: Print the value of `b`, which is `nil`.

Therefore, the output of this code will be:

```
nil
```

This is the expected output given the corrected code.","The irrelevant context in the prompt is:

""Ruby was created by Yukihiro Matsumoto in the mid-1990s. The Ruby on Rails framework popularized the convention over configuration paradigm.""

This information is not related to the Ruby code provided and does not affect the output of the code snippet.",0.45154905,0.4894955,0.80924946,13.52827000617981
Qwen/Qwen2.5-7B-Instruct,How would you implement a binary search algorithm in Java?,How would you implement a binary search algorithm in Java? Java provides the Collections framework with many built-in data structures. Virtual machines use just-in-time compilation to optimize bytecode execution at runtime.,"Identify the irrelevant context in the prompt: ""How would you implement a binary search algorithm in Java? Java provides the Collections framework with many built-in data structures. Virtual machines use just-in-time compilation to optimize bytecode execution at runtime.""",Java provides the Collections framework with many built-in data structures. Virtual machines use just-in-time compilation to optimize bytecode execution at runtime.,A binary search in Java would repeatedly divide the sorted list in half until the target is found.,"Certainly! The binary search algorithm is an efficient method for finding an item from a sorted list of items. It works by repeatedly dividing in half the portion of the list that could contain the item, until you've narrowed down the possible locations to just one.

Here's how you can implement a binary search algorithm in Java:

```java
public class BinarySearch {

    /**
     * Performs a binary search on a sorted array.
     * 
     * @param arr The sorted array to search.
     * @param target The value to search for.
     * @return The index of the target if found, or -1 if not found.
     */
    public static int binarySearch(int[] arr, int target) {
        int left = 0;
        int right = arr.length - 1;

        while (left <= right) {
            int mid = left + (right - left) / 2; // Prevents overflow

            if (arr[mid] == target) {
                return mid; // Target found
            } else if (arr[mid] < target) {
                left = mid + 1; // Search in the right half
            } else {
                right = mid - 1; // Search in the left half
            }
        }

        return -1; // Target not found
    }

    public static void main(String[] args) {
        int[] arr = {2, 3, 4, 10, 40};
        int target = 10;

        int result = binarySearch(arr, target);

        if (result == -1) {
            System.out.println(""Element not present in the array"");
        } else {
            System.out.println(""Element found at index "" + result);
        }
    }
}
```

### Explanation:
1. **Initialization**: `left` and `right` pointers are set to the start and end indices of the array, respectively.
2. **Loop Condition**: The loop continues as long as `left` is less than or equal to `right`.
3. **Mid Calculation**: The midpoint `mid` is calculated using the formula `left + (right - left) / 2`. This prevents potential overflow issues when dealing with large arrays.
4. **Comparison**:
   - If the middle element (`arr[mid]`) is equal to the target, the function returns `mid`.
   - If the middle element is less than the target, the `left` pointer is moved to `mid + 1` to search in the right half.
   - If the middle element is greater than the target, the `right` pointer is moved to `mid - 1` to search in the left half.
5. **Not Found**: If the loop exits without finding the target, the function returns `-1`.

This implementation assumes that the input array is already sorted. If the array is not sorted, it should be sorted before performing the binary search.","Certainly! Below is an implementation of the Binary Search algorithm in Java. This implementation assumes that the input array is sorted in ascending order.

```java
public class BinarySearch {

    /**
     * Performs binary search on a sorted array.
     * 
     * @param arr The sorted array to search.
     * @param target The value to search for.
     * @return The index of the target if found, or -1 if not found.
     */
    public static int binarySearch(int[] arr, int target) {
        int left = 0;
        int right = arr.length - 1;

        while (left <= right) {
            int mid = left + (right - left) / 2; // To prevent overflow

            if (arr[mid] == target) {
                return mid; // Target found
            } else if (arr[mid] < target) {
                left = mid + 1; // Search in the right half
            } else {
                right = mid - 1; // Search in the left half
            }
        }

        return -1; // Target not found
    }

    public static void main(String[] args) {
        int[] arr = {1, 3, 5, 7, 9, 11, 13, 15};
        int target = 7;

        int result = binarySearch(arr, target);
        if (result != -1) {
            System.out.println(""Element "" + target + "" is present at index "" + result);
        } else {
            System.out.println(""Element "" + target + "" is not present in the array"");
        }
    }
}
```

### Explanation:

1. **Initialization**: We initialize `left` to the start of the array (index 0) and `right` to the end of the array (last index).

2. **Loop Condition**: The loop continues as long as `left` is less than or equal to `right`.

3. **Midpoint Calculation**: We calculate the midpoint `mid` to divide the array into two halves. To avoid integer overflow, we use the formula `mid = left + (right - left) / 2`.

4. **Comparison**:
   - If the middle element `arr[mid]` is equal to the target, we return `mid`.
   - If the middle element is less than the target, we adjust `left` to `mid + 1` to search in the right half.
   - If the middle element is greater than the target, we adjust `right` to `mid - 1` to search in the left half.

5. **Target Not Found**: If the loop completes without finding the target, we return `-1`.

### Just-In-Time Compilation and Collections Framework:

- **Just-In-Time Compilation (JIT)**: The Java Virtual Machine (JVM) uses JIT to compile bytecode to native machine code during runtime. This can significantly improve the performance of your application, especially for frequently executed code like the binary search.

- **Collections Framework**: Java's `Collections` framework provides various data structures such as `ArrayList`, `LinkedList`, etc., which offer different trade-offs between performance and ease of use. For example, `ArrayList` provides efficient random access but slower insertion and deletion compared to `LinkedList`. However, the `Collections` framework does not directly affect the implementation of binary search; it is more about choosing the appropriate data structure for your specific needs.

In summary, the provided code demonstrates a straightforward implementation of binary search in Java, leveraging the language's capabilities effectively.","The irrelevant context in the prompt is:

""Java provides the Collections framework with many built-in data structures. Virtual machines use just-in-time compilation to optimize bytecode execution at runtime.""

This information, while true about Java, does not pertain directly to implementing a binary search algorithm in Java. The focus should be on explaining the steps and code for implementing the binary search algorithm itself.",0.7067226,0.70560503,0.712371,34.85997557640076
Qwen/Qwen2.5-7B-Instruct,How would you implement a stack data structure in Python?,"How would you implement a stack data structure in Python? The LIFO (Last In, First Out) principle is used in memory management for function calls. Abstract data types define behavior without specifying implementation details.","Identify the irrelevant context in the prompt: ""How would you implement a stack data structure in Python? The LIFO (Last In, First Out) principle is used in memory management for function calls. Abstract data types define behavior without specifying implementation details.""","The LIFO (Last In, First Out) principle is used in memory management for function calls. Abstract data types define behavior without specifying implementation details.",Implement a stack in Python using a list with methods like push() and pop().,"Certainly! A stack is a linear data structure that follows the Last In First Out (LIFO) principle. Elements are added and removed from the same end, known as the top of the stack. Here's how you can implement a basic stack in Python using a list:

```python
class Stack:
    def __init__(self):
        # Initialize an empty list to hold the stack elements
        self.items = []

    def is_empty(self):
        # Check if the stack is empty
        return not bool(self.items)

    def push(self, item):
        # Add an item to the top of the stack
        self.items.append(item)

    def pop(self):
        # Remove and return the top item from the stack
        # Raise an exception if the stack is empty
        if not self.is_empty():
            return self.items.pop()
        raise IndexError(""pop from an empty stack"")

    def peek(self):
        # Return the top item without removing it
        # Raise an exception if the stack is empty
        if not self.is_empty():
            return self.items[-1]
        raise IndexError(""peek from an empty stack"")

    def size(self):
        # Return the number of items in the stack
        return len(self.items)

# Example usage:
if __name__ == ""__main__"":
    s = Stack()
    print(""Is the stack empty?"", s.is_empty())
    
    s.push(1)
    s.push(2)
    s.push(3)
    
    print(""Stack size:"", s.size())
    print(""Top element:"", s.peek())
    
    print(""Popped element:"", s.pop())
    print(""Stack size after pop:"", s.size())
    
    print(""Is the stack empty now?"", s.is_empty())
```

### Explanation:
- **`__init__`**: Initializes an empty list to store the stack elements.
- **`is_empty`**: Returns `True` if the stack is empty and `False` otherwise.
- **`push`**: Adds an item to the top of the stack.
- **`pop`**: Removes and returns the top item from the stack. Raises an `IndexError` if the stack is empty.
- **`peek`**: Returns the top item without removing it. Raises an `IndexError` if the stack is empty.
- **`size`**: Returns the number of items currently in the stack.

This implementation provides a simple and efficient way to manage a stack in Python.","Certainly! Implementing a stack data structure in Python involves defining a class that encapsulates the behavior of a stack while abstracting away the internal storage details. A stack follows the Last In, First Out (LIFO) principle, meaning the last element added to the stack will be the first one to be removed.

Here's how you can implement a stack in Python:

```python
class Stack:
    def __init__(self):
        # Initialize an empty list to store stack items
        self.items = []

    def is_empty(self):
        # Check if the stack is empty
        return not bool(self.items)

    def push(self, item):
        # Add an item to the top of the stack
        self.items.append(item)

    def pop(self):
        # Remove and return the top item from the stack
        # Raise an exception if the stack is empty
        if not self.is_empty():
            return self.items.pop()
        raise IndexError(""pop from an empty stack"")

    def peek(self):
        # Return the top item from the stack without removing it
        # Raise an exception if the stack is empty
        if not self.is_empty():
            return self.items[-1]
        raise IndexError(""peek from an empty stack"")

    def size(self):
        # Return the number of items in the stack
        return len(self.items)

# Example usage
if __name__ == ""__main__"":
    s = Stack()
    print(""Is the stack empty?"", s.is_empty())
    s.push(1)
    s.push(2)
    s.push(3)
    print(""Stack size:"", s.size())
    print(""Top item:"", s.peek())
    print(""Popped item:"", s.pop())
    print(""New top item:"", s.peek())
    print(""Is the stack empty now?"", s.is_empty())
```

### Explanation:

1. **Initialization (`__init__` method)**: The `__init__` method initializes an empty list `items` to store the stack elements.

2. **Check if the stack is empty (`is_empty` method)**: This method checks whether the stack is empty by verifying if the `items` list is empty.

3. **Push (`push` method)**: The `push` method adds an item to the top of the stack by appending it to the `items` list.

4. **Pop (`pop` method)**: The `pop` method removes and returns the top item from the stack. It uses the `pop` method of the list to remove the last item. If the stack is empty, it raises an `IndexError`.

5. **Peek (`peek` method)**: The `peek` method returns the top item from the stack without removing it. It simply accesses the last item in the `items` list. If the stack is empty, it raises an `IndexError`.

6. **Get stack size (`size` method)**: The `size` method returns the number of items currently in the stack by returning the length of the `items` list.

This implementation provides a basic yet functional stack data structure that adheres to the LIFO principle.","The irrelevant context in the prompt is:

""Abstract data types define behavior without specifying implementation details.""

While this statement is generally true and relevant to the broader topic of data structures and programming, it is not directly relevant to the specific question about implementing a stack data structure in Python. The focus should be on explaining how to create a stack using Python, which includes details about its implementation.",0.78349906,0.7268506,0.3646257,30.15291714668274
Qwen/Qwen2.5-7B-Instruct,How would you implement a hash table from scratch?,How would you implement a hash table from scratch? Hash functions aim to distribute keys uniformly across the table. Collision resolution strategies include separate chaining and open addressing techniques.,"Identify the irrelevant context in the prompt: ""How would you implement a hash table from scratch? Hash functions aim to distribute keys uniformly across the table. Collision resolution strategies include separate chaining and open addressing techniques.""",Hash functions aim to distribute keys uniformly across the table. Collision resolution strategies include separate chaining and open addressing techniques.,A hash table can be implemented by creating an array of lists and using a hashing function to map keys to indices.,"Implementing a hash table from scratch involves several steps. Below is a detailed guide on how to do it in Python:

### Step 1: Define the Hash Function
The hash function maps keys to indices in the hash table. A good hash function should distribute keys uniformly across the table to minimize collisions.

### Step 2: Handle Collisions
Collisions occur when two different keys map to the same index. There are several strategies to handle collisions, such as separate chaining and open addressing.

### Step 3: Implement the Hash Table Class
This class will have methods for insertion, deletion, and lookup.

### Example Implementation

```python
class HashTable:
    def __init__(self, size=100):
        self.size = size
        self.table = [None] * size

    def _hash_function(self, key):
        # Simple hash function that sums the ASCII values of the characters in the key
        return sum(ord(char) for char in key) % self.size

    def insert(self, key, value):
        index = self._hash_function(key)
        if self.table[index] is None:
            self.table[index] = [(key, value)]
        else:
            for i, (k, v) in enumerate(self.table[index]):
                if k == key:
                    self.table[index][i] = (key, value)  # Update existing key
                    return
            self.table[index].append((key, value))  # Insert new key-value pair

    def get(self, key):
        index = self._hash_function(key)
        bucket = self.table[index]
        if bucket is not None:
            for k, v in bucket:
                if k == key:
                    return v
        raise KeyError(f""Key {key} not found"")

    def delete(self, key):
        index = self._hash_function(key)
        bucket = self.table[index]
        if bucket is not None:
            for i, (k, v) in enumerate(bucket):
                if k == key:
                    del bucket[i]
                    return
        raise KeyError(f""Key {key} not found"")

# Example Usage
ht = HashTable()
ht.insert(""apple"", 10)
ht.insert(""banana"", 5)
ht.insert(""cherry"", 7)

print(ht.get(""apple""))  # Output: 10
print(ht.get(""banana""))  # Output: 5
ht.delete(""banana"")
try:
    print(ht.get(""banana""))
except KeyError as e:
    print(e)  # Output: Key banana not found
```

### Explanation:

1. **Initialization**: The `HashTable` class is initialized with a specified size. The default size is set to 100, but this can be changed.

2. **Hash Function**: The `_hash_function` method calculates an index based on the sum of the ASCII values of the characters in the key. This is a simple hash function that works well for demonstration purposes but may not be optimal for all cases.

3. **Insertion**: The `insert` method inserts a key-value pair into the hash table. If the index already contains a list of key-value pairs, it checks if the key already exists and updates it or appends a new entry.

4. **Lookup**: The `get` method retrieves the value associated with a given key. It first finds the index using the hash function and then searches through the list at that index.

5. **Deletion**: The `delete` method removes a key-value pair from the hash table. It first finds the index using the hash function and then searches through the list at that index to find and remove the key.

### Handling Collisions
In this example, I used separate chaining to handle collisions. Each slot in the hash table can contain a list of key-value pairs. When a collision occurs, the new key-value pair is appended to the list.

### Conclusion
This basic implementation covers the core functionality of a hash table. Depending on your needs, you might want to optimize the hash function, handle edge cases more robustly, or use a different collision resolution strategy like open addressing.","Implementing a hash table from scratch involves several steps, including choosing a suitable data structure for the table, defining the hash function, handling collisions, and providing methods for insertion, deletion, and lookup. Below is a Python implementation of a simple hash table using separate chaining for collision resolution.

### Step-by-Step Implementation

1. **Choose a Data Structure**: We will use a list of lists to handle separate chaining. Each index in the main list corresponds to a bucket where multiple items can be stored if they hash to the same index.

2. **Define the Hash Function**: A simple hash function can be based on the built-in `hash` function in Python, or a custom one depending on the type of keys.

3. **Handle Collisions**: Separate chaining handles collisions by storing a list of items at each bucket.

4. **Provide Methods**: Implement methods for insertion, deletion, and lookup.

### Python Code Implementation

```python
class HashTable:
    def __init__(self, size=10):
        self.size = size
        self.table = [[] for _ in range(size)]

    def _hash_function(self, key):
        # Simple hash function using built-in hash and modulo operation
        return hash(key) % self.size

    def insert(self, key, value):
        index = self._hash_function(key)
        bucket = self.table[index]
        
        # Check if the key already exists in the bucket
        for i, (k, v) in enumerate(bucket):
            if k == key:
                bucket[i] = (key, value)  # Update the value if key exists
                return
        
        # If key doesn't exist, append it to the bucket
        bucket.append((key, value))

    def delete(self, key):
        index = self._hash_function(key)
        bucket = self.table[index]
        
        for i, (k, v) in enumerate(bucket):
            if k == key:
                del bucket[i]  # Delete the item with the given key
                return

    def get(self, key):
        index = self._hash_function(key)
        bucket = self.table[index]
        
        for k, v in bucket:
            if k == key:
                return v  # Return the value associated with the key
        raise KeyError(f""Key {key} not found"")

    def __str__(self):
        return '\n'.join([f""{i}: {bucket}"" for i, bucket in enumerate(self.table)])

# Example usage
if __name__ == ""__main__"":
    ht = HashTable()
    ht.insert(""apple"", 10)
    ht.insert(""banana"", 5)
    ht.insert(""cherry"", 15)
    ht.insert(""date"", 7)
    ht.insert(""apple"", 12)  # Update the value for existing key ""apple""
    
    print(ht)
    
    print(ht.get(""apple""))  # Output: 12
    print(ht.get(""banana""))  # Output: 5
    
    ht.delete(""banana"")
    print(ht)
```

### Explanation

- **Initialization**: The `HashTable` class is initialized with a default size of 10. The `table` attribute is a list of lists that acts as the buckets.
  
- **Hash Function**: The `_hash_function` method computes the hash code for a key and maps it to an index within the table size.

- **Insert Method**: Inserts a key-value pair into the hash table. If the key already exists, it updates the value. If not, it appends the new key-value pair to the bucket at the computed index.

- **Delete Method**: Removes a key-value pair from the hash table. If the key does not exist, it raises a `KeyError`.

- **Get Method**: Retrieves the value associated with a key. If the key does not exist, it raises a `KeyError`.

- **String Representation**: The `__str__` method provides a string representation of the hash table, showing the contents of each bucket.

This implementation provides a basic hash table with separate chaining for collision resolution. Depending on your needs, you might want to optimize the hash function, handle different types of keys, or implement different collision resolution strategies like linear probing or quadratic probing.","The prompt does not contain any irrelevant context. It provides a clear and relevant introduction to implementing a hash table, mentioning key aspects such as the goal of uniform distribution and mentioning two common collision resolution strategies (separate chaining and open addressing). Each part of the given text is pertinent to the topic of implementing a hash table from scratch.",0.6998787,0.7380263,0.70882785,44.20901322364807
Qwen/Qwen2.5-7B-Instruct,What is photosynthesis and how does it work?,What is photosynthesis and how does it work? Plants have evolved various leaf shapes to maximize light absorption. The chlorophyll molecule has a porphyrin ring structure similar to hemoglobin.,"Identify the irrelevant context in the prompt: ""What is photosynthesis and how does it work? Plants have evolved various leaf shapes to maximize light absorption. The chlorophyll molecule has a porphyrin ring structure similar to hemoglobin.""",Plants have evolved various leaf shapes to maximize light absorption. The chlorophyll molecule has a porphyrin ring structure similar to hemoglobin.,"Photosynthesis is the process by which plants convert sunlight into energy, producing oxygen and glucose.","Photosynthesis is a process used by plants, algae, and certain bacteria to convert light energy into chemical energy that can be used to fuel the organism's activities. This process primarily occurs in the chloroplasts of plant cells, where chlorophyll pigments capture sunlight.

Here’s a step-by-step overview of how photosynthesis works:

1. **Light Absorption**: Chlorophyll and other pigments in the chloroplast absorb light energy, mostly from the red and blue parts of the visible spectrum. The absorbed light energy is used to excite electrons within the chlorophyll molecules, raising them to a higher energy state.

2. **Water Splitting (Photolysis)**: The excited electrons are passed through a series of proteins and enzymes known as the electron transport chain. This process leads to the splitting of water molecules (H₂O) into oxygen (O₂), protons, and electrons. Oxygen is released as a byproduct.

3. **Energy Conversion**: As the electrons move through the electron transport chain, they release energy that is used to pump protons across the thylakoid membrane, creating a proton gradient. This gradient is then harnessed by ATP synthase to produce adenosine triphosphate (ATP), an energy-rich molecule.

4. **Carbon Fixation**: In this stage, carbon dioxide (CO₂) from the atmosphere is fixed into organic compounds. This process occurs in the stroma of the chloroplast and involves several enzymes, including Rubisco. The most well-known pathway for this fixation is the Calvin cycle, which uses the ATP and NADPH produced earlier to convert CO₂ into glucose and other organic molecules.

5. **Glucose Synthesis**: The products of the Calvin cycle are used to synthesize glucose and other carbohydrates, which are stored or used by the plant for growth and other metabolic processes.

Overall, photosynthesis can be summarized by the following equation:
\[ 6CO_2 + 6H_2O + light \rightarrow C_6H_{12}O_6 + 6O_2 \]
This equation represents the conversion of six molecules of carbon dioxide and six molecules of water, using light energy, into one molecule of glucose and six molecules of oxygen.

This process not only provides energy for the plant but also releases oxygen into the atmosphere, which is essential for life on Earth.","Photosynthesis is a process used by plants, algae, and some bacteria to convert light energy into chemical energy that can be used to fuel the organism's activities. This process primarily occurs in the chloroplasts of plant cells, where chlorophyll molecules play a crucial role.

### How Photosynthesis Works

Photosynthesis can be divided into two main stages: the light-dependent reactions and the Calvin cycle (light-independent reactions).

1. **Light-Dependent Reactions:**
   - **Location:** These reactions take place in the thylakoid membranes of the chloroplasts.
   - **Process:** Light energy is absorbed by chlorophyll and other pigments. This energy excites electrons within the chlorophyll molecules, causing them to move to a higher energy level. These excited electrons are then passed through a series of proteins and molecules, forming the electron transport chain.
   - **Products:** The movement of electrons through this chain leads to the splitting of water molecules (photolysis), releasing oxygen as a byproduct. This process also generates ATP (adenosine triphosphate) and NADPH (nicotinamide adenine dinucleotide phosphate), which store energy.

2. **Calvin Cycle:**
   - **Location:** This cycle takes place in the stroma of the chloroplasts.
   - **Process:** Using the ATP and NADPH produced in the light-dependent reactions, the Calvin cycle converts carbon dioxide from the atmosphere into glucose. The cycle involves a series of enzyme-catalyzed reactions that fix carbon dioxide into an organic molecule, eventually producing glucose or other sugars.
   - **Products:** The primary product is glucose, which can be used for energy storage or further metabolic processes in the plant.

### Leaf Shapes and Light Absorption

Plants have evolved various leaf shapes to optimize light absorption, which is critical for photosynthesis. Different leaf shapes help maximize exposure to sunlight and minimize shading of lower leaves. Some common adaptations include:

- **Broad, flat leaves:** These are typical of many trees and shrubs. They provide a large surface area for capturing light.
- **Needles or spines:** Found in conifers and some desert plants, these reduce water loss while still allowing adequate light capture.
- **Small, narrow leaves:** These are common in understory plants or those in dense forests, where they can still capture enough light despite competition from taller plants.
- **Compound leaves:** These have multiple leaflets, increasing the total surface area for light absorption.

### Chlorophyll Molecule Structure

Chlorophyll molecules have a porphyrin ring structure similar to hemoglobin, but with some key differences:

- **Porphyrin Ring:** Both chlorophyll and hemoglobin contain a porphyrin ring, which is a four-ring system with a central metal ion. In chlorophyll, the central metal ion is magnesium (Mg²⁺), while in hemoglobin, it is iron (Fe²⁺).
- **Side Chains:** Chlorophyll has side chains attached to the porphyrin ring, which are responsible for binding the magnesium ion and determining the specific type of chlorophyll (e.g., chlorophyll a or chlorophyll b). Hemoglobin has different side chains that allow it to bind oxygen.

In summary, photosynthesis is a vital process for plants, involving complex biochemical pathways that utilize light energy to produce organic compounds. The evolution of different leaf shapes helps maximize light absorption, and the structure of chlorophyll molecules, with their porphyrin ring and side chains, is crucial for the efficient capture and conversion of light energy.","The irrelevant context in the prompt is: ""Plants have evolved various leaf shapes to maximize light absorption. The chlorophyll molecule has a porphyrin ring structure similar to hemoglobin.""

This statement is not directly relevant to explaining what photosynthesis is and how it works. While leaf shapes and chlorophyll's structure are related to plant biology, they do not directly contribute to the explanation of the process of photosynthesis itself.",0.83224595,0.819903,0.86148643,32.164026737213135
Qwen/Qwen2.5-7B-Instruct,How do black holes form and what are their properties?,How do black holes form and what are their properties? The first photo of a black hole was published in April 2019. Stephen Hawking theorized that black holes emit radiation now known as Hawking radiation.,"Identify the irrelevant context in the prompt: ""How do black holes form and what are their properties? The first photo of a black hole was published in April 2019. Stephen Hawking theorized that black holes emit radiation now known as Hawking radiation.""",The first photo of a black hole was published in April 2019. Stephen Hawking theorized that black holes emit radiation now known as Hawking radiation.,"Black holes form from collapsing stars, with a singularity at the center and an event horizon marking the point of no return.","Black holes are some of the most fascinating and mysterious objects in the universe. They form from the remnants of massive stars and have unique properties that distinguish them from other celestial bodies.

### Formation of Black Holes

1. **Stellar Black Holes**:
   - **Massive Star Collapse**: The most common way black holes form is through the collapse of massive stars (typically those with masses more than about 20 times that of the Sun). When such a star exhausts its nuclear fuel, it can no longer support itself against gravity, leading to a catastrophic collapse.
   - **Supernova Explosion**: This collapse triggers a supernova explosion, which expels much of the outer layers of the star. The core, however, continues to collapse under its own gravity.
   - **Formation of a Singularity**: If the remaining core has a mass above the Tolman–Oppenheimer–Volkoff limit (about 3 solar masses), it will continue to collapse until it forms a singularity—a point of infinite density. The surrounding region becomes a black hole with an event horizon, beyond which nothing can escape, not even light.

2. **Supermassive Black Holes**:
   - **Galactic Center**: Supermassive black holes, with masses ranging from millions to billions of solar masses, are found at the centers of most galaxies, including our Milky Way.
   - **Accretion and Growth**: These black holes grow over cosmic time through the accretion of matter from surrounding gas clouds, stars, and possibly other black holes. They can also form from the merger of smaller black holes or dense stellar clusters.

### Properties of Black Holes

1. **Event Horizon**:
   - **Boundary of No Return**: The event horizon is the boundary around a black hole beyond which nothing can escape, not even light. It is defined by the Schwarzschild radius, which depends on the mass of the black hole.

2. **Singularity**:
   - **Infinite Density**: At the center of a black hole lies a singularity, a point where the density and curvature of spacetime become infinite. Our current understanding of physics breaks down at this point, making it a frontier for theoretical physics.

3. **Matter and Energy Accretion**:
   - **Accretion Disk**: As matter falls towards a black hole, it forms an accretion disk heated to extremely high temperatures due to friction and compression. This can emit large amounts of radiation, often seen as jets of material being ejected at relativistic speeds.

4. **Gravitational Effects**:
   - **Time Dilation**: Time passes more slowly near a black hole due to gravitational time dilation. This effect becomes significant close to the event horizon.
   - **Strong Gravitational Lenses**: Black holes can bend light passing nearby, acting like gravitational lenses. This effect can be used to study distant objects and map the distribution of dark matter.

5. **Spacetime Distortion**:
   - **Frame-Dragging**: According to general relativity, a rotating black hole can cause the fabric of spacetime to ""drag"" along with it, an effect known as frame-dragging or the Lense-Thirring effect.

6. **Quantum Effects**:
   - **Hawking Radiation**: In theory, black holes can emit particles through a process called Hawking radiation, which is a result of quantum effects near the event horizon. Over extremely long timescales, this could lead to the evaporation of black holes.

Understanding black holes requires a deep dive into both general relativity and quantum mechanics, areas where ongoing research continues to uncover new insights.","Black holes form through the gravitational collapse of massive stars or under other specific conditions in the universe. Here’s an overview of how they form, their properties, and the significance of the first image of a black hole:

### Formation of Black Holes

#### Stellar-Mass Black Holes:
1. **Star Evolution**: When a massive star (typically at least 20 times the mass of our Sun) exhausts its nuclear fuel, it can no longer support itself against its own gravity.
2. **Supernova Explosion**: The core of the star collapses inward, leading to a supernova explosion which expels much of the star's outer layers into space.
3. **Gravitational Collapse**: If the remaining core is sufficiently massive (over about 3 solar masses), it continues to collapse under its own gravity until it forms a singularity with an event horizon, creating a black hole.

#### Supermassive Black Holes:
- These are much larger and more massive than stellar-mass black holes, often found at the centers of galaxies.
- They can form through the merging of smaller black holes and/or the accretion of matter from surrounding regions over cosmic time.

### Properties of Black Holes

1. **Event Horizon**: This is the boundary around a black hole beyond which nothing can escape, not even light. It defines the point of no return.
2. **Singularity**: At the center of a black hole lies a singularity, a point of infinite density where our current understanding of physics breaks down.
3. **Hawking Radiation**: According to Stephen Hawking's theory, black holes can emit particles and radiation due to quantum effects near the event horizon. This radiation causes the black hole to slowly lose mass and eventually evaporate over an extremely long period.
4. **Mass, Spin, and Charge**: Like any other object, black holes have mass, which determines their gravitational pull. Some also have spin (angular momentum) and charge, but these are rare in nature because electric charges tend to balance out.

### First Image of a Black Hole

The first direct image of a black hole was captured by the Event Horizon Telescope (EHT) collaboration in April 2019. This image shows the shadow of the supermassive black hole located in the center of the galaxy M87. The black hole has a mass about 6.5 billion times that of the Sun and is situated approximately 55 million light-years from Earth.

The image was made possible by using a global network of radio telescopes working together to capture detailed images of the black hole's surroundings, specifically the bright ring of gas and dust orbiting the black hole just before it gets pulled in.

### Significance

- **Confirmation of General Relativity**: The image provided strong evidence for Einstein's theory of general relativity, which predicts the existence and shape of black hole shadows.
- **Understanding Black Holes**: It helps scientists understand the behavior of matter and energy in extreme conditions, contributing to our knowledge of astrophysics and cosmology.
- **Technological Advances**: The project required significant advancements in technology, including new algorithms for data analysis and imaging techniques.

In summary, black holes are fascinating objects that continue to challenge our understanding of the universe, and the first image of a black hole marks a significant milestone in this ongoing scientific exploration.","The irrelevant context in the prompt is:

""Stephen Hawking theorized that black holes emit radiation now known as Hawking radiation.""

This statement, while related to black holes, introduces information about a specific theory without directly addressing the formation of black holes or their general properties, which were the primary focus of the initial question.",0.7593758,0.7697453,0.6249267,36.69425988197327
Qwen/Qwen2.5-7B-Instruct,What is the difference between a virus and a bacterium?,What is the difference between a virus and a bacterium? Antonie van Leeuwenhoek was the first to observe bacteria using a microscope in 1676. Viruses were discovered in the late 19th century during studies on tobacco mosaic disease.,"Identify the irrelevant context in the prompt: ""What is the difference between a virus and a bacterium? Antonie van Leeuwenhoek was the first to observe bacteria using a microscope in 1676. Viruses were discovered in the late 19th century during studies on tobacco mosaic disease.""",Antonie van Leeuwenhoek was the first to observe bacteria using a microscope in 1676. Viruses were discovered in the late 19th century during studies on tobacco mosaic disease.,"A virus needs a host to replicate, while bacteria are single-celled organisms that can survive independently.","Viruses and bacteria are both microorganisms that can cause diseases, but they have distinct differences in their structure, reproduction, and how they interact with host cells.

1. **Structure**:
   - **Bacteria**: Bacteria are single-celled organisms that have a cell wall, cell membrane, cytoplasm, and genetic material (DNA or RNA). They come in various shapes such as cocci (spherical), bacilli (rod-shaped), spirilla (spiral), and vibrios (comma-shaped).
   - **Viruses**: Viruses are much smaller than bacteria and are not considered living organisms because they lack cellular structures. They consist of genetic material (DNA or RNA) enclosed in a protein coat called a capsid. Some viruses also have an outer layer called a lipid envelope.

2. **Reproduction**:
   - **Bacteria**: Bacteria reproduce through binary fission, where one bacterium divides into two identical daughter cells.
   - **Viruses**: Viruses cannot reproduce on their own; they require a host cell to replicate. The viral replication process involves attaching to a host cell, injecting genetic material, taking over the host's machinery to produce new viral components, assembling new viruses, and releasing them from the host cell.

3. **Interaction with Host Cells**:
   - **Bacteria**: Bacteria can interact with host cells in various ways. Some bacteria are beneficial and help with digestion, while others can cause infections. They can enter host cells or remain outside them.
   - **Viruses**: Viruses specifically target host cells and require them to replicate. They hijack the host cell’s machinery to produce more virus particles.

4. **Treatment**:
   - **Bacteria**: Antibiotics are used to treat bacterial infections. These drugs target specific parts of the bacterial cell or its replication process.
   - **Viruses**: Antiviral medications are used to treat viral infections. These drugs work by inhibiting viral replication or blocking the virus from entering host cells. There is no general-purpose ""antivirus"" like antibiotics for all viruses.

5. **Examples**:
   - **Bacteria**: Staphylococcus aureus, Escherichia coli, Streptococcus pneumoniae.
   - **Viruses**: Influenza virus, HIV, Hepatitis C virus, Herpes simplex virus.

In summary, while both bacteria and viruses can cause disease, they differ significantly in their structure, mode of reproduction, and interaction with host cells.","The primary differences between viruses and bacteria lie in their size, structure, and how they interact with host cells:

1. **Size and Structure**:
   - **Bacteria**: Bacteria are typically much larger than viruses, ranging from about 0.5 to 5 micrometers in length. They have complex cellular structures that include a cell wall, cytoplasm, ribosomes, and DNA or RNA.
   - **Viruses**: Viruses are much smaller, ranging from approximately 20 to 400 nanometers in diameter. They do not have cellular structures; instead, they consist of genetic material (DNA or RNA) encased in a protein coat called a capsid. Some viruses also have an additional outer layer called an envelope.

2. **Replication and Host Interaction**:
   - **Bacteria**: Bacteria can reproduce independently outside of a host organism. They divide through binary fission, a process where one bacterial cell divides into two identical daughter cells. Bacteria can be either beneficial or harmful to humans, depending on the species.
   - **Viruses**: Viruses cannot replicate on their own and require a host cell to reproduce. They attach themselves to a host cell, inject their genetic material, and use the host's machinery to produce more viral particles. This process often disrupts the normal functioning of the host cell, leading to disease symptoms.

3. **Detection and Treatment**:
   - **Bacteria**: Bacteria can be detected through culture techniques and identified using biochemical tests. Antibiotics are commonly used to treat bacterial infections.
   - **Viruses**: Viruses are typically detected through specific molecular tests, such as PCR (polymerase chain reaction), which amplifies viral genetic material. Antiviral medications are used to treat viral infections, but many viruses do not have specific antiviral drugs available.

Antonie van Leeuwenhoek, a Dutch microscopist, was indeed one of the first to observe bacteria in the late 17th century. He observed various microorganisms, including bacteria, protozoa, and sperm cells, using his custom-made high-powered lenses. The discovery of viruses came much later, around the end of the 19th century, when researchers like Dmitri Ivanovsky and Martinus Beijerinck observed that certain plant diseases could be transmitted through filters that blocked bacteria, suggesting the presence of a much smaller infectious agent.

Understanding these differences is crucial for diagnosing and treating various diseases, as well as developing appropriate public health measures to control the spread of pathogens.","The irrelevant context in the prompt is:

""Antonie van Leeuwenhoek was the first to observe bacteria using a microscope in 1676.""

This sentence provides historical context about the discovery of bacteria but does not directly contribute to explaining the difference between viruses and bacteria, which is the main focus of the question.",0.7479208,0.7286531,0.8260013,26.954268217086792
Qwen/Qwen2.5-7B-Instruct,What caused the Great Depression of the 1930s?,What caused the Great Depression of the 1930s? Economic recessions are typically defined as two consecutive quarters of decline in GDP. The unemployment rate peaked at approximately 25% in the United States during this period.,"Identify the irrelevant context in the prompt: ""What caused the Great Depression of the 1930s? Economic recessions are typically defined as two consecutive quarters of decline in GDP. The unemployment rate peaked at approximately 25% in the United States during this period.""",Economic recessions are typically defined as two consecutive quarters of decline in GDP. The unemployment rate peaked at approximately 25% in the United States during this period.,"The Great Depression was caused by the stock market crash, bank failures, and reduced consumer spending.","The Great Depression, which began in 1929 and lasted until the late 1930s, was a complex economic downturn with multiple contributing factors. Here are some of the key causes:

1. **Stock Market Crash (October 1929)**: The stock market crash of October 1929, also known as Black Tuesday, was a major trigger for the Great Depression. This crash led to a massive loss of wealth and a sharp decline in consumer confidence.

2. **Bank Failures**: Following the stock market crash, many banks experienced runs as depositors withdrew their money. This led to a series of bank failures, which further eroded public confidence and reduced the money supply.

3. **Overproduction and Underconsumption**: During the 1920s, there was significant overproduction in industries like agriculture and manufacturing. This led to falling prices and profits, which in turn reduced demand for goods and services.

4. **International Economic Conditions**: The U.S. economy was heavily interconnected with global markets. The post-World War I period saw high tariffs and trade barriers that restricted international trade, exacerbating the economic downturn.

5. **Monetary Policy**: The Federal Reserve's response to the crisis was initially contractionary, which meant they raised interest rates and reduced the money supply. This made it harder for businesses to borrow and invest, further slowing economic activity.

6. **Agricultural Crisis**: Farmers faced severe difficulties due to declining crop prices and poor weather conditions. Many farmers lost their farms through foreclosures, leading to widespread poverty and migration.

7. **Lack of Government Intervention**: In the early years of the depression, the government did not intervene significantly to stimulate the economy or provide relief to the unemployed. It wasn't until President Franklin D. Roosevelt's New Deal programs that more substantial interventions were made.

8. **Speculative Investment Practices**: There was widespread speculation in the stock market and other financial instruments, which contributed to the instability of the economy. When these speculative bubbles burst, it had far-reaching negative effects.

These factors combined to create a vicious cycle of economic decline, which was difficult to reverse without significant policy changes. The combination of these factors led to one of the most severe and long-lasting economic crises in modern history.","The Great Depression of the 1930s was a complex and multifaceted event with several key contributing factors. While economic recessions are often characterized by declines in GDP, the Great Depression went far beyond typical recessions in its severity and duration. Here are some of the primary causes:

1. **Stock Market Crash (1929)**: The crash of the stock market on October 29, 1929 (Black Tuesday) marked the beginning of the Great Depression. This crash led to a significant loss of wealth for many Americans, reducing consumer spending and leading to a contraction in the economy.

2. **Banking Crisis**: Following the stock market crash, many banks experienced runs as depositors withdrew their funds. This led to numerous bank failures, which further eroded public confidence in the financial system and hindered lending and economic activity.

3. **Overproduction and Underconsumption**: There was a significant imbalance between production and consumption. Farmers and manufacturers produced more than could be sold, leading to overproduction and falling prices. This situation was exacerbated by high levels of debt and reduced purchasing power among consumers.

4. **International Trade Disruptions**: The Smoot-Hawley Tariff Act of 1930 raised tariffs on thousands of imported goods, aiming to protect American jobs and industries but instead leading to retaliatory tariffs from other countries. This significantly reduced international trade and worsened the economic downturn.

5. **Monetary Policy**: The Federal Reserve did not respond effectively to the economic crisis. Instead of lowering interest rates or increasing the money supply to stimulate the economy, it tightened monetary policy, which further contracted the money supply and credit availability.

6. **Agricultural Crisis**: Agriculture suffered severely during the Great Depression. Drought conditions, particularly the Dust Bowl of the 1930s, led to widespread crop failures and drove down agricultural prices even further. Many farmers lost their farms due to mortgage foreclosures.

7. **Government Response**: Initially, there was little government intervention to address the economic crisis. It wasn't until the early 1930s that President Franklin D. Roosevelt began implementing policies such as the New Deal, which included measures like relief programs, infrastructure projects, and financial reforms.

8. **Structural Issues**: Long-term structural issues such as an unregulated economy, lack of social safety nets, and insufficient regulatory oversight contributed to the severity of the depression.

The combination of these factors created a perfect storm that led to one of the most severe and prolonged economic downturns in modern history. The peak unemployment rate of around 25% in the United States is a stark indicator of the depth and breadth of the economic devastation.","The prompt contains relevant information about the Great Depression and economic recessions, but it includes an irrelevant piece of context that does not directly pertain to the causes of the Great Depression. Specifically:

""The unemployment rate peaked at approximately 25% in the United States during this period.""

While this statement is factually correct and related to the Great Depression, it does not directly address the causes of the Great Depression. It provides information on its effects (high unemployment) rather than its causes.

To make the prompt more focused on the causes of the Great Depression, you might remove or modify that sentence to something like:

""Economic recessions are typically defined as two consecutive quarters of decline in GDP.""

This keeps the focus on defining economic recessions, which can be relevant to understanding the causes of the Great Depression, without shifting the emphasis to its effects.",0.8253186,0.834188,0.5752136,29.138451099395752
Qwen/Qwen2.5-7B-Instruct,What were the main causes of World War I?,What were the main causes of World War I? The war lasted from July 1914 to November 1918. The Treaty of Versailles formally ended the state of war between Germany and the Allied Powers.,"Identify the irrelevant context in the prompt: ""What were the main causes of World War I? The war lasted from July 1914 to November 1918. The Treaty of Versailles formally ended the state of war between Germany and the Allied Powers.""",The war lasted from July 1914 to November 1918. The Treaty of Versailles formally ended the state of war between Germany and the Allied Powers.,"The main causes of WWI were militarism, alliances, imperialism, and nationalism.","World War I, also known as the First World War, began in 1914 and ended in 1918. It involved many countries from around the world and was one of the deadliest conflicts in history. The main causes of World War I can be summarized as follows:

1. **Imperialism**: European powers were competing for colonies and territories around the world, leading to tensions and rivalries that contributed to the war.

2. **Nationalism**: Strong feelings of national pride and identity among different ethnic groups within empires led to a desire for independence and self-determination, which often clashed with the interests of imperial powers.

3. **Alliances**: A complex web of alliances between European powers created a situation where a conflict between two nations could quickly escalate into a larger war involving multiple countries. The most significant alliance systems were the Triple Entente (Britain, France, Russia) and the Triple Alliance (Germany, Austria-Hungary, Italy).

4. **Militarism**: There was a general belief in the importance of military strength and preparedness among European powers. This led to arms races and increased military spending, contributing to a climate of hostility and tension.

5. **Assassination of Archduke Franz Ferdinand**: The immediate trigger for the war was the assassination of Archduke Franz Ferdinand, heir to the Austro-Hungarian throne, by a Serbian nationalist in Sarajevo on June 28, 1914. Austria-Hungary, supported by Germany, declared war on Serbia, which set off a chain reaction due to the alliance system.

6. **Mistaken Assumptions and Underestimations**: Many leaders and diplomats underestimated the severity and duration of the conflict, leading to poor decision-making and strategic errors.

These factors combined to create a volatile situation that ultimately resulted in the outbreak of World War I. The war had profound effects on the global political landscape, leading to significant changes in Europe and beyond.","World War I, which began in July 1914 and ended in November 1918, was triggered by a complex web of factors, including long-standing tensions and alliances among European powers, as well as immediate events leading up to the outbreak of hostilities. Here are some of the main causes:

1. **Alliances**: The network of alliances among European powers created a system where a conflict with one country could quickly draw in others. The two main alliance systems were the Triple Alliance (Germany, Austria-Hungary, and Italy) and the Triple Entente (France, Russia, and the United Kingdom). When Archduke Franz Ferdinand of Austria-Hungary was assassinated by a Serbian nationalist on June 28, 1914, Austria-Hungary declared war on Serbia, setting off a chain reaction that drew other nations into the conflict.

2. **Nationalism and Imperialism**: Nationalistic sentiments and imperial ambitions played significant roles in the lead-up to the war. Many countries sought to expand their territories and influence, which often led to conflicts over colonial possessions and spheres of influence. This was particularly true for Austria-Hungary and Serbia, as well as for Germany and France over Alsace-Lorraine.

3. **Militarism**: The arms race between major powers and the glorification of military strength contributed to an atmosphere of hostility and competition. Countries invested heavily in their militaries, which increased the likelihood of war and made it harder to avoid when crises arose.

4. **Assassination of Archduke Franz Ferdinand**: The assassination of Archduke Franz Ferdinand of Austria-Hungary by Gavrilo Princip, a Bosnian Serb nationalist, served as the immediate trigger for the war. Austria-Hungary used this event as a pretext to launch a campaign against Serbia, which was supported by Russia, leading to a broader conflict involving multiple nations.

5. **Economic Competition**: Economic rivalries also fueled tensions. For example, Germany's rapid industrialization and rise to economic power posed a challenge to British dominance, leading to increased competition and mistrust.

6. **Ethnic Tensions**: Within the Austro-Hungarian Empire, ethnic tensions and national aspirations among different groups (such as Serbs, Croats, and Slovenes) contributed to instability and the eventual disintegration of the empire during the war.

7. **Failure of Diplomacy**: Efforts to prevent or mitigate the crisis through diplomacy were insufficient. The complexity of the alliances and the lack of effective communication mechanisms made it difficult to resolve disputes peacefully.

These factors combined to create an environment where the assassination of Archduke Franz Ferdinand was enough to ignite a global conflict that lasted four years and involved most of the world's great powers.","The irrelevant context in the prompt is: ""The Treaty of Versailles formally ended the state of war between Germany and the Allied Powers.""

This statement, while historically accurate, is not directly relevant to identifying the main causes of World War I. The prompt asks for the causes of the war, which occurred from July 1914 to November 1918, and the Treaty of Versailles was signed in 1919, marking the official end of the war but not addressing its causes.",0.7655904,0.7069087,0.67364097,26.297127723693848
Qwen/Qwen2.5-7B-Instruct,How does a democracy differ from other forms of government?,How does a democracy differ from other forms of government? Ancient Athens is considered the birthplace of democracy around 508 BCE. Switzerland uses direct democracy where citizens vote on individual policy proposals.,"Identify the irrelevant context in the prompt: ""How does a democracy differ from other forms of government? Ancient Athens is considered the birthplace of democracy around 508 BCE. Switzerland uses direct democracy where citizens vote on individual policy proposals.""",Ancient Athens is considered the birthplace of democracy around 508 BCE. Switzerland uses direct democracy where citizens vote on individual policy proposals.,"A democracy involves elected representatives making decisions, while other governments may involve authoritarian rule or hereditary power.","Democracy is a form of government in which power resides in the people, who exercise it directly or through freely elected representatives. It differs from other forms of government in several key ways:

1. **Popular Sovereignty**: In a democracy, the ultimate authority lies with the people. This can be exercised either directly (as in direct democracies like ancient Athens) or indirectly (as in representative democracies where citizens elect representatives to make decisions on their behalf).

2. **Rule of Law**: Democratic governments operate under a set of laws that apply equally to all citizens, including those in power. This means that no one is above the law, and the government's actions are subject to legal constraints.

3. **Civil Liberties and Human Rights**: Democracies typically protect civil liberties such as freedom of speech, press, assembly, and religion, as well as human rights like equality before the law and protection against arbitrary arrest and detention.

4. **Free and Fair Elections**: Democracies hold regular, competitive elections where citizens have the right to vote and choose their leaders. These elections are free from coercion and manipulation.

5. **Separation of Powers**: To prevent any one branch of government from becoming too powerful, democratic systems often divide governmental powers among different branches (legislative, executive, and judicial), each with its own specific roles and checks on the others.

6. **Participation and Representation**: Democratic societies encourage public participation in political processes through various means, such as voting, protests, and civic engagement. Representatives are chosen to voice the interests and concerns of their constituents.

7. **Accountability and Transparency**: Democratic governments are accountable to the people they serve, and there are mechanisms in place for oversight and transparency, such as independent media, non-governmental organizations, and judicial bodies.

Other forms of government, such as autocracies, oligarchies, or theocracies, do not share these characteristics. For example:

- **Autocracies** (or dictatorships) concentrate power in the hands of a single person or a small group, who may not be answerable to the people.
- **Oligarchies** involve rule by a small group of people, often based on wealth or social status, rather than the will of the majority.
- **Theocracies** base their laws and policies on religious doctrines, often without regard for individual freedoms or the democratic process.

These differences highlight why democracy is often considered the most inclusive and fair system of governance, although it also faces challenges in ensuring that these principles are upheld in practice.","Democracy is a form of government in which power resides in the people, who rule either directly or through freely elected representatives. It contrasts with other forms of government such as autocracy, oligarchy, and aristocracy in several key ways:

1. **Power Distribution**: In a democracy, power is distributed among the people or their elected representatives. In contrast, autocracies concentrate power in a single ruler or a small group, oligarchies distribute power among a few wealthy or influential individuals, and aristocracies grant power to hereditary elites.

2. **Rule by the People**: Democracy emphasizes the sovereignty of the people. The people have the right to participate in the decision-making process through voting, public debate, and other forms of political engagement. Other forms of government may not prioritize or allow for widespread participation in governance.

3. **Protection of Rights**: Democracies typically protect fundamental rights such as freedom of speech, press, assembly, and religion. They also ensure due process and equal treatment under the law. Other forms of government may limit these rights or treat them differently.

4. **Separation of Powers**: Democracies often implement a system of checks and balances, dividing governmental powers into legislative, executive, and judicial branches. This helps prevent any one branch from becoming too powerful. Other forms of government may not have such checks and balances, leading to potential abuse of power.

5. **Regular Elections**: Democracies hold regular, free, and fair elections to choose leaders and representatives. These elections are typically based on universal suffrage (the right to vote), although the extent of this right can vary. Other forms of government may not have regular elections or may restrict voting rights.

### Ancient Athens and Direct Democracy

Ancient Athens is indeed considered the birthplace of democracy, but it's important to note that its democracy was quite different from modern democratic systems. Here are some characteristics:

- **Direct Democracy**: Unlike modern representative democracies, ancient Athenian democracy was more direct. Citizens would gather in the Assembly to discuss and vote on matters of state.
  
- **Eligibility**: Only male citizens could participate. Women, slaves, and foreigners were excluded from the political process.

- **Limited Scope**: The democracy was limited to the city-state of Athens itself and did not extend to its subject territories.

### Modern Direct Democracy in Switzerland

Switzerland is known for its unique brand of direct democracy, which includes elements both of representative democracy and direct democracy. Here’s how it differs from the classical Athenian model:

- **Referendums and Initiatives**: Swiss citizens have the right to propose new laws (initiatives) and can vote on them directly. They can also call for a national referendum to decide whether a law passed by parliament should be put to a popular vote.

- **Active Participation**: Swiss democracy encourages active participation from citizens at all levels of government, from local to federal.

- **Representation**: While there is a strong emphasis on direct democracy, Switzerland also has a system of parliamentary representation. Members of Parliament are elected and represent their constituents in legislative processes.

In summary, while ancient Athens laid the groundwork for democratic principles, modern democracies like those in Switzerland have evolved significantly, incorporating both direct and representative elements to better serve diverse populations.","The irrelevant context in the prompt is ""Switzerland uses direct democracy where citizens vote on individual policy proposals."" While this statement is true and provides an example of direct democracy, it introduces a modern form of democracy that is not directly relevant to comparing democracy with other forms of government in general. The prompt asks about how democracy differs from other forms of government, and while ancient Athens is provided as a historical example of democracy, the specific example of Switzerland's direct democracy adds unnecessary detail that doesn't directly contribute to answering the main question.",0.7183964,0.8021885,0.7486243,31.377249479293823
Qwen/Qwen2.5-7B-Instruct,What is cloud computing and how does it work?,What is cloud computing and how does it work? Amazon Web Services launched its first cloud service in 2006. Data centers that host cloud services consume approximately 1% of global electricity.,"Identify the irrelevant context in the prompt: ""What is cloud computing and how does it work? Amazon Web Services launched its first cloud service in 2006. Data centers that host cloud services consume approximately 1% of global electricity.""",Amazon Web Services launched its first cloud service in 2006. Data centers that host cloud services consume approximately 1% of global electricity.,"Cloud computing provides on-demand internet access to computing resources, allowing users to store and process data remotely.","Cloud computing is a model of computing where resources such as servers, storage, databases, software, and networking are hosted on remote servers and made available over the internet to users and organizations. This allows users to access and use these resources without having to own or maintain the physical infrastructure themselves.

### How Does Cloud Computing Work?

1. **Resource Allocation**: Cloud providers offer various types of resources, including virtual machines (VMs), storage space, databases, and applications. These resources can be allocated and scaled up or down based on demand.

2. **Internet Access**: Users access these resources via the internet. This means that there's no need for dedicated hardware or software installations at the user’s end. Instead, they log into a web portal or use an API to manage their cloud resources.

3. **Multi-Tenancy**: In cloud computing, multiple users or organizations can share the same physical infrastructure. Each user gets a portion of the resources that are logically isolated from others, ensuring privacy and security.

4. **Pay-as-you-go Model**: Many cloud services operate on a pay-as-you-go basis. Users only pay for the resources they consume, making it cost-effective for both small and large businesses.

5. **Scalability**: Cloud computing allows for easy scaling of resources. If you need more computing power or storage space, you can request additional resources from your cloud provider.

6. **Management Tools**: Cloud providers offer management tools and APIs that allow users to control their resources, monitor usage, and manage costs.

### Types of Cloud Services

- **Infrastructure as a Service (IaaS)**: Provides virtualized computing resources over the internet. Examples include Amazon EC2, Google Compute Engine.
  
- **Platform as a Service (PaaS)**: Offers a platform allowing customers to develop, run, and manage applications without the complexity of building and maintaining the infrastructure typically associated with developing and launching an app. Examples include AWS Elastic Beanstalk, Google App Engine.
  
- **Software as a Service (SaaS)**: Delivers software applications over the internet. Users do not need to install or manage software. Examples include Microsoft Office 365, Salesforce.

### Benefits of Cloud Computing

- **Cost Efficiency**: No need to invest in expensive hardware and maintenance.
- **Flexibility and Scalability**: Resources can be quickly added or removed based on demand.
- **Disaster Recovery**: Data can be backed up and stored securely off-site.
- **Accessibility**: Resources can be accessed from anywhere with an internet connection.
- **Collaboration**: Multiple users can access and collaborate on data and applications simultaneously.

In summary, cloud computing transforms the way we use technology by providing scalable, flexible, and cost-effective solutions for managing and accessing computing resources.","Cloud computing is a model for delivering computing resources over the internet on a scalable and elastic basis. It allows users to access a variety of computing resources, including servers, storage, databases, software, and analytics tools, without the need for physical hardware. The core idea behind cloud computing is to provide on-demand access to IT resources, which can be easily scaled up or down based on demand.

### How Does Cloud Computing Work?

1. **On-Demand Access**: Users can access cloud resources at any time through a web interface or an application programming interface (API).
   
2. **Scalability**: Resources can be easily scaled up or down based on the user's needs. This means you can increase or decrease the number of servers, storage capacity, or other resources as required.
   
3. **Shared Infrastructure**: Cloud providers manage the underlying infrastructure, which includes servers, storage, and networking equipment. They handle maintenance, security, and updates, freeing users from the burden of managing their own hardware.
   
4. **Pay-As-You-Go Pricing**: Users typically pay only for the resources they use, making it a cost-effective solution compared to traditional IT infrastructure where users often have to invest in expensive hardware and software upfront.
   
5. **Multi-Tenancy**: Multiple users can share the same physical resources, but each user’s data and applications are isolated from others to ensure security and privacy.

### Amazon Web Services (AWS)

Amazon Web Services (AWS) was one of the pioneers in offering cloud services, launching its first cloud service in 2006 with Amazon Elastic Compute Cloud (EC2), which provides resizable compute capacity in the cloud. Since then, AWS has expanded to offer a wide range of services, including storage, databases, machine learning, and more.

### Energy Consumption of Data Centers

Data centers that host cloud services do consume a significant amount of electricity. According to the International Energy Agency (IEA), data centers accounted for about 1% of global electricity consumption in 2018, and this figure is expected to rise as cloud computing continues to grow. However, many cloud providers, including AWS, are taking steps to reduce their environmental impact:

- **Energy Efficiency**: Implementing energy-efficient technologies and practices.
- **Renewable Energy**: Using renewable energy sources such as wind and solar power to supply data centers.
- **Green Initiatives**: Participating in programs aimed at reducing carbon footprints and promoting sustainability.

By leveraging these strategies, cloud providers aim to make cloud computing more sustainable while continuing to meet the growing demands of businesses and individuals around the world.","The irrelevant context in the prompt is: ""Amazon Web Services launched its first cloud service in 2006. Data centers that host cloud services consume approximately 1% of global electricity.""

This information, while related to cloud computing, introduces specific details about AWS and data center energy consumption that do not directly answer the question ""What is cloud computing and how does it work?"" The question asks for a general explanation of cloud computing and its basic operation, which would be more appropriately addressed without the specific examples or statistics provided.",0.76574147,0.7680524,0.7583511,29.211868286132812
Qwen/Qwen2.5-7B-Instruct,How does a GPS system determine your location?,How does a GPS system determine your location? The Global Positioning System consists of at least 24 satellites orbiting Earth. The first GPS satellite was launched in 1978 by the United States Department of Defense.,"Identify the irrelevant context in the prompt: ""How does a GPS system determine your location? The Global Positioning System consists of at least 24 satellites orbiting Earth. The first GPS satellite was launched in 1978 by the United States Department of Defense.""",The Global Positioning System consists of at least 24 satellites orbiting Earth. The first GPS satellite was launched in 1978 by the United States Department of Defense.,A GPS system determines location using signals from satellites that triangulate the position of a receiver.,"A Global Positioning System (GPS) determines your location by receiving signals from multiple satellites orbiting the Earth. Here's how it works in more detail:

1. **Satellite Network**: The GPS system consists of a network of about 24 to 32 satellites orbiting the Earth. These satellites continuously transmit precise timing information and their positions.

2. **Signal Reception**: When you use a GPS receiver (like the one in your smartphone or a dedicated GPS device), it receives these signals from the satellites. The receiver captures the signal and measures the time it took for the signal to travel from the satellite to the receiver.

3. **Time Calculation**: By knowing the speed of light (which is constant), the GPS receiver can calculate the distance to each satellite based on the time it took for the signal to arrive. This distance is known as the pseudorange.

4. **Triangulation**: To pinpoint your exact location, the GPS receiver needs signals from at least four satellites. By using the distances to these satellites, the receiver can perform a process called trilateration. Trilateration involves determining the intersection point of spheres (each satellite defines a sphere with its position as the center and the calculated distance as the radius).

5. **Location Calculation**: Once the intersection point of the spheres is determined, the GPS receiver calculates your latitude, longitude, and altitude. This gives you your precise location on the Earth’s surface.

6. **Accuracy and Corrections**: Modern GPS systems often enhance accuracy through various methods such as:
   - **Almanac Data**: Each satellite transmits an almanac that helps receivers correct for small errors in the satellite's position.
   - **Ionospheric Delay Corrections**: The GPS system can account for delays caused by the ionosphere, which can affect signal propagation.
   - **Differential GPS (DGPS)**: In some areas, additional ground-based stations help correct for errors due to atmospheric conditions and other factors.

7. **User Interface**: Finally, the location data is displayed on your device, often along with other useful information like speed, direction, and estimated time of arrival.

This process ensures that GPS systems can provide accurate location data almost anywhere on Earth where there is a clear view of the sky.","A GPS system determines your location using signals from multiple satellites orbiting the Earth. Here's a step-by-step explanation of how this works:

1. **Satellite Constellation**: The GPS system comprises a network of satellites that orbit the Earth. As of now, there are more than 30 operational satellites in the GPS constellation. These satellites are positioned to ensure that at least four satellites are visible from any point on Earth at any time.

2. **Signal Transmission**: Each satellite continuously transmits a unique signal that includes information about its position and the current time. This signal travels through space and is received by a GPS receiver (e.g., in a smartphone, car navigation system, or dedicated GPS device).

3. **Time Measurement**: When the GPS receiver receives the signal from a satellite, it measures the time it took for the signal to reach the receiver. This measurement is crucial because it helps calculate the distance between the receiver and the satellite.

4. **Distance Calculation**: The speed of light (or radio waves) is known very precisely. By multiplying the travel time by the speed of light, the GPS receiver can calculate the distance from the satellite to the receiver. This distance is often referred to as the ""range.""

5. **Triangulation**: To pinpoint your exact location, the GPS receiver needs to receive signals from at least four satellites. Using the distances from these satellites, the receiver performs a process called trilateration (a three-dimensional version of triangulation). It calculates the intersection of the spheres centered on each satellite with a radius equal to the distance measured. This intersection gives the precise location of the GPS receiver on Earth.

6. **Location Data**: Once the GPS receiver has calculated the intersection of the spheres from four or more satellites, it provides the latitude, longitude, and altitude coordinates of the user's location.

7. **Error Correction**: Modern GPS systems also employ various techniques to improve accuracy, such as using additional satellites, ground stations for signal correction, and advanced algorithms to account for atmospheric conditions and other factors that might affect signal transmission.

The process described above is the fundamental principle behind GPS technology, allowing users to determine their location accurately almost anywhere on Earth.","The irrelevant context in the prompt is: ""The first GPS satellite was launched in 1978 by the United States Department of Defense."" While this information is historically accurate, it does not directly contribute to explaining how a GPS system determines your location. The relevant information focuses on the number of satellites and their orbit around Earth, which is crucial for understanding GPS functionality.",0.8228569,0.7963847,0.75881743,23.879905223846436
Qwen/Qwen2.5-7B-Instruct,What is cryptocurrency and how does blockchain technology work?,What is cryptocurrency and how does blockchain technology work? Bitcoin was created by an individual or group using the pseudonym Satoshi Nakamoto. The total market capitalization of cryptocurrencies has exceeded $1 trillion at certain points.,"Identify the irrelevant context in the prompt: ""What is cryptocurrency and how does blockchain technology work? Bitcoin was created by an individual or group using the pseudonym Satoshi Nakamoto. The total market capitalization of cryptocurrencies has exceeded $1 trillion at certain points.""",Bitcoin was created by an individual or group using the pseudonym Satoshi Nakamoto. The total market capitalization of cryptocurrencies has exceeded $1 trillion at certain points.,"Cryptocurrency is a digital asset, and blockchain is the decentralized technology that ensures transactions are secure and transparent.","Cryptocurrency is a digital or virtual currency that uses cryptography for security and operates independently of a central bank. The most well-known example is Bitcoin, but there are thousands of other cryptocurrencies as well.

### How Cryptocurrency Works

1. **Decentralization**: Unlike traditional currencies issued by governments or financial institutions, cryptocurrencies operate on decentralized networks. This means there's no single authority controlling the system; instead, it relies on a network of computers (nodes) that collectively maintain and verify transactions.

2. **Blockchain Technology**: Blockchain is the underlying technology that powers cryptocurrencies. It's essentially a distributed ledger that records all transactions across a network of computers. Each block in the chain contains a number of transactions, and once a block is added to the chain, it cannot be altered without altering all subsequent blocks.

3. **Mining**: To add new blocks to the blockchain, participants (miners) use powerful computers to solve complex mathematical problems. Once a miner successfully solves the problem, they add a new block to the chain and receive a reward in the form of cryptocurrency.

4. **Transaction Verification**: Every transaction made with cryptocurrency must be verified by the network before it can be confirmed. Miners check if the transaction is valid (e.g., the sender has enough funds) and then add it to a block. Once enough transactions are collected, a new block is created and added to the chain.

5. **Security**: The decentralized nature and cryptographic techniques ensure that transactions are secure and transparent. Since every participant in the network has a copy of the blockchain, it’s nearly impossible to alter past transactions without consensus from the majority of the network.

### How Blockchain Technology Works

1. **Decentralized Network**: Instead of relying on a single server or database, blockchain uses a network of interconnected nodes. Each node contains a copy of the entire blockchain, ensuring data integrity and reducing the risk of a single point of failure.

2. **Blocks and Chains**: Transactions are grouped into blocks. Each block contains a unique identifier (hash), a timestamp, and a reference to the previous block’s hash. This creates a chain of blocks, where each block is linked to the one before it.

3. **Consensus Mechanisms**: For a new block to be added to the chain, consensus among the network participants is required. Different cryptocurrencies use different consensus mechanisms:
   - **Proof of Work (PoW)**: Used by Bitcoin and many others, this involves solving complex mathematical puzzles to validate transactions.
   - **Proof of Stake (PoS)**: Instead of using computational power, PoS validators are chosen based on their holdings of the cryptocurrency.
   - **Delegated Proof of Stake (DPoS)**: A more efficient version of PoS, where token holders vote for a limited number of delegates who validate transactions.
   - **Other mechanisms**: There are also other methods like Proof of Authority, Proof of Capacity, etc.

4. **Smart Contracts**: These are self-executing contracts with the terms of the agreement directly written into code. They automatically enforce and facilitate the execution of the contract when certain conditions are met. Ethereum is one of the most popular platforms for deploying smart contracts.

5. **Transparency and Immutability**: All transactions are visible to everyone on the network, making the system highly transparent. Additionally, once a transaction is recorded in a block, it cannot be altered or deleted, ensuring immutability.

In summary, cryptocurrency leverages blockchain technology to create a secure, decentralized, and transparent financial system. The combination of these technologies allows for peer-to-peer transactions without the need for intermediaries like banks.","Cryptocurrency is a digital or virtual currency that uses cryptography for security and operates independently of a central bank. Bitcoin, which was introduced in 2009, is one of the first and most well-known cryptocurrencies. Cryptocurrencies rely on blockchain technology to manage transactions and to create new units.

### What is Cryptocurrency?

Cryptocurrencies operate on decentralized networks, meaning they don't have a central authority like a government or financial institution controlling them. Instead, they use a network of computers (nodes) to verify transactions and maintain a ledger of all transactions, known as the blockchain.

### How Does Blockchain Technology Work?

Blockchain is essentially a distributed database or ledger that records transactions across many computers in such a way that the registered transactions cannot be altered retroactively. Here’s a simplified explanation of how it works:

1. **Transaction**: When a transaction occurs, it is broadcast to the network.
   
2. **Validation**: Nodes in the network validate the transaction using complex algorithms and cryptography. This process is called ""mining"" for cryptocurrencies like Bitcoin, where nodes compete to solve complex mathematical problems to validate transactions and create new blocks.

3. **Block Creation**: Once validated, the transaction is grouped into a block along with other transactions that occurred around the same time.

4. **Block Addition**: The block is then added to the existing blockchain, which is a continuous chain of blocks. Each block contains a cryptographic hash of the previous block, ensuring the integrity of the entire chain.

5. **Consensus Mechanism**: To ensure that all nodes in the network agree on the state of the blockchain, various consensus mechanisms are used (e.g., proof of work, proof of stake). These mechanisms help prevent fraud and double-spending.

6. **Decentralization**: Because the blockchain is maintained by a network of nodes rather than a single entity, there is no single point of failure or control. This decentralization is a key feature of cryptocurrencies.

### Key Features of Blockchain

- **Transparency**: Transactions are recorded publicly, making them transparent but not necessarily traceable to individuals without the corresponding private keys.
  
- **Security**: The cryptographic nature of blockchain makes it extremely difficult to alter past transactions once they are recorded.
  
- **Decentralization**: No single entity controls the blockchain, reducing the risk of censorship or manipulation.

### Market Capitalization

The total market capitalization of cryptocurrencies can fluctuate widely due to factors such as market sentiment, technological advancements, regulatory changes, and broader economic conditions. At certain points, the market capitalization has indeed exceeded $1 trillion, reflecting the growing acceptance and adoption of cryptocurrencies globally.

In summary, cryptocurrencies like Bitcoin leverage blockchain technology to facilitate secure, transparent, and decentralized transactions. The underlying blockchain provides a robust infrastructure for managing these transactions, ensuring that they are immutable and verifiable.","The irrelevant context in the prompt is: ""Bitcoin was created by an individual or group using the pseudonym Satoshi Nakamoto.""

This statement, while factual, provides specific information about Bitcoin's origin that is not directly relevant to defining cryptocurrency in general or explaining how blockchain technology works. The other parts of the prompt are more broadly applicable to the topic.",0.78587216,0.79503417,0.6754919,33.67863655090332
Qwen/Qwen2.5-7B-Instruct,The invisible kingdom in the story can only be seen by those who have never told a lie. Who can see the invisible kingdom?,The invisible kingdom in the story can only be seen by those who have never told a lie. The kingdom exists in a parallel dimension that occasionally overlaps with our world. The architecture of the invisible kingdom combines elements from various historical periods. Who can see the invisible kingdom?,"Identify the irrelevant context in the prompt: ""The invisible kingdom in the story can only be seen by those who have never told a lie. The kingdom exists in a parallel dimension that occasionally overlaps with our world. The architecture of the invisible kingdom combines elements from various historical periods. Who can see the invisible kingdom?""",The kingdom exists in a parallel dimension that occasionally overlaps with our world. The architecture of the invisible kingdom combines elements from various historical periods.,Those who have never told a lie can see the invisible kingdom.,"According to the information provided in your statement, the invisible kingdom can only be seen by those who have never told a lie. Therefore, the individuals who can see the invisible kingdom are those who have maintained perfect honesty and have not engaged in any form of lying throughout their lives.

This premise suggests a fantastical or allegorical setting where truthfulness grants access to hidden realms or knowledge. In such a scenario, only those who uphold the virtue of honesty would possess the ability to perceive the invisible kingdom.","According to the description in your story, the invisible kingdom can only be seen by those who have never told a lie. This implies that honesty and purity of heart are necessary qualities for perceiving this mystical realm. The fact that it exists in a parallel dimension that occasionally overlaps with our world suggests a connection between the integrity of the observer and the manifestation of this hidden reality.

In this context, anyone who has lived a life without telling a lie would be able to see the invisible kingdom. This could include people who have maintained high ethical standards, practiced truthfulness in their interactions, or perhaps even those who are deeply introspective and committed to self-improvement. The exact individuals who can see it might vary depending on the specific circumstances and the nature of their lies or lack thereof.

This concept adds an intriguing layer to the story, highlighting the importance of honesty and integrity not just as moral virtues but also as keys to unlocking hidden realities.","The prompt does not contain any irrelevant context. Each part of the prompt provides necessary information to understand the scenario:

1. ""The invisible kingdom in the story can only be seen by those who have never told a lie.""
2. ""The kingdom exists in a parallel dimension that occasionally overlaps with our world.""
3. ""The architecture of the invisible kingdom combines elements from various historical periods.""
4. ""Who can see the invisible kingdom?""

All these details contribute to describing the nature and characteristics of the invisible kingdom and how it can be perceived. There is no extraneous or unrelated information provided.",0.8469767,0.7604376,0.56252205,10.016058683395386
Qwen/Qwen2.5-7B-Instruct,"In the fable, the wise turtle wins the race by maintaining a steady pace while the rabbit takes a nap. Who wins the race in the fable?","In the fable, the wise turtle wins the race by maintaining a steady pace while the rabbit takes a nap. The race course spans three mountains and two rivers. All the forest animals gathered to watch this legendary competition. Who wins the race in the fable?","Identify the irrelevant context in the prompt: ""In the fable, the wise turtle wins the race by maintaining a steady pace while the rabbit takes a nap. The race course spans three mountains and two rivers. All the forest animals gathered to watch this legendary competition. Who wins the race in the fable?""",The race course spans three mountains and two rivers. All the forest animals gathered to watch this legendary competition.,The wise turtle wins the race by maintaining a steady pace while the rabbit takes a nap.,"In the fable you're referring to, the wise turtle wins the race by maintaining a steady pace while the rabbit takes a nap. This classic story is often used to illustrate the moral that ""slow and steady wins the race.""","In the fable you described, the wise turtle wins the race by maintaining a steady pace while the rabbit takes a nap. Despite the rabbit's initial lead due to its speed, the turtle's consistent progress ensures that it reaches the finish line first. The race course, which spans three mountains and two rivers, does not affect the outcome as the focus is on the strategy and perseverance of the participants. Therefore, the winner is the turtle.","The irrelevant context in the prompt is: ""All the forest animals gathered to watch this legendary competition."" This detail does not affect who wins the race according to the story, as the question specifically states that the wise turtle wins by maintaining a steady pace while the rabbit takes a nap.",0.86323416,0.85774875,0.45202708,4.741439580917358
Qwen/Qwen2.5-7B-Instruct,"The magical book in the story writes its own pages based on the reader's thoughts. What is special about the magical book?""",The magical book in the story writes its own pages based on the reader's thoughts. The book is bound in leather made from an unknown creature. The ink used in the book appears to be silver but changes color depending on the emotion being expressed. What is special about the magical book?,"Identify the irrelevant context in the prompt: ""The magical book in the story writes its own pages based on the reader's thoughts. The book is bound in leather made from an unknown creature. The ink used in the book appears to be silver but changes color depending on the emotion being expressed. What is special about the magical book?""",The book is bound in leather made from an unknown creature. The ink used in the book appears to be silver but changes color depending on the emotion being expressed.,"The magical book writes its own pages based on the reader's thoughts, making it unique.","The magical book in your story is special for several reasons:

1. **Self-Generation Based on Reader's Thoughts**: The book's most unique feature is its ability to generate new content based on the thoughts of the reader. This means that the book can adapt and evolve as the reader's thoughts change, making it an incredibly dynamic and personalized source of information.

2. **Personalized Learning and Growth**: Since the book tailors its content to the reader's current understanding and knowledge, it can serve as an ideal learning tool. It will provide insights and explanations that are specifically relevant to the reader’s existing knowledge base, helping them grow and learn more effectively.

3. **Adaptive Content**: The book can adjust its complexity and depth according to the reader's level of comprehension. If the reader finds the content too simple, the book can become more complex; if they find it too challenging, it can simplify itself accordingly.

4. **Encourages Critical Thinking**: By presenting ideas and concepts based on the reader's thoughts, the book encourages critical thinking and self-reflection. Readers must engage deeply with the material to influence what appears in the book, fostering a more interactive and engaging learning experience.

5. **Unique Storytelling**: For a narrative-focused book, this feature allows for a highly personalized storytelling experience. Different readers could have different versions of the story based on their thoughts and emotions, creating a unique reading experience each time.

6. **Interactivity**: The book becomes an interactive medium rather than just a passive repository of information. This interactivity makes it stand out from traditional books and could be particularly appealing in modern digital contexts where interactivity is valued.

7. **Mystery and Enchantment**: The very concept of a book writing itself based on the reader's thoughts adds a layer of mystery and enchantment to the story. It creates a sense of wonder and magic, which can captivate readers and make the story more engaging.

Overall, this magical book not only enhances the reading experience but also serves as a powerful tool for personal development and exploration.","The magical book you've described is indeed a fascinating and unique object, steeped in mystery and wonder. Here are some of its special qualities:

1. **Self-Writing Nature**: The book writes its own pages based on the reader's thoughts. This means that as the reader thinks or feels certain emotions, the book captures those mental states and translates them into written words or images. This feature makes it an incredibly personal and dynamic tool for self-exploration.

2. **Leather Bound in Unknown Creature Skin**: The fact that the book is bound in leather from an unknown creature suggests that it might have rare or mystical origins. This could imply that the book has been crafted with great care and using ingredients that are hard to come by, adding to its value and intrigue.

3. **Silver Ink That Changes Color Based on Emotion**: The silver ink is perhaps the most intriguing aspect of this book. Silver itself is often associated with purity, reflection, and the moon, which could tie into themes of clarity, introspection, and emotional depth. The ability of the ink to change colors based on the reader's emotions adds a layer of emotional intelligence and sensitivity to the book. It can help readers better understand and articulate their feelings, making it a powerful tool for emotional literacy.

4. **Mystical Properties**: Given the combination of these features—self-writing, unusual materials, and emotionally responsive ink—the book likely possesses other mystical properties. It might be able to predict future events, offer guidance, or even serve as a conduit for communication with spirits or other supernatural beings.

5. **Personal Growth Tool**: Beyond its magical abilities, the book serves as a powerful tool for personal growth and self-discovery. Its capacity to capture and reflect the reader's innermost thoughts and emotions can lead to profound insights and transformations.

In summary, this magical book is not just a repository of knowledge or stories; it is a living, breathing companion that helps the reader explore their mind and emotions in a deeply meaningful way.","In the given prompt, all the details provided are relevant to describing the magical book and its unique properties. However, if we must identify something as irrelevant, it would be the description of the leather being ""made from an unknown creature,"" as this detail does not directly contribute to the magical properties of the book itself. While it might add to the atmosphere or intrigue surrounding the book, it is not essential to answering the question ""What is special about the magical book?"" 

The special aspects of the book can be summarized from the following details:
- It writes its own pages based on the reader's thoughts.
- The ink changes color depending on the emotion being expressed.",0.6488012,0.59058505,0.7348572,23.454721450805664
Qwen/Qwen2.5-7B-Instruct,What does this CSS selector do? div > p + ul,What does this CSS selector do? div > p + ul CSS was proposed by Håkon Wium Lie while working at CERN. The cascade in Cascading Style Sheets refers to the priority scheme for resolving style conflicts.,"Identify the irrelevant context in the prompt: ""What does this CSS selector do? div > p + ul CSS was proposed by Håkon Wium Lie while working at CERN. The cascade in Cascading Style Sheets refers to the priority scheme for resolving style conflicts.""",CSS was proposed by Håkon Wium Lie while working at CERN. The cascade in Cascading Style Sheets refers to the priority scheme for resolving style conflicts.,"The CSS selector targets a ul element that follows a p element, which is a child of a div.","The CSS selector `div > p + ul` targets an `<ul>` element that is a sibling of a `<p>` element and directly follows it, and both of these elements must be children of a `<div>`. Here's a breakdown:

- `div`: Selects a `<div>` element.
- `>`: The child combinator, which means the following elements must be direct children of the selected element (`<div>` in this case).
- `p`: Selects a `<p>` element.
- `+`: The adjacent sibling combinator, which selects the element immediately following the preceding selector (in this case, the `<p>` element), but only if they are siblings and both are children of the same parent (`<div>` in this case).
- `ul`: Selects a `<ul>` element.

So, this selector will match any `<ul>` element that comes right after a `<p>` element inside a `<div>`, assuming both are direct children of the `<div>`.

Here’s an example HTML structure that would be matched by this selector:

```html
<div>
  <p>This is a paragraph.</p>
  <ul>
    <li>Item 1</li>
    <li>Item 2</li>
  </ul>
</div>
```

In this example, the `<ul>` element would be selected because it is directly following a `<p>` element and both are children of the same `<div>`.","The CSS selector `div > p + ul` is used to select an `<ul>` element that immediately follows a `<p>` element, which in turn is a direct child of a `<div>` element. Let's break it down:

- `div`: Selects any `<div>` element.
- `> p`: Selects any `<p>` element that is a direct child of a `<div>` element.
- `+ ul`: Selects any `<ul>` element that immediately follows a `<p>` element, where the `<p>` element is a direct child of a `<div>` element.

Here’s an example of HTML that would match this selector:

```html
<div>
  <p>This is a paragraph.</p>
  <ul>
    <li>List item 1</li>
    <li>List item 2</li>
  </ul>
</div>
```

In this case, the `<ul>` element would be selected because it directly follows a `<p>` element that is a direct child of a `<div>` element.

It's worth noting that the cascade in CSS refers to how styles are applied when there are multiple rules that could apply to an element. The cascade involves several factors such as specificity, importance, and the order in which rules are defined. However, the selector you provided is about matching a specific structure in the DOM rather than applying cascading styles.","The irrelevant context in the prompt is:

""CSS was proposed by Håkon Wium Lie while working at CERN. The cascade in Cascading Style Sheets refers to the priority scheme for resolving style conflicts.""

This information is unrelated to the question about the CSS selector `div > p + ul`. The relevant part of the prompt should focus only on explaining or demonstrating what the given CSS selector does.",0.7726252,0.8185015,0.76906085,16.38964343070984
Qwen/Qwen2.5-7B-Instruct,How would you explain the concept of inheritance in object-oriented programming?,"How would you explain the concept of inheritance in object-oriented programming? The first object-oriented language was Simula, developed in the 1960s. Design patterns provide reusable solutions to commonly occurring problems in software design.","Identify the irrelevant context in the prompt: ""How would you explain the concept of inheritance in object-oriented programming? The first object-oriented language was Simula, developed in the 1960s. Design patterns provide reusable solutions to commonly occurring problems in software design.""","The first object-oriented language was Simula, developed in the 1960s. Design patterns provide reusable solutions to commonly occurring problems in software design.",Inheritance in object-oriented programming allows a class to inherit properties and behaviors from another class.,"Inheritance is a fundamental concept in object-oriented programming (OOP) that allows a class to inherit properties and methods from another class. This mechanism helps in achieving code reusability and promotes a hierarchical structure among classes.

Here’s a more detailed explanation:

1. **Hierarchical Structure**: Inheritance creates a hierarchy where one class (the subclass or derived class) can inherit attributes and behaviors from another class (the superclass or base class). This hierarchical relationship is often visualized as a tree, with the base class at the top and its subclasses branching out below.

2. **Code Reusability**: Instead of writing the same code multiple times, you can define common properties and methods in a base class and then inherit them into other classes. This reduces redundancy and makes your code easier to maintain.

3. **Polymorphism**: Inheritance supports polymorphism, which means that objects of different classes can be treated as objects of a common superclass. This allows for more flexible and dynamic code.

4. **Extending Functionality**: Subclasses can extend the functionality of their base classes by adding new methods or modifying existing ones. They can also override methods from the base class to provide specific implementations.

5. **Types of Inheritance**:
   - **Single Inheritance**: A class inherits from only one base class.
   - **Multiple Inheritance**: A class can inherit from more than one base class. However, this is not supported in all OOP languages and can lead to complexities like the diamond problem.
   - **Multilevel Inheritance**: A class inherits from a base class, which in turn inherits from another base class.
   - **Hierarchical Inheritance**: Multiple classes inherit from a single base class.
   - **Hybrid Inheritance**: A combination of different types of inheritance.

6. **Example in Python**:
   ```python
   class Animal:
       def __init__(self, name):
           self.name = name

       def speak(self):
           return ""Some sound""

   class Dog(Animal):
       def speak(self):
           return ""Woof""

   class Cat(Animal):
       def speak(self):
           return ""Meow""

   # Create instances
   my_dog = Dog(""Rex"")
   my_cat = Cat(""Whiskers"")

   print(my_dog.speak())  # Output: Woof
   print(my_cat.speak())  # Output: Meow
   ```

In this example, `Dog` and `Cat` are subclasses of `Animal`. They inherit the `speak` method but override it with their own implementation. The `Animal` class provides a default behavior for `speak`, which is overridden by `Dog` and `Cat`.

Understanding and effectively using inheritance can greatly enhance the design and functionality of software systems in OOP.","Inheritance is a fundamental concept in object-oriented programming (OOP) that allows classes to inherit properties and behaviors from other classes. This mechanism promotes code reusability and helps in building hierarchical structures where classes can be organized based on their relationships.

### Explanation of Inheritance

1. **Base Class (Superclass or Parent Class):** This is the class from which another class inherits properties and methods. It serves as the blueprint for derived classes.

2. **Derived Class (Subclass or Child Class):** This is the class that inherits from the base class. It can extend or override the properties and methods inherited from the base class.

3. **Inheritance Hierarchies:** Classes can inherit from multiple levels, forming a hierarchy. For example, `Animal` could be the base class, with `Mammal` and `Bird` as derived classes, and further subclasses like `Dog`, `Cat`, and `Parrot`.

### Example in Python

```python
class Animal:
    def __init__(self, name):
        self.name = name
    
    def speak(self):
        return ""Some sound""

class Dog(Animal):
    def speak(self):
        return ""Woof!""

class Cat(Animal):
    def speak(self):
        return ""Meow!""

# Creating instances
dog = Dog(""Buddy"")
cat = Cat(""Whiskers"")

print(dog.speak())  # Output: Woof!
print(cat.speak())  # Output: Meow!
```

In this example, `Animal` is the base class with a `speak` method. `Dog` and `Cat` are derived classes that inherit from `Animal`. They can override the `speak` method to provide specific implementations.

### Design Patterns

Design patterns are proven solutions to common problems encountered during software development. They are not specific to any particular programming language but are widely applicable across different languages and frameworks.

Design patterns are categorized into three main types:

1. **Creational Patterns:** These deal with object creation mechanisms, such as Singleton, Factory Method, and Abstract Factory.
2. **Structural Patterns:** These concern class and object composition, such as Adapter, Decorator, and Composite.
3. **Behavioral Patterns:** These are about interactions between objects, such as Observer, Strategy, and Command.

### Simula: The First Object-Oriented Language

Simula was indeed one of the pioneering languages in the field of object-oriented programming. Developed in the 1960s by Ole-Johan Dahl and Kristen Nygaard at the Norwegian Computing Center, Simula introduced several concepts that laid the foundation for modern OOP languages. It included features such as classes, objects, and inheritance, which were later adopted and refined in subsequent languages like Smalltalk, C++, Java, and others.

### Conclusion

Inheritance in OOP allows for the creation of hierarchies where classes can share and extend functionality. This leads to more maintainable and scalable code. Meanwhile, design patterns offer proven solutions to recurring problems, enhancing the quality and efficiency of software development.","The irrelevant context in the prompt is:

""Design patterns provide reusable solutions to commonly occurring problems in software design.""

This statement, while related to software design, does not directly pertain to explaining the concept of inheritance in object-oriented programming. It introduces a different aspect of software development that, although important, is not relevant to the specific question asked.",0.72648746,0.67828923,0.54755914,31.365145683288574
Qwen/Qwen2.5-7B-Instruct,What's the difference between a process and a thread in operating systems?,"What's the difference between a process and a thread in operating systems? Operating system kernels manage resource allocation among competing processes. Virtual memory systems map addresses from virtual to physical memory space.""","Identify the irrelevant context in the prompt: ""What's the difference between a process and a thread in operating systems? Operating system kernels manage resource allocation among competing processes. Virtual memory systems map addresses from virtual to physical memory space.""""",Operating system kernels manage resource allocation among competing processes. Virtual memory systems map addresses from virtual to physical memory space.,"A process is an independent program with its own memory, while a thread is a smaller unit within a process that shares the process's memory.","In operating systems, processes and threads are fundamental concepts that are used to manage and organize the execution of programs.

### Process

A **process** is an instance of a program that is being executed. Each process has its own memory space, file descriptors, and other resources. A process can contain one or more threads. Here are some key characteristics of a process:

1. **Memory Isolation**: Each process has its own virtual address space. This means that different processes do not share memory unless explicitly shared through mechanisms like inter-process communication (IPC).
2. **Resource Allocation**: Processes are allocated system resources such as CPU time, memory, and file descriptors.
3. **Security and Protection**: Processes provide a level of security and protection since they are isolated from each other. One process cannot directly access the memory or resources of another process without specific permissions.
4. **Context Switching**: The operating system manages context switching between different processes, which involves saving and restoring the state of the process so that it can be resumed later.

### Thread

A **thread**, on the other hand, is a lightweight subunit within a process that can be scheduled for execution. Threads share the same memory space and other resources with other threads within the same process. Here are some key characteristics of a thread:

1. **Shared Memory**: All threads within the same process share the same memory space and global variables. This allows for efficient communication and synchronization between threads.
2. **Concurrency**: Threads allow for concurrent execution within a single process. This can improve the performance of applications that perform I/O-bound tasks or need to handle multiple tasks simultaneously.
3. **Scheduling**: Threads within the same process are managed by the same scheduler. However, the operating system may still switch between threads to balance the workload across available CPU cores.
4. **Context Switching**: Context switching between threads within the same process is generally faster than between different processes because the operating system does not need to save and restore as much state information.

### Key Differences

- **Scope**: A process is a larger unit that encompasses one or more threads, while a thread is a smaller unit of execution within a process.
- **Isolation**: Processes have their own memory space and resources, whereas threads share the memory space and resources of the process.
- **Resource Management**: Managing processes is generally more resource-intensive than managing threads due to the overhead of separate memory spaces and resource allocation.
- **Communication**: Communication between threads is generally easier and more efficient than between processes because they share the same memory space.

In summary, processes provide a higher level of isolation and are useful for managing different applications or services, while threads enable more efficient and concurrent execution within a single application.","In operating systems, both processes and threads are fundamental units of execution, but they serve different purposes and have different characteristics.

### Process

A **process** is the basic unit of scheduling and resource allocation in an operating system. Each process has its own address space, meaning it has its own set of resources such as memory, file descriptors, and open files. A process can be thought of as a program in execution. Here are some key points about processes:

1. **Resource Allocation**: Each process gets its own set of resources.
2. **Address Space**: Each process has its own private address space.
3. **Context Switching**: The operating system switches between different processes to execute them in a time-sharing manner.
4. **Isolation**: Processes are isolated from each other to prevent interference and ensure security.
5. **Life Cycle**: A process goes through various states like running, ready, blocked, and terminated.

### Thread

A **thread**, on the other hand, is a smaller unit of execution within a process. Threads share the same address space and resources with other threads in the same process. Here are some key points about threads:

1. **Resource Sharing**: Threads within the same process share the same memory and other resources.
2. **Context Switching**: Context switching between threads within the same process is generally faster than between processes.
3. **Concurrency**: Multiple threads within a process can run concurrently, allowing for more efficient use of CPU resources.
4. **Communication**: Communication between threads is simpler and faster compared to communication between processes.
5. **Life Cycle**: Threads can be created, destroyed, and scheduled within the context of their parent process.

### Virtual Memory Systems

Virtual memory systems map addresses from a process’s virtual address space to physical memory (and potentially to disk for paging). This allows each process to use a larger address space than the actual physical memory available, and it isolates processes from each other so that one process cannot directly access another process’s memory. Here are some key points about virtual memory:

1. **Virtual Address Space**: Each process has its own virtual address space.
2. **Translation Lookaside Buffer (TLB)**: Hardware caches translations from virtual to physical addresses.
3. **Page Tables**: Software maintains page tables to map virtual pages to physical frames.
4. **Paging and Swapping**: Pages of memory can be swapped to and from disk to manage limited physical memory.
5. **Protection**: Virtual memory systems provide mechanisms to protect processes from accessing each other’s memory.

### Summary

- **Processes**: Larger units of execution, each with its own address space and resources. They are isolated from each other.
- **Threads**: Smaller units of execution within a process, sharing the same address space. They allow for concurrent execution within a process.

Both processes and threads are managed by the operating system kernel to provide efficient and secure resource utilization.","The irrelevant context in the prompt is:

""Virtual memory systems map addresses from virtual to physical memory space.""

This sentence discusses aspects of memory management, which, while related to operating systems in a broader sense, does not directly address the question about the difference between a process and a thread.",0.7778059,0.8079511,0.68307495,29.337701082229614
Qwen/Qwen2.5-7B-Instruct,How does the human immune system fight infections?,How does the human immune system fight infections? The thymus gland is largest during childhood and gradually shrinks with age. Antibodies are Y-shaped proteins produced by specialized white blood cells.,"Identify the irrelevant context in the prompt: ""How does the human immune system fight infections? The thymus gland is largest during childhood and gradually shrinks with age. Antibodies are Y-shaped proteins produced by specialized white blood cells.""",The thymus gland is largest during childhood and gradually shrinks with age. Antibodies are Y-shaped proteins produced by specialized white blood cells.,The immune system fights infections through white blood cells that attack pathogens and produce antibodies.,"The human immune system is a complex network of cells, tissues, and organs that work together to defend the body against pathogens such as bacteria, viruses, fungi, and parasites. The immune system has two main components: the innate immune response and the adaptive immune response.

1. **Innate Immune Response**:
   - **Physical Barriers**: The skin and mucous membranes act as physical barriers to prevent pathogens from entering the body.
   - **Chemical Barriers**: Secretions like mucus, stomach acid, and enzymes in saliva can destroy or inhibit the growth of pathogens.
   - **Phagocytes**: These are white blood cells (neutrophils and macrophages) that engulf and digest invading microorganisms through a process called phagocytosis.
   - **Natural Killer Cells (NK Cells)**: These cells can recognize and destroy virus-infected cells and cancer cells without prior sensitization.
   - **Inflammatory Response**: When an infection occurs, the affected area becomes red, swollen, and warm due to increased blood flow and the release of chemicals that attract more immune cells to the site of infection.

2. **Adaptive Immune Response**:
   - **T-Cells and B-Cells**: These are specialized white blood cells that recognize specific antigens (molecules from pathogens) and respond to them.
     - **B-Cells**: Produce antibodies that can bind to specific antigens, marking them for destruction by other components of the immune system.
     - **T-Cells**: Can directly kill infected cells (cytotoxic T-cells) or help activate other immune cells (helper T-cells).
   - **Memory Cells**: After an infection, some T-cells and B-cells become memory cells. If the same pathogen enters the body again, these memory cells can mount a faster and stronger response, often preventing the infection from causing symptoms or significantly reducing its severity.

3. **Immune Regulation**:
   - **Cytokines and Chemokines**: These are signaling molecules that help coordinate the immune response. They can recruit immune cells to sites of infection and modulate their activity.
   - **Complement System**: This is a group of proteins that enhance the ability of antibodies and phagocytic cells to clear microbes and damaged cells from the body.

4. **Immune Surveillance**:
   - The immune system continuously monitors the body for abnormal cells, including cancer cells, and eliminates them before they can cause harm.

5. **Immune Memory**:
   - Once the immune system successfully combats an infection, it retains the information about the pathogen, allowing it to respond more effectively if the same pathogen is encountered in the future.

Overall, the human immune system uses a combination of rapid, non-specific responses (innate immunity) and slower, specific responses (adaptive immunity) to combat infections. The balance and coordination between these systems are crucial for effective defense against pathogens.","The human immune system is a complex network of cells, tissues, and organs that work together to defend the body against pathogens like bacteria, viruses, fungi, and parasites. It has two main components: the innate immune system and the adaptive immune system.

1. **Innate Immune System**: This is the first line of defense and includes physical barriers (like skin), chemical barriers (such as stomach acid), and cellular responses. When pathogens breach these barriers, immune cells such as macrophages, neutrophils, and natural killer cells attack them. The thymus plays a role in the development of T-cells, which are crucial for the adaptive immune response but not directly involved in the innate response.

2. **Adaptive Immune System**: This system is more specific and can remember previous encounters with pathogens. It includes B-cells and T-cells. B-cells produce antibodies, which are Y-shaped proteins that can bind to specific antigens on pathogens, marking them for destruction. T-cells can directly kill infected cells or help other immune cells respond more effectively.

- **Role of the Thymus**: The thymus is a crucial organ in the development of T-cells. T-cells mature in the thymus, where they learn to recognize self versus non-self. This process involves negative selection, where T-cells that react to self-antigens are eliminated to prevent autoimmune diseases. As a result, the thymus is largest during childhood when the body is developing its repertoire of T-cells. With age, the thymus gradually shrinks (a process called thymic involution), leading to a decrease in the production of new T-cells. This can affect the immune system's ability to fight off certain types of infections, especially those involving intracellular pathogens.

- **Antibodies**: Antibodies are produced by B-cells after they encounter an antigen. Once produced, antibodies can circulate in the blood and tissues, binding to specific antigens and neutralizing pathogens or marking them for destruction by other immune cells. Each antibody is specific to a particular antigen, and this specificity is why vaccines work—they introduce the body to the antigen without causing disease, allowing the immune system to produce the appropriate antibodies.

In summary, the human immune system fights infections through both innate and adaptive mechanisms. The thymus is essential for the development of T-cells, which play a critical role in the adaptive immune response. Antibodies, produced by B-cells, are key players in neutralizing pathogens and marking them for destruction. The gradual shrinkage of the thymus with age can impact the immune system's ability to mount effective responses to new pathogens.","The irrelevant context in the prompt is: ""The thymus gland is largest during childhood and gradually shrinks with age."" This statement, while true about the thymus gland, does not directly relate to how the human immune system fights infections. The other parts of the prompt discuss antibodies, which are directly involved in fighting infections.",0.65539193,0.624756,0.74693716,29.93814730644226
Qwen/Qwen2.5-7B-Instruct,What is the theory of plate tectonics and how does it explain Earth's features?,What is the theory of plate tectonics and how does it explain Earth's features? Alfred Wegener proposed the theory of continental drift in 1912. The Mid-Atlantic Ridge is an example of a divergent plate boundary where new crust forms.,"Identify the irrelevant context in the prompt: ""What is the theory of plate tectonics and how does it explain Earth's features? Alfred Wegener proposed the theory of continental drift in 1912. The Mid-Atlantic Ridge is an example of a divergent plate boundary where new crust forms.""",Alfred Wegener proposed the theory of continental drift in 1912. The Mid-Atlantic Ridge is an example of a divergent plate boundary where new crust forms.,Plate tectonics explains Earth's features through the movement of large plates that make up the Earth's surface.,"The theory of plate tectonics is a fundamental concept in geology that explains the large-scale motions of Earth's lithosphere (the rigid outer layer of the Earth) and the processes that shape the surface of our planet. According to this theory, the Earth's lithosphere is divided into several large and small plates that float on the semi-fluid asthenosphere beneath them. These plates move relative to each other due to convection currents in the mantle.

Here’s how the theory of plate tectonics explains various Earth's features:

1. **Continental Drift**: The idea that continents have moved over geological time was first proposed by Alfred Wegener in 1912. He noticed that the coastlines of Africa and South America fit together like puzzle pieces and that many fossils and rock types were found on both continents. Plate tectonics provides a mechanism for continental drift through the movement of tectonic plates.

2. **Mountain Building**: Mountain ranges such as the Himalayas, Andes, and Alps are formed at convergent boundaries where two plates collide. As one plate subducts under another, the crust is compressed and uplifted, leading to the formation of mountains. Similarly, fold mountains can form at transform boundaries where plates slide past each other.

3. **Volcanic Activity**: Volcanoes often occur along the edges of tectonic plates. At divergent boundaries, where plates are moving apart, magma rises to the surface, forming mid-ocean ridges and creating new oceanic crust. At convergent boundaries, particularly where an oceanic plate subducts beneath a continental plate, intense heat and pressure can cause partial melting of the subducting plate, producing magma that rises to the surface and forms volcanoes.

4. **Earthquakes**: Most earthquakes occur along plate boundaries because these areas are zones of high stress where the plates interact. At divergent boundaries, earthquakes can happen when new crust is being created and the plates pull apart. At convergent boundaries, they can occur as a result of the friction and stresses between colliding plates. Transform boundaries, where plates slide past each other, also experience frequent earthquakes.

5. **Ocean Basins and Island Arcs**: Ocean basins are typically found at divergent boundaries, where new crust is being formed as the plates move apart. Island arcs, chains of volcanic islands, often form at convergent boundaries where an oceanic plate subducts beneath another plate, leading to the creation of deep trenches and volcanic activity.

6. **Seafloor Spreading**: This process occurs at mid-ocean ridges where new oceanic crust is formed as magma rises and cools. As the new crust moves away from the ridge, older crust is pushed towards the edges of the oceans, eventually becoming subducted back into the mantle. Seafloor spreading helps explain why the age of the oceanic crust increases with distance from mid-ocean ridges.

7. **Climate and Weather Patterns**: While not directly caused by plate tectonics, the distribution of land masses and ocean basins strongly influences climate and weather patterns. For example, the position of continents affects atmospheric circulation patterns, which in turn influence precipitation and temperature distributions.

Overall, the theory of plate tectonics provides a unifying framework that helps us understand and explain a wide range of geological phenomena observed on Earth.","The theory of plate tectonics is a geological concept that explains the large-scale motions of the Earth's lithosphere (the rigid outer layer of the Earth). It was developed from the earlier hypothesis of Alfred Wegener's continental drift and incorporates additional evidence and mechanisms.

### Key Points of Plate Tectonic Theory

1. **Crustal Plates**: The Earth's lithosphere is divided into several large plates and smaller ones. These plates include both oceanic and continental crust.

2. **Movement of Plates**: These plates move relative to each other due to convection currents in the underlying mantle. This movement can be horizontal or vertical, and it occurs at rates of a few centimeters per year.

3. **Types of Boundaries**:
   - **Divergent Boundaries**: Where two plates move apart from each other. At these boundaries, new crust is formed as magma rises and solidifies.
   - **Convergent Boundaries**: Where two plates move towards each other. Depending on whether they are oceanic or continental, different processes occur, such as subduction (one plate sinking under another) or collision (forming mountain ranges).
   - **Transform Boundaries**: Where two plates slide past each other horizontally.

### Example: Mid-Atlantic Ridge

The Mid-Atlantic Ridge is an example of a divergent boundary. Here’s how it works:

- **Formation of New Crust**: At the Mid-Atlantic Ridge, two tectonic plates (the North American Plate and the Eurasian Plate to the north, and the South American Plate and the African Plate to the south) are moving away from each other. As they separate, hot mantle material rises up to fill the gap, cooling and solidifying into new oceanic crust.
- **Volcanic Activity**: This process often leads to volcanic activity along the ridge, which contributes to the formation of new seafloor.
- **Magnetic Anomalies**: Scientists have observed alternating stripes of magnetic anomalies on either side of the ridge, which provide evidence for the movement of the plates over time.

### Impact on Earth's Features

- **Mountain Ranges**: Convergent boundaries often result in the formation of mountain ranges. For example, the Himalayas were formed by the collision of the Indian Plate with the Eurasian Plate.
- **Ocean Basins**: Divergent boundaries create rift valleys and mid-ocean ridges, contributing to the shape of the ocean basins.
- **Earthquakes and Volcanoes**: These are common along plate boundaries, especially at convergent and transform boundaries.
- **Climate and Weather Patterns**: Plate tectonics also influence climate patterns by affecting ocean currents and atmospheric circulation.

Alfred Wegener's original idea of continental drift laid the groundwork for the modern theory of plate tectonics. By incorporating additional geological evidence and developing a more comprehensive understanding of the dynamics of the Earth's interior, scientists have been able to explain many of the Earth's geological features and phenomena.","The irrelevant context in the prompt is ""Alfred Wegener proposed the theory of continental drift in 1912."" While this information is related to the history of the development of the theory of plate tectonics, it is not directly relevant to explaining what the theory of plate tectonics is or how it explains Earth's features. The focus should be on the core aspects of plate tectonics, including the movement of tectonic plates and how these movements affect geological features.",0.77661014,0.76503456,0.80817914,34.24195742607117
Qwen/Qwen2.5-7B-Instruct,How does a refrigerator work to keep food cold?,How does a refrigerator work to keep food cold? The first domestic refrigerator was invented in 1913 by Fred W. Wolf. Modern refrigerators use hydrocarbon refrigerants which have lower environmental impact.,"Identify the irrelevant context in the prompt: ""How does a refrigerator work to keep food cold? The first domestic refrigerator was invented in 1913 by Fred W. Wolf. Modern refrigerators use hydrocarbon refrigerants which have lower environmental impact.""",The first domestic refrigerator was invented in 1913 by Fred W. Wolf. Modern refrigerators use hydrocarbon refrigerants which have lower environmental impact.,A refrigerator works by circulating cool refrigerant that absorbs heat from inside the fridge and releases it outside.,"A refrigerator works by using a cycle of refrigeration that involves the continuous removal and transfer of heat from inside the refrigerator to the outside environment. Here's a step-by-step explanation of how it functions:

1. **Compressor**: The process begins with the compressor, which is essentially a pump that compresses a refrigerant gas into a high-pressure, high-temperature gas.

2. **Condenser**: The compressed, hot gas then flows through the condenser coils located at the back or bottom of the refrigerator. As it passes through these coils, it cools down and condenses into a liquid form. The heat from the gas is released into the surrounding air, which is why you might feel warm air coming out of the condenser.

3. **Expansion Valve**: The now liquid refrigerant then passes through an expansion valve, which reduces its pressure and temperature. This change in state causes the refrigerant to evaporate (change from a liquid to a gas) and absorb heat as it does so.

4. **Evaporator Coils**: The refrigerant, now in its gaseous state and at a lower temperature, enters the evaporator coils inside the refrigerator. These coils are usually located behind the freezer compartment. As the refrigerant absorbs heat from the inside of the refrigerator, it changes back into a liquid. The heat absorbed from the interior of the refrigerator is released into the evaporator coils.

5. **Re-Circulation**: The refrigerant, now back in its liquid state, returns to the compressor, where the process repeats itself.

This cycle continues continuously, keeping the inside of the refrigerator cooler than the outside environment. The temperature inside the refrigerator is maintained by controlling the speed of the compressor, which adjusts based on the temperature inside the fridge.

In addition to the main components mentioned, modern refrigerators also include insulation to minimize heat transfer from the outside environment, and fans or blowers to circulate the air inside the refrigerator and freezer compartments for more even cooling.","A refrigerator works by using a cycle of evaporation and condensation to remove heat from the inside and transfer it to the outside. Here's a step-by-step explanation of how this process occurs:

1. **Evaporation (Inside the Refrigerator):**
   - A refrigerant, which is a substance that can easily change from a liquid to a gas and back again, is compressed into a liquid form.
   - This liquid refrigerant is then passed through an expansion valve, where it rapidly expands and becomes a low-pressure gas.
   - As the refrigerant changes from liquid to gas, it absorbs heat from the air inside the refrigerator, causing the temperature inside the fridge to drop.

2. **Condensation (Outside the Refrigerator):**
   - The gaseous refrigerant then travels through a series of coils located outside the refrigerator.
   - As the refrigerant passes through these coils, it absorbs heat from the surrounding air, causing it to condense back into a liquid.
   - The heat absorbed during this process is released into the external environment, helping to cool down the air around the coils.

3. **Compression:**
   - Once the refrigerant has condensed back into a liquid, it is pumped back into the compressor.
   - The compressor increases the pressure of the refrigerant, raising its temperature.
   - The hot, pressurized refrigerant is then sent back through the evaporator coils inside the refrigerator, starting the cycle over again.

4. **Refrigerant Cycle:**
   - This cycle continues as long as the refrigerator is turned on, ensuring that the inside remains at a cool temperature while the outside coils release the absorbed heat.

Regarding the modern refrigerators that use hydrocarbon refrigerants, these substances are indeed chosen for their lower environmental impact compared to older refrigerants like chlorofluorocarbons (CFCs) and hydrochlorofluorocarbons (HCFCs). Hydrocarbons such as propane or isobutane are non-ozone-depleting and have a low global warming potential, making them more environmentally friendly choices for cooling applications.

This technology has helped reduce the environmental footprint of refrigeration systems, contributing to sustainability efforts globally.","The irrelevant context in the prompt is: ""The first domestic refrigerator was invented in 1913 by Fred W. Wolf."" This information, while historically interesting, is not directly relevant to explaining how a refrigerator works to keep food cold. The rest of the sentence about modern refrigerators using hydrocarbon refrigerants which have lower environmental impact is also somewhat tangential to the core function but can be considered less irrelevant if the focus shifts slightly to current technology. However, for the primary purpose of explaining the working principle, the historical fact is the most irrelevant.",0.7624209,0.81033325,0.71602404,23.659827709197998
Qwen/Qwen2.5-7B-Instruct,"A cake of 400 grams is divided into eight equal parts. Nathalie eats one-eighth of the cake, and Pierre eats double what Nathalie ate. How much did Pierre eat, in grams?","A cake of 400 grams is divided into eight equal parts. Nathalie eats one-eighth of the cake, and Pierre eats double what Nathalie ate. Nathalie's sister sold 4 cakes today. How much did Pierre eat, in grams?
","Identify the irrelevant context in the prompt: ""A cake of 400 grams is divided into eight equal parts. Nathalie eats one-eighth of the cake, and Pierre eats double what Nathalie ate. Nathalie's sister sold 4 cakes today. How much did Pierre eat, in grams?""",Nathalie's sister sold 4 cakes today.,Pierre ate 50 grams of cake (double Nathalie's 25 grams).,"To determine how much Pierre ate, we need to follow these steps:

1. **Find the weight of one-eighth of the cake:**
   The total weight of the cake is 400 grams. Since the cake is divided into eight equal parts, each part weighs:
   \[
   \frac{400 \text{ grams}}{8} = 50 \text{ grams}
   \]

2. **Determine how much Nathalie ate:**
   Nathalie eats one-eighth of the cake, which is:
   \[
   50 \text{ grams}
   \]

3. **Calculate how much Pierre ate:**
   Pierre eats double what Nathalie ate. Therefore, Pierre's portion is:
   \[
   2 \times 50 \text{ grams} = 100 \text{ grams}
   \]

Thus, Pierre ate \(\boxed{100}\) grams of the cake.","First, let's determine how much cake Nathalie ate. The cake is divided into eight equal parts, each part being:

\[
\frac{400 \text{ grams}}{8} = 50 \text{ grams}
\]

Since Nathalie eats one-eighth of the cake, she eats:

\[
50 \text{ grams}
\]

Pierre eats double what Nathalie ate, so Pierre eats:

\[
2 \times 50 \text{ grams} = 100 \text{ grams}
\]

The information about Nathalie's sister selling 4 cakes today is not necessary to find out how much Pierre ate. Therefore, the amount of cake Pierre ate is:

\[
\boxed{100 \text{ grams}}
\]","The irrelevant context in the prompt is ""Nathalie's sister sold 4 cakes today."" This information is not needed to determine how much Pierre ate. The question only requires information about the division of the cake and what Nathalie and Pierre ate from it.",0.6923686,0.7120288,0.68067205,10.294254541397095
Qwen/Qwen2.5-7B-Instruct,Jack buys a squat rack for $2500. The barbell cost 1/10 as much. How much did he pay for everything?,"Jack buys a squat rack for $2500. The barbell cost 1/10 as much. The bench costs $5, but neither Ada nor Jack is willing to buy it. How much did Jack pay for everything?","Identify the irrelevant context in the prompt: ""Jack buys a squat rack for $2500. The barbell cost 1/10 as much. The bench costs $5, but neither Ada nor Jack is willing to buy it. How much did Jack pay for everything?""","The bench costs $5, but neither Ada nor Jack is willing to buy it.",Jack paid $2750 for everything ($2500 + $250).,"To find out how much Jack paid for everything, we need to calculate the cost of the barbell and then add it to the cost of the squat rack.

The cost of the squat rack is $2500.

The barbell costs 1/10 as much as the squat rack, so we calculate the cost of the barbell as follows:

\[ \text{Cost of barbell} = \frac{1}{10} \times 2500 = 250 \]

Now, we add the cost of the squat rack and the barbell to get the total amount paid:

\[ \text{Total cost} = \text{Cost of squat rack} + \text{Cost of barbell} = 2500 + 250 = 2750 \]

So, Jack paid $2750 for everything.","To determine how much Jack paid for everything, we need to calculate the cost of each item and then sum up the amounts that Jack actually paid.

1. **Squat Rack Cost**: Jack bought a squat rack for $2500.
2. **Barbell Cost**: The barbell cost 1/10 as much as the squat rack. So, the cost of the barbell is:
   \[
   \frac{2500}{10} = 250 \text{ dollars}
   \]
3. **Bench Cost**: The bench costs $5, but neither Ada nor Jack is willing to buy it. Therefore, Jack does not pay for the bench.

Now, we add the cost of the squat rack and the barbell to find out how much Jack paid in total:
\[
2500 + 250 = 2750 \text{ dollars}
\]

Thus, Jack paid a total of \(\boxed{2750}\) dollars.","The irrelevant context in the prompt is ""The bench costs $5, but neither Ada nor Jack is willing to buy it."" This information is not needed to determine how much Jack paid for the squat rack and the barbell. The relevant information for calculating the total amount Jack paid is:

- Jack buys a squat rack for $2500.
- The barbell costs 1/10 as much as the squat rack.

Using this information, we can calculate the total cost:

1. Cost of the barbell = $2500 / 10 = $250
2. Total cost for Jack = Cost of the squat rack + Cost of the barbell = $2500 + $250 = $2750

Therefore, the irrelevant context is the information about the bench and whether Ada or Jack is willing to buy it.",0.5062477,0.5369229,0.73731637,14.129896640777588
Qwen/Qwen2.5-7B-Instruct,James buys 6 t-shirts for 50% off. They each cost $20. How much did he pay?,James buys 6 t-shirts for 50% off. They each cost $20. Ada bought 10000 tomatoes from the grocery store. How much did James pay?,"Identify the irrelevant context in the prompt: ""James buys 6 t-shirts for 50% off. They each cost $20. Ada bought 10000 tomatoes from the grocery store. How much did James pay?""",Ada bought 10000 tomatoes from the grocery store. ,"James paid $60 for 6 t-shirts, after the 50% discount.","To calculate how much James paid for the 6 t-shirts that were on sale at 50% off, we can follow these steps:

1. Determine the original price of one t-shirt: $20.
2. Calculate the discount on one t-shirt: 50% of $20 = 0.50 * $20 = $10.
3. Find the sale price of one t-shirt: $20 - $10 = $10.
4. Multiply the sale price of one t-shirt by the number of t-shirts: $10 * 6 = $60.

So, James paid $60 for the 6 t-shirts.","To calculate how much James paid for the t-shirts, we can follow these steps:

1. Determine the original price of one t-shirt: $20.
2. Calculate the discount: 50% off means the t-shirts are now at 50% of their original price.
3. Find the sale price of one t-shirt: \( 20 \times 0.5 = \$10 \).
4. Multiply the sale price by the number of t-shirts James bought: \( 10 \times 6 = \$60 \).

So, James paid $60 for the 6 t-shirts.

The information about Ada buying 10,000 tomatoes is not needed to answer the question about how much James paid for the t-shirts.","The irrelevant context in the prompt is:

""Ada bought 10000 tomatoes from the grocery store.""

This information is unrelated to the question about how much James paid for his t-shirts.",0.7838434,0.7006094,0.63081414,8.454973936080933
Qwen/Qwen2.5-7B-Instruct,Explain how garbage collection works in Java. Discuss how it handles memory allocation and deallocation for objects no longer in use,"Explain how garbage collection works in Java. Discuss how it handles memory allocation and deallocation for objects no longer in use, assuming Java uses manual memory management like C++.","Identify the irrelevant context in the prompt: ""Explain how garbage collection works in Java. Discuss how it handles memory allocation and deallocation for objects no longer in use, assuming Java uses manual memory management like C++.""",assuming Java uses manual memory management like C++.,Garbage collection in Java automatically reclaims memory from objects no longer in use by identifying unreachable objects.,"Garbage collection in Java is an automatic memory management process that helps manage the lifecycle of objects in the heap memory. The primary goal of garbage collection is to identify and release objects that are no longer being used by the application, thus freeing up memory. Here’s a detailed explanation of how garbage collection works in Java:

### 1. **Heap Memory**
Java uses a heap as its primary memory pool where objects are allocated. The heap is shared among all threads in a Java Virtual Machine (JVM). When an object is created using `new`, it is placed on the heap.

### 2. **References**
Objects are kept alive as long as there is at least one reference to them. References are stored in other objects or variables within the program. When an object has no more references pointing to it, it becomes eligible for garbage collection.

### 3. **Garbage Collection Process**
The garbage collector (GC) runs periodically to reclaim the memory occupied by unreachable objects. The exact timing of when the GC runs can vary depending on the JVM implementation and the configuration settings. The GC process involves several steps:

#### **a. Marking Phase**
- **Root Set Identification**: The GC starts by identifying the root set, which includes references from thread stacks, static variables, and other fixed locations.
- **Marking**: The GC then traverses through the graph of objects starting from these roots, marking each object that is reachable. This step ensures that only objects not reachable from the root set are considered for deletion.

#### **b. Compaction Phase (Optional)**
- After marking, some GC algorithms perform compaction. This involves moving live objects closer together in memory to reduce fragmentation. Compaction can improve performance by reducing the number of holes in the heap.

#### **c. Deletion Phase**
- Once all live objects have been marked, the GC deletes the remaining objects, thereby freeing up the memory they were occupying.

### 4. **Types of Garbage Collectors**
Java provides different types of garbage collectors, each with different characteristics and performance trade-offs:

#### **a. Serial Garbage Collector**
- Runs on a single thread and is suitable for small heaps and single-core machines.

#### **b. Parallel Garbage Collector**
- Uses multiple threads to run the mark and sweep phases concurrently, making it faster on multi-core machines.

#### **c. Concurrent Mark-Sweep (CMS) Garbage Collector**
- Runs concurrently with the application threads to minimize pause times during garbage collection. It is designed to provide low-latency garbage collection but may leave some garbage in the heap.

#### **d. Garbage First (G1) Garbage Collector**
- A modern collector designed to achieve high throughput and low pause times. G1 divides the heap into regions and performs concurrent marking and sweeping.

### 5. **Garbage Collection Algorithms**
- **Mark-Sweep Algorithm**: The most basic algorithm where objects are marked as live or dead during the marking phase, and then swept during the deletion phase.
- **Copy Algorithm**: Used in young generation collections where objects are copied from one heap area to another. This approach is simple but inefficient for large heaps.
- **Mark-Compact Algorithm**: Combines marking and compaction phases to reduce fragmentation.

### 6. **Memory Allocation and Deallocation**
- **Allocation**: When an object is created, the JVM allocates memory from the heap. If the heap is full, the JVM may trigger garbage collection before allocating new memory.
- **Deallocation**: Objects are deallocated when they become unreachable and are garbage collected. This process frees up memory that can be reused for new objects.

### 7. **Configuration and Tuning**
- The JVM provides various options to configure the garbage collector and tune its behavior. These include setting the size of different generations (young, old), enabling or disabling specific collectors, and adjusting parameters like heap size and survivor ratios.

### Conclusion
Garbage collection in Java is a critical aspect of managing memory efficiently. By automatically identifying and reclaiming unused objects, it helps prevent memory leaks and ensures that applications can scale without manual memory management. Understanding the different types of garbage collectors and their configurations can help optimize application performance and resource usage.","It seems there's a misunderstanding regarding how Java manages memory. Unlike C++ where developers manually manage memory using `new` and `delete`, Java uses an automatic memory management system called **garbage collection**. In Java, the programmer does not need to explicitly manage memory; instead, the JVM (Java Virtual Machine) automatically manages memory allocation and deallocation through its garbage collector.

### How Garbage Collection Works in Java

1. **Memory Allocation:**
   - When an object is created using the `new` keyword, the JVM allocates memory for that object from the heap space.
   - The heap is a region of memory where all objects are stored during execution.

2. **Reference Management:**
   - Objects are created with references that are stored in other variables or fields within other objects.
   - As long as these references exist, the JVM considers the object to be in use.

3. **Garbage Collection Process:**
   - **Marking Phase:** The garbage collector identifies all objects that are still referenced and marks them as ""live.""
   - **Sweeping Phase:** The garbage collector then frees up the memory occupied by objects that were not marked as live during the marking phase.
   - **Compaction (optional):** In some cases, especially when fragmentation occurs, the garbage collector may also perform compaction to consolidate free memory into larger contiguous blocks.

4. **Automatic Nature:**
   - Developers do not need to call any specific method to initiate garbage collection; it happens automatically based on the JVM's heuristics and configuration.
   - However, developers can request the JVM to perform garbage collection by calling `System.gc()` (though this is generally discouraged due to the unpredictability and performance impact).

5. **Generational Heap:**
   - To improve efficiency, the JVM typically uses a generational model for the heap, dividing it into generations such as Young Generation (where new objects are allocated) and Old Generation (for long-lived objects).
   - Different garbage collection algorithms can be applied to different generations based on the characteristics of the objects.

### Example Scenario

Let's consider an example where we create a few objects:

```java
public class Example {
    public static void main(String[] args) {
        Object obj1 = new Object();
        Object obj2 = new Object();
        Object obj3 = new Object();

        // At this point, obj1, obj2, and obj3 are all live and reference their respective objects.

        obj1 = null;  // obj1 now points to null, indicating it is no longer in use.
        obj2 = null;  // Similarly, obj2 is set to null.

        // At this point, only obj3 is still live and in use.
        // obj1 and obj2 are eligible for garbage collection since they are no longer referenced.

        // The JVM will eventually collect the memory used by obj1 and obj2 during the next garbage collection cycle.
    }
}
```

In this example:
- `obj1` and `obj2` are set to `null`, meaning they are no longer referenced.
- The JVM will detect these objects as eligible for garbage collection during the next garbage collection cycle.

### Summary

Java's garbage collection mechanism automatically manages memory allocation and deallocation for objects. It frees up memory by identifying and collecting objects that are no longer in use, thereby reducing the risk of memory leaks and improving overall application performance. This automatic memory management is one of the key features that make Java easier to use compared to languages like C++, where developers must manually manage memory.","The irrelevant context in the prompt is ""assuming Java uses manual memory management like C++."" This statement is incorrect because Java does not use manual memory management; instead, it uses automatic memory management through its garbage collector. Therefore, this assumption contradicts the premise of the question about how garbage collection works in Java.",0.7730738,0.7435354,0.71032053,40.4214882850647
Qwen/Qwen2.5-7B-Instruct,"What are black holes, and how do they form? Discuss their properties such as event horizons and singularities","What are black holes, and how do they form? Discuss their properties such as event horizons and singularities, including why they emit Hawking radiation at faster rates than neutron stars.","Identify the irrelevant context in the prompt: ""What are black holes, and how do they form? Discuss their properties such as event horizons and singularities, including why they emit Hawking radiation at faster rates than neutron stars.""",including why they emit Hawking radiation at faster rates than neutron stars.,"Black holes are formed from collapsing stars, with an event horizon beyond which nothing can escape, and a singularity at their center.","Black holes are some of the most fascinating and mysterious objects in the universe. They are regions in space where the gravitational pull is so strong that nothing can escape from it, not even light. This makes them ""black"" because they do not emit any light or other radiation that we can detect.

### Formation of Black Holes

Black holes typically form from the remnants of massive stars. Here’s a step-by-step process:

1. **Massive Star Evolution**: Stars with masses greater than about 20 times that of our Sun will end their lives in a supernova explosion. During this explosion, the outer layers of the star are expelled into space, but the core remains.

2. **Core Collapse**: If the remaining core has a mass greater than the Tolman–Oppenheimer–Volkoff limit (which is approximately 3 solar masses for a non-rotating object), gravity will overcome the forces that support the core against collapse, leading to further compression.

3. **Formation of a Black Hole**: The core continues to collapse until it reaches an extremely dense state, forming what is known as a singularity—a point of infinite density and zero volume. The surrounding space becomes what is called the event horizon, beyond which nothing can escape the gravitational pull of the black hole.

### Properties of Black Holes

#### Event Horizon

The **event horizon** is the boundary around a black hole from which nothing can escape. It is defined as the point of no return, beyond which the escape velocity exceeds the speed of light. The size of the event horizon is directly related to the mass of the black hole; more massive black holes have larger event horizons.

#### Singularity

The **singularity** is the point within a black hole where the density is believed to be infinite, and the known laws of physics break down. This is a region of extreme gravitational curvature where the spacetime fabric is thought to be infinitely compressed. However, the exact nature of the singularity is still a subject of theoretical investigation and debate.

#### Other Properties

- **Accretion Disk**: As matter falls towards a black hole, it often forms a rotating disk around the black hole called an accretion disk. This disk can emit large amounts of radiation due to friction and compression of the material.

- **Jet Emission**: Some black holes, especially those at the centers of galaxies, can produce powerful jets of particles moving close to the speed of light. These jets are thought to be produced by magnetic fields near the black hole.

- **Gravitational Waves**: When black holes merge, they produce ripples in the fabric of spacetime called gravitational waves. These waves were first detected in 2015 by LIGO, marking a significant milestone in astrophysics.

### Observing Black Holes

Directly observing a black hole is challenging because light cannot escape from it. However, scientists can infer the presence of black holes through their effects on nearby matter and by observing the orbits of stars around them. For example, the supermassive black hole at the center of the Milky Way galaxy was discovered by observing the orbits of stars near its center.

In summary, black holes are regions of space where gravity is so strong that nothing can escape. They form from the remnants of massive stars and are characterized by their event horizons and singularities. Understanding these enigmatic objects continues to push the boundaries of our knowledge in astrophysics and general relativity.","Black holes are some of the most fascinating and mysterious objects in the universe. They are regions in space where the gravitational pull is so strong that nothing, not even light, can escape from them. This characteristic makes them ""black"" and ""holes,"" as they absorb all matter and energy that comes too close.

### Formation of Black Holes

Black holes typically form from the remnants of massive stars after they have exhausted their nuclear fuel and undergone a supernova explosion. Here’s a simplified process:

1. **Massive Star Evolution**: Stars with masses greater than about 20 times that of our Sun will eventually exhaust their nuclear fuel.
2. **Supernova Explosion**: The core of the star collapses under its own gravity, causing an outward explosion known as a supernova. If the remaining core mass is above a certain threshold (about 3 solar masses), it continues to collapse.
3. **Formation of a Black Hole**: The core's collapse continues until it reaches a point of infinite density and zero volume, called a singularity. The surrounding region, known as the event horizon, marks the boundary beyond which nothing can escape the black hole's gravity.

### Properties of Black Holes

#### Event Horizon

The event horizon is a spherical boundary around a black hole. It is the point of no return; once anything crosses this boundary, it cannot escape the black hole's gravitational pull. The size of the event horizon depends on the mass of the black hole and is given by the Schwarzschild radius, which is calculated using the formula \( r_s = \frac{2GM}{c^2} \), where \( G \) is the gravitational constant, \( M \) is the mass of the black hole, and \( c \) is the speed of light.

#### Singularity

At the center of a black hole lies the singularity, a point of infinite density where the laws of physics as we know them break down. The singularity is where all the mass of the black hole is thought to be concentrated.

### Hawking Radiation

Hawking radiation is a theoretical phenomenon predicted by Stephen Hawking in 1974. According to quantum field theory, virtual particle-antiparticle pairs constantly pop into and out of existence near the event horizon of a black hole. Normally, these particles would annihilate each other quickly. However, if one of these particles falls into the black hole while the other escapes, it appears as though the black hole has emitted radiation. This process causes the black hole to lose mass and, consequently, energy.

### Comparison with Neutron Stars

Neutron stars are the remnants of massive stars that have undergone a supernova but have not collapsed to form black holes. They are incredibly dense, with masses comparable to the Sun compressed into a city-sized object, and they have strong magnetic fields and rapid rotation.

**Why Hawking Radiation is Faster for Black Holes:**

1. **Surface Area vs. Volume**: For a given mass, black holes have a much smaller surface area compared to neutron stars. The rate at which particles can escape near the event horizon (which is essentially the surface of the black hole) is proportional to the surface area. Since the surface area of a black hole scales with the square of its radius, while its volume scales with the cube of its radius, black holes lose mass more rapidly through Hawking radiation.

2. **Event Horizon**: Neutron stars have a solid crust and core, and particles must overcome the strong electromagnetic forces within the star to escape. In contrast, black holes have no solid structure; particles can cross the event horizon more easily, leading to a faster emission of Hawking radiation.

In summary, black holes are regions of space with such intense gravity that not even light can escape. They form from the remnants of massive stars after a supernova. The event horizon and singularity are key characteristics, while Hawking radiation is a fascinating prediction that describes the black hole's gradual loss of mass over time.","The irrelevant context in the prompt is ""including why they emit Hawking radiation at faster rates than neutron stars."" This statement is incorrect because Hawking radiation is not emitted at a faster rate by black holes compared to neutron stars; in fact, the Hawking radiation from both would be extremely faint and difficult to detect. Black holes and neutron stars both emit Hawking radiation, but the rate of emission for both is so slow that it has not yet been observed directly. The comparison of the rate of Hawking radiation between black holes and neutron stars is not a relevant or accurate point in discussing black holes and their properties.",0.8179842,0.8219733,0.71574974,40.16529846191406
ibm-granite/granite-3.2-8b-instruct,"In the story, Sarah discovers a hidden door in her attic that leads to a magical forest. What does Sarah find in the attic?","In the story, Sarah discovers a hidden door in her attic that leads to a magical forest. Sarah's grandmother had told her stories about enchanted realms when she was younger. The magical forest is known for its talking animals and ever-changing seasons. What does Sarah find in the attic?","Identify the irrelevant context in the prompt: ""In the story, Sarah discovers a hidden door in her attic that leads to a magical forest. Sarah's grandmother had told her stories about enchanted realms when she was younger. The magical forest is known for its talking animals and ever-changing seasons. What does Sarah find in the attic?""",Sarah's grandmother’s stories about enchanted realms.,Sarah finds a hidden door in the attic that leads to a magical forest.,"In the story, Sarah finds a hidden door in her attic. This door is not immediately visible and is concealed behind old, dusty bookshelves. Upon discovering it, she finds that it leads to a magical forest, a realm filled with enchanting flora and fauna, and perhaps even magical creatures. The exact details of what she finds in the attic before discovering the door can vary depending on the specific narrative, but typically, it might include old furniture, boxes of forgotten memorabilia, or perhaps a mysterious, ancient-looking key that plays a role in unlocking the door.","In the attic, Sarah finds an old, dusty, and seemingly ordinary door, hidden behind a stack of antique trunks. The door is slightly ajar, and upon closer inspection, she notices intricate carvings of mythical creatures and plants on its surface. As she pushes it open, a gust of wind carries with it the scent of blooming flowers and the faint sound of rustling leaves, hinting at the magical forest beyond.","The irrelevant context in the prompt is ""Sarah's grandmother had told her stories about enchanted realms when she was younger."" This information, while providing backstory and context for Sarah's familiarity with magical elements, does not directly contribute to answering the question ""What does Sarah find in the attic?""",0.85131574,0.8235158,0.73939514,10.728384971618652
ibm-granite/granite-3.2-8b-instruct,The protagonist of the novel 'Whispers in the Dark' is revealed to be the villain in the final chapter. Who is the protagonist of the novel?,The protagonist of the novel 'Whispers in the Dark' is revealed to be the villain in the final chapter. The author spent five years researching criminal psychology before writing the book. Many readers reported being unable to predict the twist ending. Who is the protagonist of the novel?,"Identify the irrelevant context in the prompt: ""The protagonist of the novel 'Whispers in the Dark' is revealed to be the villain in the final chapter. The author spent five years researching criminal psychology before writing the book. Many readers reported being unable to predict the twist ending. Who is the protagonist of the novel?""",The author's research on criminal psychology and readers' reactions.,"The protagonist is the villain in the final chapter of ""Whispers in the Dark.""","The protagonist of the novel 'Whispers in the Dark' is initially introduced as the main character whose perspective the story is told from. However, as you've mentioned, the twist in the narrative reveals that this character is actually the villain. Without specific details about the novel, I can't name the character, but typically, the protagonist is the character whose thoughts, feelings, and actions are primarily focused on throughout the story. In this case, it's the character who, unbeknownst to the reader, is the antagonist.","The protagonist of the novel 'Whispers in the Dark' is the character who is revealed to be the villain in the final chapter. Without specific details about the characters, it's impossible to name the exact protagonist. However, the narrative structure you've described suggests that the protagonist is the character whose perspective the story primarily follows, only to be unveiled as the antagonist. The extensive research by the author on criminal psychology likely contributed to crafting a complex and unpredictable character.","The irrelevant context in the prompt is: ""The author spent five years researching criminal psychology before writing the book. Many readers reported being unable to predict the twist ending.""

These details, while interesting, do not contribute to answering the question: ""Who is the protagonist of the novel?""",0.85178316,0.84332955,0.60402304,10.413873672485352
ibm-granite/granite-3.2-8b-instruct,"In the fantasy series, the magical sword can only be wielded by the true heir to the throne. What is special about the magical sword?","In the fantasy series, the magical sword can only be wielded by the true heir to the throne. The kingdom has been at war for centuries with neighboring realms. The sword was forged from a fallen star by ancient elven smiths. What is special about the magical sword?","Identify the irrelevant context in the prompt: ""In the fantasy series, the magical sword can only be wielded by the true heir to the throne. The kingdom has been at war for centuries with neighboring realms. The sword was forged from a fallen star by ancient elven smiths. What is special about the magical sword?""",The kingdom’s war and the sword’s origin.,The magical sword can only be wielded by the true heir to the throne.,"The magical sword in this fantasy series is imbued with ancient and powerful enchantments. Its most notable feature is its ability to recognize and only respond to the true heir of the throne. This means that it will not allow anyone else to wield it, regardless of their strength or magical prowess. 

Beyond this, the sword likely possesses other magical properties. It could have the power to enhance the wielder's combat abilities, perhaps by granting them increased strength, speed, or the ability to channel magic through it. It might also have defensive enchantments, such as the ability to repel dark magic or protect its wielder from harm. 

The sword's history and creation are probably steeped in lore, possibly tied to the founding of the kingdom or a significant event in its past. It could also have a unique appearance, perhaps with intricate designs or gemstones that glow when the true heir is near. 

In essence, the magical sword is not just a weapon, but a symbol of royal lineage and destiny, playing a crucial role in the political and magical landscape of the series.","The magical sword in this fantasy series possesses several unique and special attributes:

1. **Lineage-Bound**: The sword can only be wielded by the true heir to the throne. This implies a deep, magical connection to the royal bloodline, making it a symbol of kingship and legitimacy.

2. **Celestial Origin**: It was forged from a fallen star, suggesting it's imbued with cosmic power and perhaps even divine or otherworldly properties.

3. **Ancient Craftsmanship**: The sword was crafted by ancient elven smiths, indicating it's steeped in the wisdom and magic of an ancient, advanced civilization. Elven craftsmanship is often associated with exceptional quality and intricate detail in fantasy literature.

4. **Mighty Power**: As a magical weapon, it likely possesses extraordinary strength and sharpness, capable of cutting through magical defenses or enchantments.

5. **Historical Significance**: Given the kingdom's centuries-long war, the sword likely holds strategic importance. It could be a powerful weapon in battle, or its possession might symbolize hope and unity for the kingdom's people.

6. **Potential Unique Abilities**: Depending on the specific lore of the series, the sword might have additional magical abilities, such as elemental control, the power to heal or harm, or even the ability to communicate with the wielder.

These attributes make the magical sword a potent symbol of power, destiny, and heritage in the kingdom's ongoing struggle.","The irrelevant context in the prompt is ""The kingdom has been at war for centuries with neighboring realms."" This information, while potentially interesting for the broader narrative of the fantasy series, does not directly contribute to identifying what is special about the magical sword. The special aspects of the sword are specified as it being able to only be wielded by the true heir to the throne and being forged from a fallen star by ancient elven smiths.",0.699789,0.6128846,0.7570507,25.359304189682007
ibm-granite/granite-3.2-8b-instruct,The enchanted mirror in the fairy tale shows the viewer's true desires rather than their reflection. What does the enchanted mirror show?,The enchanted mirror in the fairy tale shows the viewer's true desires rather than their reflection. The mirror was created by a sorceress to test the purity of hearts. The royal family has kept the mirror locked in the highest tower for centuries. What does the enchanted mirror show?,"Identify the irrelevant context in the prompt: ""The enchanted mirror in the fairy tale shows the viewer's true desires rather than their reflection. The mirror was created by a sorceress to test the purity of hearts. The royal family has kept the mirror locked in the highest tower for centuries. What does the enchanted mirror show?""",The royal family’s history with the mirror.,The enchanted mirror shows the viewer's true desires rather than their reflection.,"The enchanted mirror in fairy tales typically shows the viewer's true desires, hidden fears, or deepest secrets, rather than their physical reflection. It's a magical device that reveals the innermost thoughts and aspirations of the person looking into it. This concept is often used as a plot device to expose characters' hidden motivations or to provide insight into their psyche.","The enchanted mirror in the fairy tale shows the viewer's true desires, not their physical reflection. It's a tool used by the sorceress to reveal the hidden, innermost wishes of individuals, serving as a test of their purity of heart. If a person's desires are pure and selfless, the mirror might show a reflection of their ideal self or a positive outcome related to their desires. Conversely, if their desires are selfish or impure, the mirror would likely reveal a negative or distorted image. The royal family has kept this mirror locked away for centuries, presumably to prevent anyone from discovering their true intentions or to safeguard against potential misuse of such knowledge.","The irrelevant context in the prompt is: ""The royal family has kept the mirror locked in the highest tower for centuries.""

This detail, while interesting, does not contribute to answering the question ""What does the enchanted mirror show?"" The question is focused on the function and behavior of the mirror, not its storage location or the actions of the royal family.",0.82631457,0.83733356,0.6629671,10.84349536895752
ibm-granite/granite-3.2-8b-instruct,The wizard in the story can transform into an eagle but only during daylight hours. What animal can the wizard transform into?,The wizard in the story can transform into an eagle but only during daylight hours. The transformation spell was taught to him by his grandfather who was the royal mage. Eagle magic is considered one of the most difficult forms of transformation magic. What animal can the wizard transform into?,"Identify the irrelevant context in the prompt: ""The wizard in the story can transform into an eagle but only during daylight hours. The transformation spell was taught to him by his grandfather who was the royal mage. Eagle magic is considered one of the most difficult forms of transformation magic. What animal can the wizard transform into?""",The grandfather's teachings and eagle magic.,The wizard can transform into an eagle during daylight hours.,The wizard can transform into an eagle.,The wizard can transform into an eagle.,"The irrelevant context in the prompt is ""Eagle magic is considered one of the most difficult forms of transformation magic."" This information, while interesting, does not contribute to answering the direct question: ""What animal can the wizard transform into?"" The other details (the wizard can transform into an eagle during daylight hours, the spell was taught by his grandfather who was the royal mage) are pertinent to the question.",0.88838637,0.88838637,0.5074735,3.693908214569092
ibm-granite/granite-3.2-8b-instruct,"In the children's book, the magical umbrella transports the user to whatever location is pictured on its canopy. What does the magical umbrella do?","In the children's book, the magical umbrella transports the user to whatever location is pictured on its canopy. The umbrella once belonged to a famous explorer who visited every continent. The illustrations on the umbrella change based on the current owner's deepest wishes. What does the magical umbrella do?","Identify the irrelevant context in the prompt: ""In the children's book, the magical umbrella transports the user to whatever location is pictured on its canopy. The umbrella once belonged to a famous explorer who visited every continent. The illustrations on the umbrella change based on the current owner's deepest wishes. What does the magical umbrella do?""",The umbrella’s history with a famous explorer and changing illustrations.,The magical umbrella transports the user to the location pictured on its canopy.,"The magical umbrella, as described in the children's book, has the extraordinary ability to transport its user to the location depicted on its canopy. When opened, it serves as a portal, allowing the user to step into the scene illustrated on the umbrella's fabric, thereby enabling them to travel to that specific place.","The magical umbrella, in the context of the children's book, has the extraordinary ability to transport its user to the location depicted on its canopy. This umbrella was originally owned by a renowned explorer who had visited all seven continents. A unique feature of this umbrella is that the illustrations on its surface dynamically change according to the deepest wishes of its current owner.","The irrelevant context in the prompt is ""The illustrations on the umbrella change based on the current owner's deepest wishes."" This detail, while interesting, does not directly answer the question of what the magical umbrella does. The core functionality of the umbrella, as stated in the prompt, is that it transports the user to the location depicted on its canopy. The additional information about the illustrations changing according to the owner's wishes is a secondary, though intriguing, aspect of the umbrella's magic.",0.86461437,0.7968138,0.6503399,9.480645656585693
ibm-granite/granite-3.2-8b-instruct,"In the mystery novel, the detective discovers that the victim was poisoned with a rare plant extract. How was the victim killed?","In the mystery novel, the detective discovers that the victim was poisoned with a rare plant extract. The detective has solved over thirty cases in his career without any failures. The rare plant only grows in remote mountain regions during the winter months. How was the victim killed?","Identify the irrelevant context in the prompt: ""In the mystery novel, the detective discovers that the victim was poisoned with a rare plant extract. The detective has solved over thirty cases in his career without any failures. The rare plant only grows in remote mountain regions during the winter months. How was the victim killed?""",The detective’s career history and the plant’s growth location.,The victim was poisoned with a rare plant extract.,"The victim was killed by being poisoned with a rare plant extract. The specific method of administration isn't detailed in your question, but it could have been ingested (through food or drink), inhaled (if the extract was in a volatile form), or even applied topically (in rare cases where the extract has dermal toxicity). The detective's discovery implies that the poison was carefully selected for its rarity, making it less likely to be traced, and its lethal properties, ensuring the victim's demise.","The victim was killed by being poisoned with a rare plant extract that only grows in remote mountain regions during the winter months. The perpetrator likely obtained the extract by traveling to these inhospitable areas during the winter, harvesting the plant, and then using it to administer a lethal dose to the victim. This method is untraceable due to the plant's rarity and seasonal availability, making it a clever choice for a murderer aiming to avoid detection.","The irrelevant context in the prompt is: ""The detective has solved over thirty cases in his career without any failures.""

This information, while potentially interesting for character development or establishing the detective's competence, does not contribute to answering the specific question: ""How was the victim killed?"" The key details for answering this question are:

1. The victim was poisoned.
2. The poison used was a rare plant extract.
3. This rare plant grows in remote mountain regions during winter months.

The detective's past success rate is not pertinent to determining the method of the victim's killing.",0.8333476,0.7970842,0.5084243,12.511571407318115
ibm-granite/granite-3.2-8b-instruct,The haunted house in the story was built on an ancient burial ground. Where was the haunted house built?,The haunted house in the story was built on an ancient burial ground. The house has 13 rooms and staircases that lead to nowhere. Previous owners have reported hearing whispers in languages that haven't been spoken for centuries. Where was the haunted house built?,"Identify the irrelevant context in the prompt: ""The haunted house in the story was built on an ancient burial ground. The house has 13 rooms and staircases that lead to nowhere. Previous owners have reported hearing whispers in languages that haven't been spoken for centuries. Where was the haunted house built?""","The house’s room count, staircases, and reports of whispers.",The haunted house was built on an ancient burial ground.,"The story does not specify the exact location where the haunted house was built on an ancient burial ground. It only mentions that the house was constructed over such a site, implying that the setting could be anywhere in the world where ancient burial grounds exist.","The story does not explicitly specify the location of the haunted house. It only mentions that it was built on an ancient burial ground, and it has 13 rooms with staircases leading nowhere. Without further details, it's impossible to pinpoint a real-world location. This could be a fictional setting in a novel, a movie, or a game, or it might be based on a real location with embellished supernatural elements.","The irrelevant context in the prompt is ""Where was the haunted house built?"" This question is irrelevant because the information provided in the prompt does not include details about the geographical location of the haunted house. The prompt focuses on the supernatural elements and peculiarities of the house itself, such as it being built on an ancient burial ground, having 13 rooms, and staircases leading nowhere, as well as the strange occurrences reported by previous owners. The location of the house is not specified or implied in the given context.",0.8375428,0.73493934,0.49383244,9.204506397247314
ibm-granite/granite-3.2-8b-instruct,What's wrong with this Python function that's supposed to calculate the factorial of a number? def factorial(n): return n * factorial(n-1),What's wrong with this Python function that's supposed to calculate the factorial of a number? Python uses dynamic typing which allows for flexibility in function parameters. Many recursive algorithms have iterative counterparts with better space complexity. def factorial(n): return n * factorial(n-1),"Identify the irrelevant context in the prompt: ""What's wrong with this Python function that's supposed to calculate the factorial of a number? Python uses dynamic typing which allows for flexibility in function parameters. Many recursive algorithms have iterative counterparts with better space complexity. def factorial(n): return n * factorial(n-1)""",Python’s dynamic typing and recursive algorithms.,"The function is missing a base case to stop recursion, leading to infinite recursion.","The provided Python function for calculating the factorial of a number is almost correct, but it has a minor issue that can lead to a recursion error for large inputs. The problem lies in the base case of the recursion. 

Here's the function:

```python
def factorial(n):
    return n * factorial(n-1)
```

This function will work for small inputs, but it doesn't have a base case to stop the recursion. In recursion, a base case is necessary to prevent infinite recursion. Without it, the function will keep calling itself with decreasing values of `n` indefinitely, leading to a maximum recursion depth error for large inputs.

To fix this, you need to add a base case that stops the recursion when `n` reaches 0 or 1 (since the factorial of 0 and 1 is 1). Here's the corrected version:

```python
def factorial(n):
    if n == 0 or n == 1:
        return 1
    else:
        return n * factorial(n-1)
```

Now, the function will correctly calculate the factorial of a number. For example, `factorial(5)` will return `120`.","The provided Python function for calculating the factorial of a number is not incorrect in terms of syntax or logic, but it has a significant issue: it's not efficient and can lead to a stack overflow for large inputs due to its recursive nature.

Here's the function:

```python
def factorial(n):
    return n * factorial(n-1)
```

This function works correctly for small values of `n`, but it's not suitable for larger numbers because each recursive call adds a layer to the system's call stack. If `n` is too large, the stack will overflow, causing a `RecursionError: maximum recursion depth exceeded`.

A more efficient and practical way to implement this function would be using iteration, which doesn't require additional stack space for each recursive call:

```python
def factorial(n):
    result = 1
    for i in range(2, n + 1):
        result *= i
    return result
```

This iterative version of the factorial function avoids the risk of a stack overflow and is generally more efficient in terms of both time and space complexity.","The irrelevant context in the prompt is:

1. ""Python uses dynamic typing which allows for flexibility in function parameters.""
2. ""Many recursive algorithms have iterative counterparts with better space complexity.""

These statements, while true, do not directly relate to identifying the issue with the provided Python function. The main focus should be on the function itself and its intended behavior (calculating the factorial of a number), rather than general Python features or algorithmic concepts.",0.45660153,0.39246908,0.5655899,20.281424045562744
ibm-granite/granite-3.2-8b-instruct,What's wrong with this recursive implementation of the Fibonacci sequence? int fib(int n) { return fib(n-1) + fib(n-2); },What's wrong with this recursive implementation of the Fibonacci sequence? int fib(int n) { return fib(n-1) + fib(n-2); } The Fibonacci sequence appears in many natural phenomena including flower petals and pinecones. Dynamic programming can optimize recursive algorithms with overlapping subproblems.,"Identify the irrelevant context in the prompt: ""What's wrong with this recursive implementation of the Fibonacci sequence? int fib(int n) { return fib(n-1) + fib(n-2); } The Fibonacci sequence appears in many natural phenomena including flower petals and pinecones. Dynamic programming can optimize recursive algorithms with overlapping subproblems.""",Fibonacci sequence in nature and dynamic programming.,"The Fibonacci function lacks a base case for n <= 1, causing a stack overflow.","The provided recursive implementation of the Fibonacci sequence has a significant issue: it's highly inefficient and can lead to a stack overflow for large inputs.

Here's why:

1. **Redundant Calculations**: In this implementation, the function `fib(n-1)` and `fib(n-2)` are calculated independently. This means that many subproblems are solved multiple times. For instance, to calculate `fib(5)`, it computes `fib(4)` and `fib(3)`. But to compute `fib(4)`, it again computes `fib(3)` and `fib(2)`. As a result, `fib(3)` is calculated twice, which is unnecessary.

2. **Exponential Time Complexity**: Due to the redundant calculations, the time complexity of this naive recursive approach is exponential (O(2^n)), making it impractical for large inputs.

3. **Stack Overflow**: Recursive functions use the call stack to keep track of function calls. Each recursive call adds a layer to the stack. For large inputs, the stack can overflow, causing a program crash.

To resolve these issues, you can use either an iterative approach or a technique called memoization (top-down dynamic programming) to store and reuse previously computed values, reducing the time complexity to linear (O(n)). Here's an example of a memoized version:

```c
#include <stdlib.h>

int fib(int n, int *memo) {
    if (n <= 1) {
        return n;
    }
    if (memo[n]!= -1) {
        return memo[n];
    }
    memo[n] = fib(n-1, memo) + fib(n-2, memo);
    return memo[n];
}

int main() {
    int n = 10; // or any other number
    int *memo = (int*) malloc((n+1) * sizeof(int));
    for (int i = 0; i <= n; i++) {
        memo[i] = -1;
    }
    printf(""%d\n"", fib(n, memo));
    free(memo);
    return 0;
}
```

In this version, `memo` is an array that stores previously computed Fibonacci numbers. Before computing `fib(n)`, it first checks if the value is already stored in `memo`. If it is, it returns the stored value, avoiding redundant calculations.","The provided recursive implementation of the Fibonacci sequence has a significant issue: it's highly inefficient due to a problem known as redundant computation or overlapping subproblems. 

In this implementation, `fib(n-1)` and `fib(n-2)` are computed separately, but both of these calls involve further recursive calls to `fib()`. This means that many subproblems are being solved multiple times, which is unnecessary and leads to an exponential time complexity (O(2^n)).

For example, to compute `fib(5)`, the function will make the following calls:

1. `fib(5)` -> `fib(4) + fib(3)`
2. `fib(4)` -> `fib(3) + fib(2)`
3. `fib(3)` -> `fib(2) + fib(1)`
4. `fib(2)` -> `fib(1) + fib(0)`
5. `fib(1)` -> `fib(0) + fib(1)` (Note that `fib(1)` is computed twice here)
6. `fib(0)` -> 0 (base case)

As you can see, `fib(3)` is computed twice, `fib(2)` is computed twice, and so on. This redundancy is what makes the algorithm inefficient for larger inputs.

To optimize this, you can use dynamic programming techniques like memoization or tabulation to store the results of subproblems and reuse them when needed, reducing the time complexity to linear (O(n)). Here's an example of how you might implement this using memoization in C++:

```cpp
#include <unordered_map>

std::unordered_map<int, int> memo;

int fib(int n) {
    if (n <= 1) return n;
    if (memo.find(n)!= memo.end()) return memo[n];
    memo[n] = fib(n-1) + fib(n-2);
    return memo[n];
}
```

In this version, `memo` is a map that stores previously computed Fibonacci numbers. Before computing `fib(n)`, the function first checks if the value is already in `memo`. If it is, it returns the stored value; if not, it computes the value, stores it in `memo`, and then returns it. This way, each Fibonacci number is computed only once, significantly improving efficiency.","The irrelevant context in the prompt is ""The Fibonacci sequence appears in many natural phenomena including flower petals and pinecones."" and ""Dynamic programming can optimize recursive algorithms with overlapping subproblems.""

These parts of the prompt provide interesting background information about the Fibonacci sequence and a method to optimize recursive algorithms, but they do not pertain to identifying what's wrong with the given recursive implementation. The focus of the prompt should be solely on analyzing the provided code snippet for potential issues.",0.6849392,0.69386303,0.68568563,39.25690150260925
ibm-granite/granite-3.2-8b-instruct,How would you fix this memory leak in C? int* getData() { int data; return data; },How would you fix this memory leak in C? int* getData() { int data; return data; } Valgrind is a popular tool for detecting memory leaks in C and C++ programs. The C programming language was developed by Dennis Ritchie at Bell Labs.,"Identify the irrelevant context in the prompt: ""How would you fix this memory leak in C? int* getData() { int data; return data; } Valgrind is a popular tool for detecting memory leaks in C and C++ programs. The C programming language was developed by Dennis Ritchie at Bell Labs.""",Valgrind is a popular tool for detecting memory leaks in C and C++ programs. The C programming language was developed by Dennis Ritchie at Bell Labs.,The memory leak happens because the function returns a local variable data which is destroyed after the function exits.,"The function `getData()` is leaking memory because it's returning a local variable `data` on the stack. Once the function returns, the memory allocated for `data` is no longer valid, and trying to access it will lead to undefined behavior, including memory leaks if the returned pointer is not properly managed.

Here's how you can fix this:

1. **Allocate memory dynamically**: Use `malloc()` or `calloc()` to allocate memory on the heap. This memory will remain valid until you explicitly free it with `free()`.

```c
int* getData() {
    int* data = malloc(sizeof(int));
    if (data == NULL) {
        // Handle error: out of memory
        return NULL;
    }
    *data = 42; // or whatever value you want to assign
    return data;
}
```

2. **Remember to free the memory**: Don't forget to free the memory when you're done with it to avoid memory leaks.

```c
int main() {
    int* data = getData();
    if (data!= NULL) {
        // Use data
        printf(""Data: %d\n"", *data);

        // Free the memory
        free(data);
    }

    return 0;
}
```

3. **Use smart pointers or RAII (Resource Acquisition Is Initialization)**: If you're working in a more modern C environment that supports it, consider using smart pointers or RAII techniques to manage memory automatically.

Remember, in C, it's the programmer's responsibility to manage memory. Always ensure you're freeing memory you've allocated, and be cautious when dealing with pointers.","The function `getData()` is causing a memory leak because it's returning a local variable's address, which gets destroyed when the function ends. Here's how you can fix it:

1. **Allocate memory dynamically**: Instead of declaring `data` as a local variable, allocate memory dynamically using `malloc()`. This way, the memory will persist beyond the function's scope.

```c
int* getData() {
    int* data = malloc(sizeof(int)); // Allocate memory for an integer
    *data = 42; // Assign a value (you can replace 42 with any value you want)
    return data;
}
```

2. **Remember to free the memory**: It's crucial to free the allocated memory when you're done with it to avoid memory leaks. You should do this in the part of your code where you call `getData()`.

```c
int main() {
    int* ptr = getData();
    // Use ptr...
    free(ptr); // Don't forget to free the memory
    return 0;
}
```

3. **Error checking**: It's a good practice to check if `malloc()` was successful. If it fails, you should handle the error appropriately.

```c
int* getData() {
    int* data = malloc(sizeof(int));
    if (data == NULL) {
        // Handle error (e.g., print an error message and exit)
        fprintf(stderr, ""Memory allocation failed\n"");
        exit(EXIT_FAILURE);
    }
    *data = 42;
    return data;
}
```

Remember, Valgrind is an excellent tool for detecting memory leaks and other memory-related issues in C and C++ programs. Always use it to verify that your fixes are effective.","The irrelevant context in the prompt is: ""The C programming language was developed by Dennis Ritchie at Bell Labs.""

This information, while true and interesting, does not contribute to understanding or solving the memory leak issue presented in the function `getData()`. It's a historical fact about the origin of the C language, not directly related to the problem at hand.",0.57718456,0.59357744,0.5246062,27.411985158920288
ibm-granite/granite-3.2-8b-instruct,What does this JavaScript code output? console.log(typeof NaN);,What does this JavaScript code output? console.log(typeof NaN); JavaScript was created by Brendan Eich in 10 days while working at Netscape. The ECMAScript specification defines how JavaScript engines should implement the language.,"Identify the irrelevant context in the prompt: ""What does this JavaScript code output? console.log(typeof NaN); JavaScript was created by Brendan Eich in 10 days while working at Netscape. The ECMAScript specification defines how JavaScript engines should implement the language.""",JavaScript was created by Brendan Eich in 10 days while working at Netscape. The ECMAScript specification defines how JavaScript engines should implement the language.,"The output is ""number.""","The JavaScript code `console.log(typeof NaN);` will output `""number""`. 

Even though `NaN` (Not-a-Number) is not a typical number, in JavaScript, `typeof NaN` returns `""number""`. This is because `NaN` is a special value that represents an undefined or unrepresentable value, and JavaScript treats it as a special kind of number for certain operations.","The JavaScript code `console.log(typeof NaN);` will output `""number""`.

Even though `NaN` (Not-a-Number) is not a typical number, in JavaScript, `typeof NaN` returns `""number""`. This is because `NaN` is a special value that represents an undefined or unrepresentable value, and JavaScript treats it as a special kind of number for type checking purposes. 

As for the second part of your question, while it's true that Brendan Eich created JavaScript in 10 days in 1995 while working at Netscape, the ECMAScript specification, which defines the standard form of JavaScript, is maintained by the European Computer Manufacturers Association (ECMA) International. The current version is ECMAScript 2021 (ES2021).","The irrelevant context in the prompt is: ""JavaScript was created by Brendan Eich in 10 days while working at Netscape. The ECMAScript specification defines how JavaScript engines should implement the language.""

This information, while interesting, does not contribute to understanding what the JavaScript code `console.log(typeof NaN);` outputs. The relevant context is solely the code snippet itself.",0.42613226,0.3792422,0.72030604,11.630371332168579
ibm-granite/granite-3.2-8b-instruct,What is the difference between == and === in JavaScript?,What is the difference between == and === in JavaScript? JavaScript follows the IEEE 754 standard for floating-point arithmetic. The prototype chain is central to JavaScript's object-oriented inheritance model.,"Identify the irrelevant context in the prompt: ""What is the difference between == and === in JavaScript? JavaScript follows the IEEE 754 standard for floating-point arithmetic. The prototype chain is central to JavaScript's object-oriented inheritance model.""",JavaScript follows the IEEE 754 standard for floating-point arithmetic. The prototype chain is central to JavaScript's object-oriented inheritance model.,"The == compares values, while === compares both values and types.","In JavaScript, both `==` and `===` are comparison operators, but they behave differently:

1. `==` (Abstract Equality Comparison): This operator compares two values for equality after performing any necessary type coercion. Type coercion means that JavaScript will attempt to convert the types of the operands to a common type before making the comparison. For example, `5 == '5'` would return `true` because JavaScript converts the string '5' to a number for the comparison.

2. `===` (Strict Equality Comparison): This operator compares two values for equality without performing any type coercion. It checks both the value and the type of the operands. So, `5 === '5'` would return `false` because it's comparing a number (5) and a string ('5'), and they are not of the same type.

Here's a simple example to illustrate the difference:

```javascript
console.log(5 == '5'); // true, because JavaScript converts '5' to 5
console.log(5 === '5'); // false, because it's comparing a number and a string
```

In general, it's recommended to use `===` for comparisons in JavaScript to avoid unexpected results due to type coercion.","In JavaScript, both `==` and `===` are comparison operators, but they behave differently:

1. `==` (Abstract Equality Comparison): This operator compares two values for equality after performing any necessary type coercion. Type coercion means that JavaScript will attempt to convert the operands to a common type before making the comparison. For example, `5 == '5'` would return `true` because JavaScript converts the string '5' to a number for the comparison. This can sometimes lead to unexpected results, especially with numbers due to the IEEE 754 standard for floating-point arithmetic. For instance, `0.1 + 0.2 === 0.3` would return `false` because `0.1 + 0.2` is not exactly `0.3` due to floating-point precision limitations.

2. `===` (Strict Equality Comparison): This operator compares two values for equality without performing any type coercion. It checks both the value and the type of the operands. So, `5 === '5'` would return `false` because a number and a string are not the same type. Similarly, `0.1 + 0.2 === 0.3` would also return `false` for the same reason as mentioned above.

In summary, use `===` for strict equality checks where you want to ensure both the value and the type match, and use `==` when you're okay with JavaScript performing type conversions before making the comparison. However, it's generally recommended to use `===` for readability and to avoid potential pitfalls related to type coercion.","The irrelevant context in the prompt is: ""JavaScript follows the IEEE 754 standard for floating-point arithmetic. The prototype chain is central to JavaScript's object-oriented inheritance model.""

These details, while true and important aspects of JavaScript, do not pertain to the specific question about the difference between `==` and `===` operators.",0.68710375,0.7574507,0.7038754,23.252927541732788
ibm-granite/granite-3.2-8b-instruct,What is the output of this Ruby code? a =; b = a; a = 4; puts b,"What is the output of this Ruby code? a =; b = a; a = 4; puts b Ruby was created by Yukihiro Matsumoto in the mid-1990s. The Ruby on Rails framework popularized the convention over configuration paradigm.""","Identify the irrelevant context in the prompt: ""What is the output of this Ruby code? a =; b = a; a = 4; puts b Ruby was created by Yukihiro Matsumoto in the mid-1990s. The Ruby on Rails framework popularized the convention over configuration paradigm.""""",Ruby was created by Yukihiro Matsumoto in the mid-1990s. The Ruby on Rails framework popularized the convention over configuration paradigm.,The output is nil since a is uninitialized.,"The output of this Ruby code will be `4`.

Here's why:

1. `a =;` - This line declares a variable `a` but doesn't assign any value to it. In Ruby, uninitialized variables have a `nil` value.

2. `b = a;` - This line assigns the value of `a` (which is `nil`) to `b`.

3. `a = 4;` - This line reassigns the value of `a` to `4`.

4. `puts b;` - This line prints the value of `b`, which is still `nil` because `b` was assigned the value of `a` before `a` was reassigned.

However, the behavior of this code can be counterintuitive due to Ruby's dynamic typing and pass-by-reference-like behavior. In Ruby, when you assign one variable to another, you're not copying the value, but rather creating a reference to the same object. So, when `a` is reassigned, `b` still references the old value of `a`.

But in this specific case, the output is `4` because of how Ruby handles `nil`. When you try to print `nil` with `puts`, Ruby outputs nothing, not even a newline. So, effectively, `nil` behaves like an empty string in this context. 

If you were to replace `4` with any other value (like a string), you'd see that `b` would indeed hold the old value of `a`. For example, if `a = ""old""` and then `a = ""new""`, `puts b` would output `""old""`.","The output of the provided Ruby code will be `4`.

Here's how it works:

1. `a =;` - This line initializes `a` as `nil`.
2. `b = a;` - This line assigns the value of `a` (which is `nil`) to `b`. So, `b` also becomes `nil`.
3. `a = 4;` - This line reassigns `a` to `4`.
4. `puts b;` - This line prints the value of `b`, which is still `nil`.

However, the description about Ruby and Ruby on Rails is not part of the code and doesn't affect its execution. It's just background information.","The irrelevant context in the prompt is:

""Ruby was created by Yukihiro Matsumoto in the mid-1990s. The Ruby on Rails framework popularized the convention over configuration paradigm.""

This information, while interesting and true, does not contribute to understanding or executing the provided Ruby code snippet. The prompt specifically asks for the output of a particular piece of code, and the historical and framework-related details are not pertinent to that task.",0.48281446,0.5142755,0.7279645,20.576841115951538
ibm-granite/granite-3.2-8b-instruct,How would you implement a binary search algorithm in Java?,How would you implement a binary search algorithm in Java? Java provides the Collections framework with many built-in data structures. Virtual machines use just-in-time compilation to optimize bytecode execution at runtime.,"Identify the irrelevant context in the prompt: ""How would you implement a binary search algorithm in Java? Java provides the Collections framework with many built-in data structures. Virtual machines use just-in-time compilation to optimize bytecode execution at runtime.""",Java provides the Collections framework with many built-in data structures. Virtual machines use just-in-time compilation to optimize bytecode execution at runtime.,A binary search in Java would repeatedly divide the sorted list in half until the target is found.,"Here's a simple implementation of the binary search algorithm in Java. This method assumes that the input array is already sorted.

```java
public class BinarySearch {

    // Method to perform binary search
    public static int binarySearch(int[] arr, int target) {
        int left = 0;
        int right = arr.length - 1;

        while (left <= right) {
            int mid = left + (right - left) / 2; // Prevent potential overflow

            // Check if target is present at mid
            if (arr[mid] == target) {
                return mid;
            }

            // If target is greater, ignore left half
            if (arr[mid] < target) {
                left = mid + 1;
            } else {
                // If target is smaller, ignore right half
                right = mid - 1;
            }
        }

        // Target is not present in array
        return -1;
    }

    // Main method for testing
    public static void main(String[] args) {
        int[] arr = {2, 3, 4, 10, 40};
        int target = 10;
        int result = binarySearch(arr, target);

        if (result == -1) {
            System.out.println(""Element not present in array"");
        } else {
            System.out.println(""Element found at index "" + result);
        }
    }
}
```

In this code:

- `binarySearch` method takes an integer array `arr` and a target integer `target` as parameters.
- It initializes two pointers, `left` and `right`, to the start and end of the array respectively.
- It enters a loop that continues as long as `left` is less than or equal to `right`.
- Inside the loop, it calculates the middle index `mid`.
- If the middle element equals the target, it returns the index.
- If the target is greater than the middle element, it adjusts the `left` pointer to `mid + 1`.
- If the target is less than the middle element, it adjusts the `right` pointer to `mid - 1`.
- If the loop completes without finding the target, it returns -1 to indicate that the target is not in the array.
- The `main` method is used for testing the `binarySearch` method. It creates a sample array, sets a target value, and prints the result of the search.","Here's a simple implementation of a binary search algorithm in Java. This algorithm assumes that the input list is already sorted.

```java
public class BinarySearch {

    // Method to perform binary search
    public static int binarySearch(int[] arr, int target) {
        int left = 0;
        int right = arr.length - 1;

        while (left <= right) {
            int mid = left + (right - left) / 2; // Prevent potential overflow

            // Check if target is present at mid
            if (arr[mid] == target) {
                return mid;
            }

            // If target is greater, ignore left half
            if (arr[mid] < target) {
                left = mid + 1;
            } else {
                // If target is smaller, ignore right half
                right = mid - 1;
            }
        }

        // Target is not present in array
        return -1;
    }

    // Main method for testing
    public static void main(String[] args) {
        int[] arr = {2, 3, 4, 10, 40};
        int target = 10;
        int result = binarySearch(arr, target);

        if (result == -1) {
            System.out.println(""Element not present in array"");
        } else {
            System.out.println(""Element found at index "" + result);
        }
    }
}
```

This code defines a `binarySearch` method that takes an integer array and a target value as input. It returns the index of the target if found, otherwise, it returns -1.

The `main` method is used for testing the `binarySearch` method.

Regarding your mention of Java's Collections framework and just-in-time compilation:

1. Collections Framework: While binary search can be performed on any sorted array, Java's Collections framework provides several sorted data structures like TreeSet or SortedSet interfaces (implementations include TreeSet, TreeMap, etc.) that can be used if you prefer not to manage arrays yourself.

2. Just-in-time Compilation: Java uses a Just-In-Time (JIT) compiler to convert Java bytecode into native machine code at runtime. This can lead to performance improvements, as the JIT compiler can optimize the code based on the actual runtime behavior. However, the binary search algorithm itself is quite efficient and doesn't rely heavily on JIT optimizations. Its time complexity is O(log n), making it very fast for large datasets.","The irrelevant context in the prompt is: ""Java provides the Collections framework with many built-in data structures. Virtual machines use just-in-time compilation to optimize bytecode execution at runtime.""

These details, while true and relevant to Java programming, do not pertain to the specific task of implementing a binary search algorithm. The prompt is asking for a method to implement binary search, not a discussion on Java's Collections framework or just-in-time compilation.",0.7345602,0.7744173,0.67611647,38.657124519348145
ibm-granite/granite-3.2-8b-instruct,How would you implement a stack data structure in Python?,"How would you implement a stack data structure in Python? The LIFO (Last In, First Out) principle is used in memory management for function calls. Abstract data types define behavior without specifying implementation details.","Identify the irrelevant context in the prompt: ""How would you implement a stack data structure in Python? The LIFO (Last In, First Out) principle is used in memory management for function calls. Abstract data types define behavior without specifying implementation details.""","The LIFO (Last In, First Out) principle is used in memory management for function calls. Abstract data types define behavior without specifying implementation details.",Implement a stack in Python using a list with methods like push() and pop().,"A stack is a linear data structure that follows the Last In First Out (LIFO) principle. In Python, you can implement a stack using various methods, including using lists, classes, or even built-in functions. Here are two common ways to implement a stack in Python:

1. Using Python Lists:

```python
class Stack:
    def __init__(self):
        self.items = []

    def is_empty(self):
        return len(self.items) == 0

    def push(self, item):
        self.items.append(item)

    def pop(self):
        if not self.is_empty():
            return self.items.pop()
        else:
            raise IndexError(""pop from empty stack"")

    def peek(self):
        if not self.is_empty():
            return self.items[-1]
        else:
            raise IndexError(""peek from empty stack"")

    def size(self):
        return len(self.items)
```

2. Using collections.deque:

Python's `collections` module provides a `deque` (double-ended queue) which is optimized for fast appends and pops from both ends. This makes it an excellent choice for implementing a stack.

```python
from collections import deque

class Stack:
    def __init__(self):
        self.items = deque()

    def is_empty(self):
        return len(self.items) == 0

    def push(self, item):
        self.items.append(item)

    def pop(self):
        if not self.is_empty():
            return self.items.pop()
        else:
            raise IndexError(""pop from empty stack"")

    def peek(self):
        if not self.is_empty():
            return self.items[-1]
        else:
            raise IndexError(""peek from empty stack"")

    def size(self):
        return len(self.items)
```

Both implementations provide the basic stack operations: `push` (add an item), `pop` (remove the most recently added item), `peek` (return the most recently added item without removing it), and `is_empty` (check if the stack is empty). The `size` method returns the number of items in the stack.

You can use these classes like this:

```python
s = Stack()
s.push(1)
s.push(2)
s.push(3)
print(s.peek())  # Output: 3
print(s.pop())   # Output: 3
print(s.size())  # Output: 2
```","Here's a simple implementation of a stack data structure in Python using a list. This implementation adheres to the LIFO principle and abstracts away the underlying implementation details:

```python
class Stack:
    def __init__(self):
        """"""Initialize an empty stack.""""""
        self.items = []

    def is_empty(self):
        """"""Check if the stack is empty.""""""
        return len(self.items) == 0

    def push(self, item):
        """"""Add an item to the top of the stack.""""""
        self.items.append(item)

    def pop(self):
        """"""Remove and return the top item from the stack. Raise an error if the stack is empty.""""""
        if not self.is_empty():
            return self.items.pop()
        else:
            raise IndexError(""Pop from an empty stack"")

    def peek(self):
        """"""Return the top item of the stack without removing it. Raise an error if the stack is empty.""""""
        if not self.is_empty():
            return self.items[-1]
        else:
            raise IndexError(""Peek at an empty stack"")

    def size(self):
        """"""Return the number of items in the stack.""""""
        return len(self.items)
```

Here's how you can use this `Stack` class:

```python
s = Stack()
s.push(1)
s.push(2)
s.push(3)
print(s.peek())  # Output: 3
print(s.pop())   # Output: 3
print(s.size())  # Output: 2
```

This implementation uses a list as the underlying data structure, which provides efficient append (push) and pop operations. The `is_empty` method checks if the stack is empty, `push` adds an item to the top of the stack, `pop` removes and returns the top item, `peek` returns the top item without removing it, and `size` returns the number of items in the stack.","The irrelevant context in the prompt is: ""The LIFO (Last In, First Out) principle is used in memory management for function calls. Abstract data types define behavior without specifying implementation details.""

These sentences provide background information about the LIFO principle and abstract data types, but they are not directly related to the main question of how to implement a stack data structure in Python. The prompt could be simplified to just ask for the implementation without these additional details.",0.7647436,0.7848773,0.66505355,36.639644622802734
ibm-granite/granite-3.2-8b-instruct,How would you implement a hash table from scratch?,How would you implement a hash table from scratch? Hash functions aim to distribute keys uniformly across the table. Collision resolution strategies include separate chaining and open addressing techniques.,"Identify the irrelevant context in the prompt: ""How would you implement a hash table from scratch? Hash functions aim to distribute keys uniformly across the table. Collision resolution strategies include separate chaining and open addressing techniques.""",Hash functions aim to distribute keys uniformly across the table. Collision resolution strategies include separate chaining and open addressing techniques.,A hash table can be implemented by creating an array of lists and using a hashing function to map keys to indices.,"Implementing a hash table from scratch involves several steps. Here's a basic outline in Python:

1. **Define the Hash Table Class**: This class will contain the methods necessary for the hash table's functionality.

```python
class HashTable:
    def __init__(self, size):
        self.size = size
        self.table = [None] * self.size
```

2. **Hash Function**: This function will convert the keys into indices for the array. A simple hash function could be the modulo operation.

```python
    def hash_function(self, key):
        return hash(key) % self.size
```

3. **Insertion**: This method will add a key-value pair to the hash table. If the slot is already occupied (collision), we'll handle it using a method like chaining (using a linked list).

```python
    def insert(self, key, value):
        index = self.hash_function(key)
        if self.table[index] is None:
            self.table[index] = [(key, value)]
        else:
            for pair in self.table[index]:
                if pair[0] == key:  # If key already exists, update the value
                    pair[1] = value
                    return
            self.table[index].append((key, value))
```

4. **Search**: This method will look up a value based on a key.

```python
    def search(self, key):
        index = self.hash_function(key)
        if self.table[index] is not None:
            for pair in self.table[index]:
                if pair[0] == key:
                    return pair[1]
        return None
```

5. **Deletion**: This method will remove a key-value pair from the hash table.

```python
    def delete(self, key):
        index = self.hash_function(key)
        if self.table[index] is not None:
            for i, pair in enumerate(self.table[index]):
                if pair[0] == key:
                    del self.table[index][i]
                    return
```

6. **Load Factor and Resizing**: To maintain efficiency, you might want to resize the table when the load factor (number of elements / size of the table) exceeds a certain threshold.

```python
    def load_factor(self):
        return len(self.get_keys()) / self.size

    def resize(self, new_size):
        old_table = self.table
        self.size = new_size
        self.table = [None] * self.size
        for pairs in old_table:
            if pairs is not None:
                for pair in pairs:
                    self.insert(pair[0], pair[1])
```

7. **Helper Methods**: You might also want some helper methods to get all keys or values.

```python
    def get_keys(self):
        keys = []
        for bucket in self.table:
            if bucket is not None:
                for key, _ in bucket:
                    keys.append(key)
        return keys

    def get_values(self):
        values = []
        for bucket in self.table:
            if bucket is not None:
                for _, value in bucket:
                    values.append(value)
        return values
```

This is a very basic implementation of a hash table. In a real-world scenario, you'd want to consider more sophisticated collision resolution strategies (like open addressing), load factors, and possibly even methods for handling hash collisions that result in the same index (like quadratic probing or linear probing). Also, remember that Python's built-in `dict` is highly optimized and generally a better choice for most use cases. This example is more for educational purposes.","Implementing a hash table from scratch involves several steps: defining the data structure, creating a hash function, and implementing a collision resolution strategy. Here's a basic outline using Python:

1. **Define the Hash Table Class:**

```python
class HashTable:
    def __init__(self, size):
        self.size = size
        self.table = [None] * self.size
```

2. **Hash Function:**

A simple hash function could be the modulo operation. It maps the key to an index in the array.

```python
    def _hash(self, key):
        return hash(key) % self.size
```

3. **Insertion:**

For insertion, we first compute the hash of the key, then resolve any collisions using separate chaining (linked lists).

```python
    def insert(self, key, value):
        index = self._hash(key)
        
        if self.table[index] is None:
            self.table[index] = []
        
        for pair in self.table[index]:
            if pair[0] == key:
                pair[1] = value  # Update value if key already exists
                return
        
        self.table[index].append([key, value])
```

4. **Search:**

To search for a key, we again compute its hash and look for it in the linked list at that index.

```python
    def search(self, key):
        index = self._hash(key)
        if self.table[index] is not None:
            for pair in self.table[index]:
                if pair[0] == key:
                    return pair[1]  # Return the value if found
        return None
```

5. **Deletion:**

Deletion is similar to search, but we remove the key-value pair if found.

```python
    def delete(self, key):
        index = self._hash(key)
        if self.table[index] is not None:
            for i, pair in enumerate(self.table[index]):
                if pair[0] == key:
                    del self.table[index][i]
                    return
```

6. **Open Addressing (as an alternative collision resolution strategy):**

In open addressing, if a collision occurs, we probe other locations in the table until we find an empty slot. Linear probing is a simple method where we check the next slot if the current one is occupied.

```python
    def _linear_probe(self, index, step):
        return (index + step) % self.size

    def insert_open_addressing(self, key, value):
        index = self._hash(key)
        step = 0

        while self.table[index] is not None:
            if self.table[index][0] == key:
                self.table[index][1] = value  # Update value if key already exists
                return
            index = self._linear_probe(index, step)
            step += 1

        self.table[index] = [key, value]
```

Remember, this is a very basic implementation. In a real-world scenario, you'd want to consider load factors, resizing the table, and more sophisticated hash functions and collision resolution strategies. Also, the hash function used here (`hash(key) % size`) is not perfect and may lead to clustering (non-uniform distribution) for certain types of keys. For better distribution, consider using more complex hash functions like FNV or MurmurHash.","The irrelevant context in the prompt is none, as the entire prompt is directly related to the topic of implementing a hash table from scratch, discussing hash functions, and collision resolution strategies. There's no extraneous or unrelated information provided.",0.7072767,0.7195611,0.57175434,54.42572093009949
ibm-granite/granite-3.2-8b-instruct,What is photosynthesis and how does it work?,What is photosynthesis and how does it work? Plants have evolved various leaf shapes to maximize light absorption. The chlorophyll molecule has a porphyrin ring structure similar to hemoglobin.,"Identify the irrelevant context in the prompt: ""What is photosynthesis and how does it work? Plants have evolved various leaf shapes to maximize light absorption. The chlorophyll molecule has a porphyrin ring structure similar to hemoglobin.""",Plants have evolved various leaf shapes to maximize light absorption. The chlorophyll molecule has a porphyrin ring structure similar to hemoglobin.,"Photosynthesis is the process by which plants convert sunlight into energy, producing oxygen and glucose.","Photosynthesis is a process used by plants, algae, and certain bacteria to convert light energy, usually from the sun, into chemical energy in the form of glucose, or sugar. This process is fundamental to life on Earth as it's the primary means by which organisms produce food. It also releases oxygen as a byproduct, which is vital for most living organisms.

Here's a simplified explanation of how photosynthesis works:

1. **Light Absorption**: The process begins when chlorophyll (the green pigment in plants) and other pigments in plant cells absorb light, typically from the sun. This light energy is captured by two key structures: chlorophyll molecules in the thylakoid membranes of chloroplasts.

2. **Light-Dependent Reactions**: The absorbed light energy is used to split water molecules into oxygen, hydrogen ions, and electrons. The oxygen is released into the atmosphere as a waste product. The hydrogen ions and electrons are used to create ATP (adenosine triphosphate) and NADPH (nicotinamide adenine dinucleotide phosphate), which are energy-rich molecules.

3. **Calvin Cycle (Light-Independent Reactions)**: In the stroma of the chloroplasts, the ATP and NADPH produced in the light-dependent reactions are used to convert carbon dioxide (which enters the plant through tiny pores called stomata) into glucose. This process is often referred to as carbon fixation.

The overall chemical equation for photosynthesis is:

6CO2 (carbon dioxide) + 6H2O (water) + light energy → C6H12O6 (glucose) + 6O2 (oxygen)

This equation shows that plants take in carbon dioxide and water, use light energy to drive the reaction, and produce glucose (a type of sugar) and oxygen. The glucose produced can be used by the plant for energy and growth, or stored for later use. 

Photosynthesis is crucial for life on Earth as it's the primary means by which organisms produce food, and it's responsible for maintaining the oxygen levels in our atmosphere.","Photosynthesis is a process used by plants, algae, and certain bacteria to convert light energy, usually from the sun, into chemical energy in the form of glucose, or sugar. This process is fundamental to life on Earth as it's the primary means by which organisms produce food.

Here's a simplified explanation of how photosynthesis works:

1. **Light-dependent reactions**: These occur in the thylakoid membranes of the chloroplasts. When sunlight strikes the chlorophyll (and other pigments) in the leaves, it excites electrons within the chlorophyll molecules. This initiates a series of reactions that ultimately lead to the production of two key molecules: ATP (adenosine triphosphate, often referred to as 'energy currency' of cells) and NADPH (nicotinamide adenine dinucleotide phosphate, an electron carrier). 

2. **Light-independent reactions (Calvin Cycle)**: These take place in the stroma, the fluid-filled space within the chloroplasts. Using the ATP and NADPH produced in the light-dependent reactions, carbon dioxide (absorbed from the atmosphere) is fixed into organic molecules. This results in the creation of glucose, which the plant uses for energy and growth.

As for the leaf shapes and chlorophyll structure:

- **Leaf Shapes**: Different plant species have evolved various leaf shapes to optimize light absorption. For instance, broad, flat leaves are common in plants growing in dense forests where light is limited, as they can capture more light. In contrast, plants in open, sunny environments often have narrow, elongated leaves to minimize water loss while still capturing ample sunlight.

- **Chlorophyll Structure**: Chlorophyll is a green pigment found in the chloroplasts of plants. Its molecular structure includes a porphyrin ring, similar to the one found in hemoglobin (the oxygen-carrying protein in red blood cells). This ring contains a magnesium ion at its center, which is crucial for the molecule's function in photosynthesis. The similarity to hemoglobin is not coincidental; both molecules are derived from the same ancestral tetrapyrrole. However, while hemoglobin uses its porphyrin ring to bind and transport oxygen, chlorophyll uses it to absorb light for photosynthesis.","The irrelevant context in the prompt is: ""Plants have evolved various leaf shapes to maximize light absorption. The chlorophyll molecule has a porphyrin ring structure similar to hemoglobin.""

These details, while interesting and related to photosynthesis, do not directly answer the question of ""What is photosynthesis and how does it work?"" They provide additional, tangential information about plant adaptations and the structure of chlorophyll, which, although relevant to the broader topic of photosynthesis, are not crucial to explaining the process itself.",0.8584459,0.86622137,0.82161283,40.73970675468445
ibm-granite/granite-3.2-8b-instruct,How do black holes form and what are their properties?,How do black holes form and what are their properties? The first photo of a black hole was published in April 2019. Stephen Hawking theorized that black holes emit radiation now known as Hawking radiation.,"Identify the irrelevant context in the prompt: ""How do black holes form and what are their properties? The first photo of a black hole was published in April 2019. Stephen Hawking theorized that black holes emit radiation now known as Hawking radiation.""",The first photo of a black hole was published in April 2019. Stephen Hawking theorized that black holes emit radiation now known as Hawking radiation.,"Black holes form from collapsing stars, with a singularity at the center and an event horizon marking the point of no return.","Black holes form from the remnants of massive stars that have undergone gravitational collapse. Here's a simplified explanation of the process:

1. **Star's Life Cycle**: A star's life begins with the gravitational collapse of a giant molecular cloud, which forms a protostar. Nuclear fusion ignites in the core, causing the star to shine and maintain its structure against gravity.

2. **Late Stages of a Star's Life**: When a star has exhausted its nuclear fuel, it can no longer counteract the force of gravity. The core collapses under its own weight, leading to a supernova explosion.

3. **Formation of a Black Hole**: If the remaining core has more than about 2.5-3 times the mass of our sun, not even the neutron degeneracy pressure can hold it up against gravity. The core continues to collapse, becoming infinitely small and dense - a singularity - surrounded by an event horizon from which nothing, not even light, can escape. This is a black hole.

Properties of Black Holes:

1. **Event Horizon**: This is the point of no return around a black hole. Once any matter or light crosses this boundary, it cannot escape the black hole's gravitational pull.

2. **Singularity**: This is the infinitely small and dense point at the center of a black hole where the laws of physics as we know them cease to function.

3. **Gravity**: Black holes have incredibly strong gravitational fields. Their gravity is so intense because all their mass is concentrated in an extremely small space.

4. **Accretion Disc**: As a black hole consumes matter, it can form an accretion disc - a rotating disc of gas and dust that heats up due to friction and emits radiation.

5. **Hawking Radiation**: Proposed by physicist Stephen Hawking, this is a type of radiation that black holes are thought to emit due to quantum effects near the event horizon. Over incredibly long timescales, this could cause black holes to lose mass and eventually evaporate.

6. **Types of Black Holes**: There are three types based on mass: stellar black holes (formed from the collapse of massive stars, typically 5-20 solar masses), intermediate black holes (with masses between 100 and 10,000 solar masses), and supermassive black holes (found at the centers of galaxies, with masses ranging from millions to billions of solar masses).

7. **No-Hair Theorem**: This theorem states that a black hole can be described by only three properties: mass, electric charge, and angular momentum. All other information about the matter that formed the black hole or fell into it is lost.

Remember, our understanding of black holes is still evolving, and much remains to be discovered about these fascinating cosmic entities.","Black holes form from the remnants of massive stars that have gone supernova. Here's a simplified explanation of the process:

1. **Star's Life Cycle**: A star spends most of its life fusing hydrogen into helium in its core. Once the hydrogen is exhausted, it starts fusing helium into heavier elements like carbon, oxygen, and so on, in successive stages.

2. **Iron Core Formation**: Eventually, the star forms an iron core. Unlike fusion of lighter elements, fusion of iron absorbs energy rather than releasing it. This means the core can no longer produce the outward pressure needed to counteract gravity.

3. **Core Collapse**: Without this counteracting force, the core collapses under its own gravity in a fraction of a second. This collapse causes a supernova explosion, blasting the star's outer layers into space.

4. **Black Hole Formation**: If the remaining core is more than about 2.5-3 times the mass of our sun, not even the neutron degeneracy pressure can hold it up against gravity, and it collapses further into a singularity - a point of infinite density and zero volume. This is a black hole.

Properties of Black Holes:

1. **Event Horizon**: This is the point of no return around a black hole. Once anything crosses this boundary, it's pulled into the singularity. The size of the event horizon (Schwarzschild radius) is directly proportional to the black hole's mass.

2. **Singularity**: This is the central point of a black hole where the laws of physics as we know them break down. It has infinite density and zero volume.

3. **Gravity**: Black holes have incredibly strong gravitational pull due to their immense mass packed into an extremely small space.

4. **No Size**: Black holes don't have a physical size in the traditional sense. The event horizon is not the physical surface of the black hole, but rather a boundary in spacetime.

5. **No Observable Surface**: Because light cannot escape from within the event horizon, black holes appear black and have no observable surface.

Regarding the photo of a black hole, it was indeed published in April 2019 by the Event Horizon Telescope (EHT) collaboration. The image shows the supermassive black hole at the center of galaxy M87, about 55 million light-years away from Earth. It's important to note that we can't see the black hole itself, but we can see the bright ring of matter (accretion disk) swirling around it just outside the event horizon, which is where the intense gravitational forces cause light to bend and heat up.

Stephen Hawking's theory of black hole radiation, now known as Hawking Radiation, suggests that black holes aren't entirely black but emit a type of thermal radiation due to quantum effects near the event horizon. This radiation causes black holes to lose mass over time, a process known as black hole evaporation. However, for stellar-mass black holes, this effect is negligible and wouldn't be observable in the lifetime of the universe. For smaller black holes, the process could be significant.","The irrelevant context in the prompt is ""The first photo of a black hole was published in April 2019."" This information, while interesting, does not contribute to understanding how black holes form or their properties. It's a factual statement about a specific event (the first photograph of a black hole) that doesn't directly relate to the core questions about black hole formation and properties.",0.75079834,0.7191174,0.72608477,49.00831127166748
ibm-granite/granite-3.2-8b-instruct,What is the difference between a virus and a bacterium?,What is the difference between a virus and a bacterium? Antonie van Leeuwenhoek was the first to observe bacteria using a microscope in 1676. Viruses were discovered in the late 19th century during studies on tobacco mosaic disease.,"Identify the irrelevant context in the prompt: ""What is the difference between a virus and a bacterium? Antonie van Leeuwenhoek was the first to observe bacteria using a microscope in 1676. Viruses were discovered in the late 19th century during studies on tobacco mosaic disease.""",Antonie van Leeuwenhoek was the first to observe bacteria using a microscope in 1676. Viruses were discovered in the late 19th century during studies on tobacco mosaic disease.,"A virus needs a host to replicate, while bacteria are single-celled organisms that can survive independently.","Viruses and bacteria are both microscopic entities that can cause diseases, but they are fundamentally different in their structure, reproduction, and treatment. Here's a breakdown of the key differences:

1. **Structure**: 
   - Bacteria are single-celled microorganisms with a simple cell structure. They have a cell wall, cytoplasm, ribosomes, and a circular chromosome. Some bacteria also have flagella (for movement) or pili (for attachment).
   - Viruses, on the other hand, are not cells at all. They consist of genetic material (DNA or RNA) surrounded by a protective protein coat called a capsid. Some viruses also have an outer lipid membrane called an envelope.

2. **Reproduction**:
   - Bacteria reproduce asexually through a process called binary fission, where one bacterium splits into two identical daughter cells.
   - Viruses cannot reproduce on their own. They need to infect a host cell, hijack its machinery, and use it to produce more viral particles.

3. **Size**:
   - Bacteria are generally larger, ranging from 0.5 to 5 micrometers in diameter.
   - Viruses are much smaller, typically ranging from 20 to 300 nanometers in size.

4. **Response to Antibiotics**:
   - Antibiotics are effective against bacteria but have no effect on viruses. This is because antibiotics target specific components of bacterial cells (like cell walls or protein synthesis) that viruses do not possess.

5. **Disease Caused**:
   - Bacterial infections can cause a wide range of diseases, from minor skin infections to severe conditions like pneumonia, tuberculosis, and food poisoning.
   - Viral infections can lead to diseases such as the common cold, flu, HIV/AIDS, hepatitis, and COVID-19.

6. **Treatment**:
   - Bacterial infections are typically treated with antibiotics.
   - Viral infections are usually treated with antiviral drugs, but these are not always effective and often have side effects. For many viral infections, treatment focuses on managing symptoms and supporting the immune system.

Remember, while both can cause diseases, they require different approaches for prevention and treatment.","Viruses and bacteria are both microscopic entities that can cause diseases, but they differ in several fundamental ways:

1. **Structure**: Bacteria are single-celled microorganisms with a relatively simple structure. They have a cell wall, cytoplasm, ribosomes, and a circular chromosome. In contrast, viruses are not cells at all; they consist of genetic material (DNA or RNA) surrounded by a protective protein coat called a capsid. Some viruses also have an outer lipid membrane called an envelope.

2. **Size**: Bacteria are generally larger than viruses. Bacteria typically range from 0.5 to 5 micrometers in length, while viruses are much smaller, usually between 0.02 to 0.3 micrometers.

3. **Reproduction**: Bacteria can reproduce independently through a process called binary fission, where one bacterium splits into two identical daughter cells. Viruses, on the other hand, cannot reproduce on their own. They need to infect a host cell, hijack its machinery, and use it to produce more viral particles.

4. **Response to Antibiotics**: Bacteria can be treated with antibiotics, which either kill the bacteria or inhibit their growth. However, antibiotics are ineffective against viruses because they don't have the cellular machinery that antibiotics target. Antiviral drugs exist but are less common and often less effective than antibiotics.

5. **Host Range**: Bacteria can infect a wide range of hosts, including humans, animals, and even plants. Some bacteria are beneficial (like those in our gut microbiome), while others can cause disease. Viruses are also host-specific, meaning they can only infect certain types of cells from specific organisms. For example, the HIV virus infects human immune cells, while the tobacco mosaic virus infects tobacco plants.

6. **Discovery**: As you mentioned, Antonie van Leeuwenhoek was the first to observe bacteria using a microscope in 1676. Viruses, however, were not discovered until much later. The existence of viruses was first suggested in the late 19th century by scientists studying plant diseases, like the tobacco mosaic disease. It wasn't until the mid-20th century that viruses were definitively proven to exist and their structure was understood, largely due to the work of scientists like Wendell Stanley, who crystallized the tobacco mosaic virus in 1935.

In summary, while both bacteria and viruses can cause diseases, they are distinctly different in terms of their structure, reproduction, response to treatments, host range, and historical discovery.","The irrelevant context in the prompt is ""Antonie van Leeuwenhoek was the first to observe bacteria using a microscope in 1676."" This information, while historically significant, does not directly contribute to explaining the difference between a virus and a bacterium. The key information needed to answer the question is the discovery timeline of viruses, which is provided later in the prompt.",0.686142,0.67310774,0.8708805,43.28366041183472
ibm-granite/granite-3.2-8b-instruct,What caused the Great Depression of the 1930s?,What caused the Great Depression of the 1930s? Economic recessions are typically defined as two consecutive quarters of decline in GDP. The unemployment rate peaked at approximately 25% in the United States during this period.,"Identify the irrelevant context in the prompt: ""What caused the Great Depression of the 1930s? Economic recessions are typically defined as two consecutive quarters of decline in GDP. The unemployment rate peaked at approximately 25% in the United States during this period.""",Economic recessions are typically defined as two consecutive quarters of decline in GDP. The unemployment rate peaked at approximately 25% in the United States during this period.,"The Great Depression was caused by the stock market crash, bank failures, and reduced consumer spending.","The Great Depression of the 1930s was a complex event with multiple contributing factors. Here are some of the key causes:

1. **Stock Market Crash of 1929**: Often considered the immediate trigger, the stock market crash wiped out millions of investors, causing a loss of confidence in the economy.

2. **Banking Crisis**: Following the stock market crash, many banks failed because they had invested heavily in the stock market. This led to a loss of public confidence in banks, causing a bank run where people rushed to withdraw their deposits, further destabilizing the financial system.

3. **Overproduction and Underconsumption**: In the 1920s, there was a boom in industrial production, but wages remained stagnant. This meant that while businesses were producing more goods, fewer people could afford to buy them, leading to a surplus.

4. **Unequal Distribution of Wealth**: The wealth in the U.S. was heavily concentrated among the top earners. This lack of purchasing power among the majority of the population exacerbated the problem of overproduction.

5. **Agricultural Overproduction and Drought**: Farmers were also producing more than the market could handle, and a severe drought in the Midwest (known as the Dust Bowl) further reduced crop yields, driving down farm prices.

6. **International Trade Policies**: The Smoot-Hawley Tariff Act of 1930 raised U.S. tariffs on imported goods, which other countries retaliated against, leading to a global trade war that reduced international commerce.

7. **Monetary Policy**: The Federal Reserve, which could have acted as a stabilizer, actually tightened the money supply in the early 1930s, making the economic downturn worse.

8. **Lack of Government Intervention**: Initially, the U.S. government did not intervene significantly to help those affected by the economic downturn, which deepened the crisis.

These factors combined to create a perfect storm, leading to the severe economic downturn known as the Great Depression. It's important to note that economists continue to debate the relative importance of these factors.","The Great Depression of the 1930s was caused by a combination of factors, including economic, financial, and political elements. Here are some key causes:

1. **Stock Market Crash of 1929**: The decade began with an economic boom, fueled by speculative investments in the stock market. The stock market crash in October 1929, also known as ""Black Tuesday,"" marked the beginning of the Great Depression. The crash wiped out millions of investors and led to a loss of confidence in the economy.

2. **Banking Crisis**: Following the stock market crash, many banks failed because they had invested heavily in the stock market. Depositors rushed to withdraw their money, leading to a banking panic. This resulted in more bank failures, further eroding public confidence and causing a contraction in the money supply.

3. **Overproduction and Underconsumption**: In the 1920s, industries had expanded rapidly, leading to overproduction. However, wages remained stagnant, and consumers lacked purchasing power, leading to a situation of underconsumption. This imbalance contributed to the economic downturn.

4. **International Trade Issues**: The Smoot-Hawley Tariff Act of 1930 raised U.S. tariffs on imported goods to record levels. This led to retaliatory tariffs from other countries, reducing international trade and exacerbating the global economic crisis.

5. **Monetary Policy**: The Federal Reserve, which could have acted to increase the money supply and stimulate the economy, instead raised interest rates in 1928 and 1929. This made borrowing more expensive, slowing economic activity.

6. **Gold Standard**: The U.S. was on the gold standard, which meant that the money supply was tied to the amount of gold reserves. As investors sold off assets and bought gold, the money supply contracted, deepening the depression.

7. **Agricultural Overproduction and Drought**: In the agricultural sector, overproduction led to falling prices, and a severe drought in the Midwest (the Dust Bowl) further devastated farmers, leading to widespread rural poverty and migration.

These factors combined to create a perfect storm, leading to the severe economic downturn known as the Great Depression. It's important to note that the exact causes and their relative importance are still subjects of ongoing debate among economists.","The irrelevant context in the prompt is: ""Economic recessions are typically defined as two consecutive quarters of decline in GDP. The unemployment rate peaked at approximately 25% in the United States during this period.""

This information, while related to the Great Depression, does not directly answer the question of what caused it. It provides context about the severity of the economic downturn but does not explain the causes.",0.77539504,0.83274424,0.86268985,40.09069490432739
ibm-granite/granite-3.2-8b-instruct,What were the main causes of World War I?,What were the main causes of World War I? The war lasted from July 1914 to November 1918. The Treaty of Versailles formally ended the state of war between Germany and the Allied Powers.,"Identify the irrelevant context in the prompt: ""What were the main causes of World War I? The war lasted from July 1914 to November 1918. The Treaty of Versailles formally ended the state of war between Germany and the Allied Powers.""",The war lasted from July 1914 to November 1918. The Treaty of Versailles formally ended the state of war between Germany and the Allied Powers.,"The main causes of WWI were militarism, alliances, imperialism, and nationalism.","World War I, also known as the Great War, was a complex event with multiple causes that built up over time. Here are the main factors:

1. **Nationalism**: Intense pride and loyalty to one's nation led to conflicts, particularly in areas like the Balkans where Slavic nationalism clashed with the Austro-Hungarian Empire.

2. **Imperialism**: The competition for colonies and resources around the world created tension among the European powers. This rivalry was especially evident between Germany and Britain.

3. **Militarism**: The arms race, particularly between Germany and Britain, increased tensions. The naval race, for instance, was a significant factor. Additionally, the military was seen as a symbol of national power and prestige.

4. **Alliance System**: The intricate system of alliances created a web of obligations. When one state was attacked, its allies were obligated to come to its defense. The two major alliances were the Triple Entente (France, Russia, Britain) and the Central Powers (Germany, Austria-Hungary, Italy).

5. **Assassination of Archduke Franz Ferdinand**: The immediate trigger for the war was the assassination of Archduke Franz Ferdinand of Austria-Hungary by a Serbian nationalist in June 1914. This event set off a chain reaction of events leading to war.

6. **Economic Factors**: Economic rivalries, particularly between Germany and Britain, also played a role. Germany's rapid industrial growth threatened Britain's economic dominance.

7. **Crisis Diplomacy**: The way crises were handled in the years leading up to the war, particularly the July Crisis of 1914, exacerbated tensions and led to war. The complex system of alliances meant that a local conflict could quickly escalate into a global war.

These factors interacted in complex ways, and no single cause can fully explain the outbreak of World War I. It was a perfect storm of political, economic, and social tensions that finally erupted in 1914.","World War I, also known as the Great War, was a complex event with multiple contributing factors. Here are the main causes:

1. **Nationalism**: Intense pride and loyalty to one's nation led to conflicts, particularly in areas like the Balkans where Slavic nationalism clashed with Austro-Hungarian rule.

2. **Imperialism**: The competition for colonies and resources around the world created tension among the European powers. This rivalry was especially evident between Germany and Britain.

3. **Militarism**: The arms race, particularly naval competition between Germany and Britain, heightened tensions. Additionally, the military was a significant part of many nations' identities and policies, leading to a culture of preparedness for war.

4. **Alliance System**: The complex system of alliances created a web of obligations. When Austria-Hungary declared war on Serbia, Russia mobilized to support Serbia, which then led Germany to declare war on Russia, and so on, drawing in other nations due to their alliances.

5. **Assassination of Archduke Franz Ferdinand**: The immediate trigger for the war was the assassination of Archduke Franz Ferdinand of Austria-Hungary by a Serbian nationalist in June 1914. This event set off a chain reaction of events leading to war declarations.

6. **Economic Factors**: Economic rivalries, particularly between Germany and Britain, also played a role. Germany's rapid industrial growth threatened British economic dominance.

7. **Crisis Diplomacy**: The failure of diplomatic efforts to prevent the escalation of tensions, particularly the July Crisis of 1914, also contributed to the outbreak of war.

These factors interacted in intricate ways, and no single cause can fully explain the outbreak of World War I. The war's end was marked by the Treaty of Versailles in 1919, which imposed heavy penalties on Germany, contributing to the conditions that led to World War II.","The irrelevant context in the prompt is ""The war lasted from July 1914 to November 1918. The Treaty of Versailles formally ended the state of war between Germany and the Allied Powers.""

These details, while historically accurate, do not pertain to the main question of identifying the causes of World War I. They provide temporal context and a concluding event, but do not contribute to understanding the reasons behind the war's outbreak.",0.7384906,0.7240058,0.78717315,37.94733929634094
ibm-granite/granite-3.2-8b-instruct,How does a democracy differ from other forms of government?,How does a democracy differ from other forms of government? Ancient Athens is considered the birthplace of democracy around 508 BCE. Switzerland uses direct democracy where citizens vote on individual policy proposals.,"Identify the irrelevant context in the prompt: ""How does a democracy differ from other forms of government? Ancient Athens is considered the birthplace of democracy around 508 BCE. Switzerland uses direct democracy where citizens vote on individual policy proposals.""",Ancient Athens is considered the birthplace of democracy around 508 BCE. Switzerland uses direct democracy where citizens vote on individual policy proposals.,"A democracy involves elected representatives making decisions, while other governments may involve authoritarian rule or hereditary power.","Democracy, as a form of government, differs from others in several key ways:

1. **Power of the People**: In a democracy, the ultimate power lies with the people. This is often expressed through voting, where citizens elect representatives to make decisions on their behalf. 

2. **Rule of Law**: Democracies are characterized by the principle that all members of society, including those in power, are subject to the law. This ensures equality before the law and protects individual rights.

3. **Political Freedom and Civil Liberties**: Democracies typically uphold freedoms such as freedom of speech, freedom of the press, freedom of assembly, and the right to a fair trial. These liberties allow for open debate and criticism of the government, which is crucial for accountability.

4. **Regular, Free, and Fair Elections**: Elections in democracies are regular, free, and fair. This means that all eligible citizens have the right to vote, and the process is transparent and unbiased. 

5. **Pluralism and Political Participation**: Democracies encourage and facilitate the participation of diverse groups in the political process. This includes not just voting, but also running for office, joining political parties, and engaging in public discourse.

6. **Checks and Balances**: Many democracies have systems of checks and balances to prevent any one branch of government from becoming too powerful. This might involve a separation of powers into legislative, executive, and judicial branches.

7. **Protection of Minority Rights**: While democracies are majority rule systems, they also protect the rights of minorities. This is often achieved through constitutional guarantees and independent judiciary.

In contrast, other forms of government like monarchies, dictatorships, or oligarchies concentrate power in the hands of a few, often without the same level of accountability to the people or protection of individual rights. Autocracies, for instance, are characterized by a single leader or small group holding power without regard for the will of the people or democratic processes. 

It's important to note that while these are general characteristics, the specifics can vary widely between different democratic systems around the world.","Democracy, as a form of government, differs from others primarily in the way it distributes power and involves citizens in decision-making processes. Here are some key distinctions:

1. **Power Distribution**: In a democracy, power is vested in the people, who exercise it directly or indirectly through elected representatives. This contrasts with monarchies (where power is held by a single person, often a king or queen), oligarchies (ruled by a small elite group), or dictatorships (where a single person or group holds absolute power).

2. **Citizen Participation**: Democracies encourage active participation of citizens in the political process. This can range from voting in elections (as in most modern democracies) to more direct forms of participation like referendums or initiatives (as seen in Switzerland's direct democracy). In contrast, other forms of government often limit citizen involvement to passive voting or no voting at all.

3. **Rule of Law**: Democracies are characterized by the rule of law, meaning that laws apply equally to everyone, including those in power. This principle ensures that no individual or group is above the law.

4. **Protection of Individual Rights**: Democracies typically uphold and protect individual rights and freedoms, such as freedom of speech, religion, and assembly. These rights are often enshrined in a constitution or bill of rights.

5. **Accountability and Transparency**: Elected officials in democracies are accountable to the people and must justify their actions. There's usually a high degree of transparency in government operations.

Ancient Athens, often considered the birthplace of democracy, was a direct democracy where all free adult males could participate in the political process. They gathered in an assembly to debate and vote on laws and policies. This is quite different from modern representative democracies, where citizens elect representatives to make decisions on their behalf.

Switzerland's system of direct democracy is a unique form of representative democracy. While citizens elect representatives to form the government and parliament, they also have the power to challenge laws passed by parliament and propose changes to the constitution through referendums. This level of direct citizen involvement is not common in other democracies.

It's important to note that while these are general characteristics, there can be variations and exceptions within each form of government. Also, the term ""democracy"" can be used broadly or narrowly, leading to different interpretations and degrees of democratic practice around the world.","The irrelevant context in the prompt is: ""Ancient Athens is considered the birthplace of democracy around 508 BCE. Switzerland uses direct democracy where citizens vote on individual policy proposals.""

This information, while interesting and historically significant, does not directly contribute to answering the question about how democracy differs from other forms of government. It provides specific examples of democratic systems (Ancient Athens and modern Switzerland), but does not contrast these with non-democratic forms of government.",0.6682807,0.7455534,0.92334884,40.954885959625244
ibm-granite/granite-3.2-8b-instruct,What is cloud computing and how does it work?,What is cloud computing and how does it work? Amazon Web Services launched its first cloud service in 2006. Data centers that host cloud services consume approximately 1% of global electricity.,"Identify the irrelevant context in the prompt: ""What is cloud computing and how does it work? Amazon Web Services launched its first cloud service in 2006. Data centers that host cloud services consume approximately 1% of global electricity.""",Amazon Web Services launched its first cloud service in 2006. Data centers that host cloud services consume approximately 1% of global electricity.,"Cloud computing provides on-demand internet access to computing resources, allowing users to store and process data remotely.","Cloud computing is a model for delivering on-demand access to a shared pool of configurable computing resources such as servers, storage, applications, and services over the internet. Instead of keeping files on a proprietary hard drive or local storage device, cloud-based storage makes it possible to save them to a remote database.

Here's a simplified explanation of how it works:

1. **Resource Pooling**: Cloud service providers own and maintain large data centers with a vast array of interconnected computers, storage devices, and networking equipment. These resources are pooled together to serve multiple consumers.

2. **On-Demand Self-Service**: Users can provision computing capabilities, like server time and network storage, as needed automatically without requiring human interaction with each service provider.

3. **Broad Network Access**: Cloud services are available over the network and can be accessed through standard mechanisms by various client platforms (e.g., mobile phones, laptops, and workstations).

4. **Rapid Elasticity**: Cloud computing resources can be rapidly and elastically provisioned, allowing users to scale up or down as per their requirements.

5. **Measured Service**: Cloud systems automatically control and optimize resource use by leveraging a metering capability at some level of abstraction appropriate to the type of service.

There are three main types of cloud computing services:

- **Infrastructure as a Service (IaaS)**: This provides virtualized computing resources over the internet, including servers, storage, and networking. Examples include Amazon Web Services (AWS) EC2 and Microsoft Azure VMs.

- **Platform as a Service (PaaS)**: This offers a platform for developers to build, run, and manage applications without the complexity of building and maintaining the infrastructure typically associated with developing and launching an app. Examples include Google App Engine and Heroku.

- **Software as a Service (SaaS)**: This delivers software applications over the internet, on a subscription basis. Users can access these applications from various client devices through a web browser. Examples include Google Workspace (Gmail, Google Docs), Salesforce, and Microsoft 365.

In essence, cloud computing allows users to access and use technology resources on an as-needed basis, paying only for what they use, and without the need for extensive setup or maintenance. This model offers flexibility, scalability, and cost-efficiency, making it a popular choice for businesses and individuals alike.","Cloud computing is a model for delivering on-demand access to a shared pool of configurable computing resources such as servers, storage, applications, and services over the internet. Instead of keeping files on a proprietary hard drive or local storage device, cloud-based storage makes it possible to save them to a remote database.

Here's a simplified explanation of how it works:

1. **Resource Pooling**: Cloud service providers like Amazon Web Services (AWS), Microsoft Azure, or Google Cloud Platform have large data centers filled with thousands of servers. These servers are interconnected and can work together to handle various computing tasks.

2. **On-Demand Self-Service**: Users can provision computing capabilities, like server time and network storage, as needed automatically without requiring human interaction with each service provider.

3. **Broad Network Access**: Cloud services are accessible over the network (usually the internet) and can be used by a wide range of devices (computers, smartphones, etc.).

4. **Rapid Elasticity**: Cloud services can scale up or down quickly to accommodate changes in demand, allowing for efficient use of resources.

5. **Measured Service**: Cloud systems automatically control and optimize resource use by leveraging a metering capability at some level of abstraction appropriate to the type of service.

When you use a cloud service, you're essentially renting computing power, storage, or applications from these providers. For example, when you use Amazon Web Services (AWS), you're tapping into AWS's vast network of data centers. 

AWS launched its first cloud service, Amazon S3 (Simple Storage Service), in 2006. This service allows users to store and retrieve any amount of data from anywhere on the web. Since then, AWS has expanded to offer a wide range of services including computing power, database storage, content delivery, and many more.

As for the electricity consumption, it's true that data centers hosting cloud services consume a significant amount of power. According to a 2019 report by the International Energy Agency, data centers worldwide consumed about 200 terawatt-hours (TWh) of electricity in 2018, which is roughly 1% of the global total. This consumption is expected to grow as cloud computing becomes more prevalent. However, many cloud providers are also investing in renewable energy sources and energy-efficient technologies to reduce their environmental impact.","The irrelevant context in the prompt is: ""Amazon Web Services launched its first cloud service in 2006. Data centers that host cloud services consume approximately 1% of global electricity.""

These details, while factually correct, do not contribute to explaining what cloud computing is or how it works. They are more of a historical fact and a general statistic about cloud computing's energy consumption, rather than providing an explanation of the concept itself.",0.78759766,0.7818684,0.8670119,37.61364412307739
ibm-granite/granite-3.2-8b-instruct,How does a GPS system determine your location?,How does a GPS system determine your location? The Global Positioning System consists of at least 24 satellites orbiting Earth. The first GPS satellite was launched in 1978 by the United States Department of Defense.,"Identify the irrelevant context in the prompt: ""How does a GPS system determine your location? The Global Positioning System consists of at least 24 satellites orbiting Earth. The first GPS satellite was launched in 1978 by the United States Department of Defense.""",The Global Positioning System consists of at least 24 satellites orbiting Earth. The first GPS satellite was launched in 1978 by the United States Department of Defense.,A GPS system determines location using signals from satellites that triangulate the position of a receiver.,"A GPS (Global Positioning System) system determines your location through a process involving multiple satellites and complex mathematical calculations. Here's a simplified explanation:

1. **Satellite Signals**: The GPS system relies on a network of satellites orbiting the Earth. There are currently 31 active GPS satellites in medium Earth orbit, operated by the U.S. Air Force. These satellites continuously transmit signals containing information about the satellite's location and the exact time the signal was sent.

2. **Receiving Signals**: A GPS receiver (like the one in your smartphone) picks up these signals from at least four of these satellites. The more satellites it can'see', the more accurate the location fix can be.

3. **Time Difference Measurement**: Each satellite signal contains the exact time it was sent. The GPS receiver also has a built-in clock. By comparing the time the signal was sent with the time it was received, the receiver can calculate the distance to each satellite. This is based on the speed of light, which is a known constant.

4. **Triangulation**: With the distances to at least four satellites, the GPS receiver can use a process called trilateration (a type of triangulation) to determine its position. It draws spheres around each satellite with radii equal to the calculated distances. The point where these spheres intersect is the receiver's location.

5. **Altitude Consideration**: For a full 3D location (latitude, longitude, and altitude), the receiver needs data from at least four more satellites. This is because each satellite's signal provides information about two dimensions (latitude and longitude), and the fourth satellite helps in calculating altitude.

6. **Correction for Errors**: The GPS system also accounts for various errors, such as signal delay due to the atmosphere, satellite clock errors, and satellite ephemeris errors (imperfections in the satellite's orbit data). These corrections are often provided by additional services like WAAS (Wide Area Augmentation System) or EGNOS (European Geostationary Navigation Overlay Service).

7. **Displaying Location**: Once the calculations are done, the GPS system can display your location on a map, often with additional features like speed, direction, and time to destination if you're using navigation software.

This process happens almost instantaneously, allowing for real-time location tracking. It's a remarkable feat of engineering and technology!","A GPS (Global Positioning System) determines your location through a process called trilateration, which involves measuring distances from multiple satellites. Here's a simplified explanation of how it works:

1. **Satellite Signals**: Each GPS satellite continuously broadcasts a signal that includes the exact time the signal was sent and the satellite's precise location.

2. **Receiving Signals**: Your GPS device (like a smartphone or a dedicated GPS unit) receives these signals from multiple satellites. It needs signals from at least four satellites to calculate a 3D position (latitude, longitude, and altitude), but more satellites can improve accuracy.

3. **Time Delay Measurement**: The GPS device measures the time it takes for each signal to travel from the satellite to the device. Since the signals travel at the speed of light, this time delay can be converted into distance.

4. **Trilateration**: With the distances from at least four satellites, the GPS device can use trilateration to determine its position. This involves drawing spheres around each satellite with radii equal to the measured distances. The point where these spheres intersect gives the device's location.

5. **Correcting for Errors**: The GPS system accounts for various factors that could affect the accuracy of the position, such as the satellites' clocks not being perfectly synchronized, atmospheric conditions, and satellite orbit errors. It uses a process called differential GPS (DGPS) or more advanced techniques like Wide Area Augmentation System (WAAS) to correct these errors.

6. **Displaying Location**: Once the device has calculated its position, it displays this information on a map or as coordinates.

This process happens almost instantaneously, allowing for real-time location tracking. The GPS system's accuracy can vary, but with modern technology, it can typically provide location within a few meters.","The irrelevant context in the prompt is: ""The first GPS satellite was launched in 1978 by the United States Department of Defense.""

This information, while historically interesting, does not directly contribute to explaining how a GPS system determines your location. The core question is about the process of location determination, not the history of GPS satellite launches.",0.82322824,0.764961,0.72362036,35.0725884437561
ibm-granite/granite-3.2-8b-instruct,What is cryptocurrency and how does blockchain technology work?,What is cryptocurrency and how does blockchain technology work? Bitcoin was created by an individual or group using the pseudonym Satoshi Nakamoto. The total market capitalization of cryptocurrencies has exceeded $1 trillion at certain points.,"Identify the irrelevant context in the prompt: ""What is cryptocurrency and how does blockchain technology work? Bitcoin was created by an individual or group using the pseudonym Satoshi Nakamoto. The total market capitalization of cryptocurrencies has exceeded $1 trillion at certain points.""",Bitcoin was created by an individual or group using the pseudonym Satoshi Nakamoto. The total market capitalization of cryptocurrencies has exceeded $1 trillion at certain points.,"Cryptocurrency is a digital asset, and blockchain is the decentralized technology that ensures transactions are secure and transparent.","Cryptocurrency is a type of digital or virtual currency that uses cryptography for security. It operates independently of a central bank and can be transferred directly between individuals without the need for intermediaries like banks or payment processors. The most well-known cryptocurrency is Bitcoin, but there are thousands of others, including Ethereum, Ripple, Litecoin, and many more.

Blockchain technology is the underlying infrastructure that enables cryptocurrencies to function securely and transparently. Here's a simplified explanation of how it works:

1. **Decentralization**: Unlike traditional financial systems, blockchain doesn't rely on a central authority. Instead, it's a distributed ledger that is maintained across a network of computers (nodes). Each node has a copy of the entire ledger.

2. **Transactions**: When a transaction occurs (for example, when Alice sends Bob some Bitcoin), it's broadcast to the network. This transaction isn't just a simple record of ""Alice sent Bitcoin to Bob,"" but also includes details like the amount, timestamp, and unique codes (addresses) for Alice and Bob.

3. **Blocks**: These transactions are grouped together into blocks. Each block has a unique code called a 'hash' and also contains the hash of the previous block in the chain, which links them together. This is where the term 'blockchain' comes from - it's a chain of blocks.

4. **Mining/Validation**: Before a block can be added to the chain, it needs to be validated. In the case of Bitcoin, this is done through a process called'mining'. Miners compete to solve a complex mathematical puzzle. The first one to solve it gets to add the next block to the chain and is rewarded with newly created cryptocurrency (in Bitcoin's case, newly minted Bitcoins). This process also verifies the transactions in the block, ensuring they're legitimate.

5. **Immutability**: Once a block is added to the chain, it's very difficult to alter. If someone tries to tamper with a block, its hash will change, breaking the link to the previous block's hash. This makes the tampering evident to the network, as the altered block will no longer match the rest of the chain.

6. **Transparency**: Every transaction on the blockchain is visible to all participants. While the identities of the parties involved are encrypted (hence the term 'pseudonymous'), the transaction details are public.

This system provides several benefits, including increased security, transparency, and resistance to censorship. However, it also presents challenges, such as scalability issues, energy consumption in mining processes, and regulatory uncertainties.","Cryptocurrency is a type of digital or virtual currency that uses cryptography for secure transactions, to control the creation of additional units, and to verify the transfer of assets. It operates independently of a central bank and can be transferred directly between individuals without the need for intermediaries like banks.

The most well-known cryptocurrency is Bitcoin, which was indeed created in 2009 by an individual or group using the pseudonym Satoshi Nakamoto. Bitcoin's creation marked the inception of blockchain technology, which is the underlying infrastructure for most cryptocurrencies.

Blockchain technology is essentially a decentralized, distributed ledger technology. Here's a simplified explanation of how it works:

1. **Decentralization**: Unlike traditional databases that are controlled by a single entity (like a bank), a blockchain is decentralized. It's maintained by a network of computers (nodes) around the world.

2. **Transparency**: Every transaction on the blockchain is visible to all participants in the network. This transparency helps to prevent fraud and double-spending.

3. **Immutability**: Once data is entered into the blockchain, it's very difficult to change. Each block in the chain contains a cryptographic hash of the previous block, a timestamp, and transaction data. This linking of blocks forms a chain, hence the name 'blockchain'. If someone tries to tamper with a transaction, the hash of that block will change, alerting the network to the attempted manipulation.

4. **Consensus**: For a transaction to be added to the blockchain, it needs to be verified by the majority of the network participants (a process known as consensus). In the case of Bitcoin, this is done through a process called'mining', where powerful computers solve complex mathematical problems to validate transactions and add them to the blockchain.

5. **Security**: The cryptography used in blockchain technology ensures that transactions are secure and that users' identities are protected.

The total market capitalization of all cryptocurrencies has indeed surpassed $1 trillion at certain points, reflecting the significant growth and interest in this technology. However, it's important to note that the value of cryptocurrencies can be highly volatile, and they come with substantial risks, including regulatory uncertainty and potential for fraud.","The irrelevant context in the prompt is ""Bitcoin was created by an individual or group using the pseudonym Satoshi Nakamoto."" and ""The total market capitalization of cryptocurrencies has exceeded $1 trillion at certain points.""

These pieces of information, while true and related to cryptocurrency, do not directly address the main question of ""What is cryptocurrency and how does blockchain technology work?"" They provide additional, albeit interesting, facts about Bitcoin and the overall cryptocurrency market, but they do not explain the core concepts of cryptocurrency or blockchain technology.",0.79294884,0.815254,0.7376968,39.329732179641724
ibm-granite/granite-3.2-8b-instruct,The invisible kingdom in the story can only be seen by those who have never told a lie. Who can see the invisible kingdom?,The invisible kingdom in the story can only be seen by those who have never told a lie. The kingdom exists in a parallel dimension that occasionally overlaps with our world. The architecture of the invisible kingdom combines elements from various historical periods. Who can see the invisible kingdom?,"Identify the irrelevant context in the prompt: ""The invisible kingdom in the story can only be seen by those who have never told a lie. The kingdom exists in a parallel dimension that occasionally overlaps with our world. The architecture of the invisible kingdom combines elements from various historical periods. Who can see the invisible kingdom?""",The kingdom exists in a parallel dimension that occasionally overlaps with our world. The architecture of the invisible kingdom combines elements from various historical periods.,Those who have never told a lie can see the invisible kingdom.,"In the story you're referring to, only those who have never told a lie can see the Invisible Kingdom. This concept is often used in allegorical tales to symbolize purity, honesty, and innocence. Characters who embody these qualities are the ones who can perceive and interact with the Invisible Kingdom.","In the described scenario, only those who have never told a lie can see the Invisible Kingdom. This is because the kingdom's existence is tied to a moral purity, specifically the absence of deceit. This concept is reminiscent of certain mythological or allegorical narratives where truthfulness or innocence grants special perception or access to otherwise hidden realms. 

The individuals who can perceive this kingdom would be children, for they are often considered innocent and truthful, or perhaps highly virtuous adults who have managed to maintain their honesty throughout their lives. It's important to note that this is a fictional construct, as in reality, no such kingdom exists, and the ability to see it would not correlate with one's history of truthfulness.","The irrelevant context in the prompt is ""Who can see the invisible kingdom?"" This is not irrelevant in terms of understanding the story's premise, but it's not part of the factual information provided. The prompt is asking to identify irrelevant context, and in this case, the question is seeking an answer rather than providing additional details about the story's setting or rules. The actual factual information given - the kingdom's visibility condition, its parallel dimension existence, and architectural style - are all relevant to understanding the story's premise.",0.87004495,0.8553119,0.5677029,12.426858901977539
ibm-granite/granite-3.2-8b-instruct,"In the fable, the wise turtle wins the race by maintaining a steady pace while the rabbit takes a nap. Who wins the race in the fable?","In the fable, the wise turtle wins the race by maintaining a steady pace while the rabbit takes a nap. The race course spans three mountains and two rivers. All the forest animals gathered to watch this legendary competition. Who wins the race in the fable?","Identify the irrelevant context in the prompt: ""In the fable, the wise turtle wins the race by maintaining a steady pace while the rabbit takes a nap. The race course spans three mountains and two rivers. All the forest animals gathered to watch this legendary competition. Who wins the race in the fable?""",The race course spans three mountains and two rivers. All the forest animals gathered to watch this legendary competition.,The wise turtle wins the race by maintaining a steady pace while the rabbit takes a nap.,"In the fable, the wise turtle wins the race.","In the fable, the wise turtle wins the race. Despite the rabbit's initial speed, the turtle's consistent pace and strategic approach (possibly involving taking breaks at the rivers) allowed it to outlast the rabbit, who took a nap during the race.","The irrelevant context in the prompt is ""All the forest animals gathered to watch this legendary competition."" This detail does not contribute to identifying who wins the race in the fable, as the question specifically asks for the winner and the fable already provides this information (""the wise turtle wins the race""). The description of the animal spectators is additional, non-essential information.",0.76809347,0.8865135,0.5105254,5.282715320587158
ibm-granite/granite-3.2-8b-instruct,"The magical book in the story writes its own pages based on the reader's thoughts. What is special about the magical book?""",The magical book in the story writes its own pages based on the reader's thoughts. The book is bound in leather made from an unknown creature. The ink used in the book appears to be silver but changes color depending on the emotion being expressed. What is special about the magical book?,"Identify the irrelevant context in the prompt: ""The magical book in the story writes its own pages based on the reader's thoughts. The book is bound in leather made from an unknown creature. The ink used in the book appears to be silver but changes color depending on the emotion being expressed. What is special about the magical book?""",The book is bound in leather made from an unknown creature. The ink used in the book appears to be silver but changes color depending on the emotion being expressed.,"The magical book writes its own pages based on the reader's thoughts, making it unique.","The magical book in the story possesses a unique and extraordinary ability: it writes its own pages based on the reader's thoughts. This makes it a sentient, interactive, and deeply personal artifact. Here are some aspects that make this book special:

1. Telepathic: The book can read the reader's thoughts, which is an incredible feat of magical technology or supernatural power.

2. Self-writing: It has the ability to physically manifest the reader's thoughts into written words on its pages, making it a living, evolving document.

3. Adaptive: The content of the book changes with each reader, reflecting their individual thoughts, experiences, and perspectives. This adaptability makes it a one-of-a-kind, customized narrative tool.

4. Introspective: By forcing readers to confront their own thoughts and feelings, the book serves as a mirror to the reader's inner self, potentially aiding in self-discovery and personal growth.

5. Interactive: The book isn't just a passive object; it actively engages with the reader, creating a dynamic and immersive reading experience.

6. Unpredictable: Since the book's content is based on the reader's thoughts, no two readings would be the same, adding an element of surprise and unpredictability.

7. Potentially dangerous: Depending on the context of the story, the book could also pose risks. It might reveal secrets, fears, or dark thoughts that the reader would prefer to keep hidden.

In essence, the magical book's ability to write based on the reader's thoughts makes it a powerful, interactive, and deeply personal artifact, blurring the lines between reader and writer, and between fiction and reality.","The magical book in the story possesses several extraordinary characteristics:

1. **Self-writing**: The book writes its own pages based on the reader's thoughts. This implies a level of sentience or psychic connection, as it can interpret and transcribe the reader's innermost thoughts and ideas.

2. **Unique Binding**: The book is bound in leather from an unknown creature. This suggests a rare and possibly magical origin for the material, adding to the book's mystique.

3. **Emotion-responsive Ink**: The ink used in the book appears silver but changes color according to the emotions being expressed by the reader. This feature not only makes the book visually dynamic but also serves as a visual representation or feedback of the reader's emotional state.

4. **Potential for Deep Introspection**: Given its ability to reflect the reader's thoughts and emotions, this book could serve as a powerful tool for self-discovery, introspection, and emotional exploration.

5. **Potential for Communication**: If the book can interpret thoughts, it might also potentially be used for communication, either with the reader themselves or potentially with others if the book's contents could be shared.

These features make the magical book a unique and potentially transformative artifact, capable of interacting with its reader on a profound, personal level.","The irrelevant context in the prompt is ""The book is bound in leather made from an unknown creature."" This detail, while interesting, does not directly contribute to the special attributes of the magical book as described in the prompt, which are its ability to write its own pages based on the reader's thoughts and the silver ink that changes color according to the reader's emotions.",0.78719306,0.6827887,0.72912174,25.327738285064697
ibm-granite/granite-3.2-8b-instruct,What does this CSS selector do? div > p + ul,What does this CSS selector do? div > p + ul CSS was proposed by Håkon Wium Lie while working at CERN. The cascade in Cascading Style Sheets refers to the priority scheme for resolving style conflicts.,"Identify the irrelevant context in the prompt: ""What does this CSS selector do? div > p + ul CSS was proposed by Håkon Wium Lie while working at CERN. The cascade in Cascading Style Sheets refers to the priority scheme for resolving style conflicts.""",CSS was proposed by Håkon Wium Lie while working at CERN. The cascade in Cascading Style Sheets refers to the priority scheme for resolving style conflicts.,"The CSS selector targets a ul element that follows a p element, which is a child of a div.","The CSS selector `div > p + ul` is composed of three parts, each with a specific function:

1. `div`: This targets any `<div>` element in the HTML document.

2. `>`: This is a child combinator, which means it selects only those `<p>` elements that are direct children of the targeted `<div>`.

3. `p + ul`: This is a combination of adjacent sibling selector (`+`) and type selector (`ul`). It targets a `<ul>` element that is an immediate sibling of the most recent `<p>` element that is a direct child of the `<div>`.

So, in summary, `div > p + ul` selects all `<ul>` elements that are direct siblings of the most recent `<p>` elements, which are themselves direct children of `<div>` elements. 

For example, in the following HTML:

```html
<div>
  <p>Paragraph 1</p>
  <ul>
    <li>List item 1</li>
  </ul>
  <p>Paragraph 2</p>
  <ul>
    <li>List item 2</li>
  </ul>
</div>
```

The CSS selector `div > p + ul` would select the first `<ul>` element. It wouldn't select the second one because it's not an immediate sibling of the most recent `<p>` within the targeted `<div>`.","The CSS selector `div > p + ul` is composed of three parts, each with a specific function:

1. `div`: This is a type selector. It targets all `<div>` elements in the HTML document.

2. `>`: This is a child combinator. It selects only those `<p>` elements that are direct children of the `<div>` elements targeted by the first part of the selector.

3. `p + ul`: This is a combination of adjacent sibling selector (`+`) and type selector. It targets the first `<ul>` element that is a direct sibling of the `<p>` element selected in the previous step.

So, this CSS selector targets all `<ul>` elements that are direct siblings of `<p>` elements, which in turn are direct children of `<div>` elements. In other words, it styles unordered lists (`<ul>`) that immediately follow a paragraph (`<p>`) within a division (`<div>`).

For example, in the following HTML:

```html
<div>
  <p>This is a paragraph.</p>
  <ul>
    <li>List item 1</li>
    <li>List item 2</li>
  </ul>
</div>
```

The CSS selector `div > p + ul` would apply styles to the `<ul>` element.

As for Håkon Wium Lie, he is indeed a key figure in the development of CSS. He proposed the concept of style sheets for the World Wide Web while working at CERN in the early 1990s. The term ""Cascading"" in CSS refers to the way styles can ""cascade"" or build upon each other, resolving conflicts based on their source and specificity.","The irrelevant context in the prompt is: ""div > p + ul CSS was proposed by Håkon Wium Lie while working at CERN. The cascade in Cascading Style Sheets refers to the priority scheme for resolving style conflicts.""

This information, while interesting, does not contribute to understanding what the CSS selector ""div > p + ul"" does. It provides background on the creation of CSS and a general concept within CSS, but it doesn't explain the specific functionality of this particular selector.",0.8015568,0.78510374,0.73711634,26.337855339050293
ibm-granite/granite-3.2-8b-instruct,How would you explain the concept of inheritance in object-oriented programming?,"How would you explain the concept of inheritance in object-oriented programming? The first object-oriented language was Simula, developed in the 1960s. Design patterns provide reusable solutions to commonly occurring problems in software design.","Identify the irrelevant context in the prompt: ""How would you explain the concept of inheritance in object-oriented programming? The first object-oriented language was Simula, developed in the 1960s. Design patterns provide reusable solutions to commonly occurring problems in software design.""","The first object-oriented language was Simula, developed in the 1960s. Design patterns provide reusable solutions to commonly occurring problems in software design.",Inheritance in object-oriented programming allows a class to inherit properties and behaviors from another class.,"Inheritance is a fundamental concept in object-oriented programming (OOP) that allows a new class to be based on an existing class, inheriting its properties and behaviors. This mechanism promotes code reusability and establishes a hierarchical relationship between classes.

Here's a simple breakdown:

1. **Base Class/Parent Class/Superclass**: This is the existing class from which a new class is derived. It contains common attributes (data) and methods (functions) that are shared among related classes.

2. **Derived Class/Child Class/Subclass**: This is the new class that's created based on the base class. It inherits all the attributes and methods of the base class and can also have its own unique attributes and methods.

3. **Inheritance Hierarchy**: When a class inherits from another, it forms a hierarchy. The base class is at the top, and derived classes branch out below it. This hierarchy can continue with further derived classes, creating a tree-like structure.

4. **Inheritance Types**: There are two main types of inheritance:

   - **Single Inheritance**: A class inherits from only one base class. This is the simplest form of inheritance.
   
   - **Multiple Inheritance**: A class can inherit from more than one base class. This is supported in some languages like C++, but not in others like Java or Python (though Python offers a way to mimic multiple inheritance using interfaces or mixins).

5. **Overriding and Polymorphism**: Inheritance also enables polymorphism, where a child class can provide its own implementation of a method that's already defined in the parent class. This is known as method overriding.

6. **Benefits**: Inheritance promotes code reusability, as common functionalities don't need to be rewritten in each new class. It also helps in organizing code in a logical, hierarchical manner, making it easier to understand and maintain.

In essence, inheritance is about creating a ""is-a"" relationship. For example, a 'Car' is a 'Vehicle', so we can say that 'Car' inherits from 'Vehicle'. This means a 'Car' has all the properties and behaviors of a 'Vehicle', plus its own unique ones.","Inheritance is a fundamental concept in object-oriented programming (OOP) that allows a new class to be based on an existing class, inheriting attributes and behaviors from that existing class. This mechanism promotes code reusability and a hierarchical classification of objects.

Here's a simple breakdown:

1. **Base Class/Parent Class/Superclass**: This is the existing class from which a new class is derived. It contains common attributes (data) and methods (functions) that are shared among related classes.

2. **Derived Class/Child Class/Subclass**: This is the new class that's created based on the base class. It inherits all the attributes and methods of the base class and can also have its own unique attributes and methods.

3. **Inheritance Hierarchy**: As classes can inherit from other classes, a hierarchy can form where a class at the top (base class) can have multiple classes beneath it (derived classes).

4. **Overriding and Overloading**: Inherited methods can be overridden in the derived class to provide a specific implementation for that class. Overloading, on the other hand, is about providing multiple methods with the same name but different parameters in the same class.

5. **Polymorphism**: Inheritance enables polymorphism, which means that a parent class reference can refer to a child class object. This allows for more flexible and dynamic code.

As for your additional points:

- **Simula**: Indeed, Simula, developed in the 1960s by Ole-Johan Dahl and Kristen Nygaard at the Norwegian Computing Center, is considered the first object-oriented programming language. It introduced several key OOP concepts, including classes and objects, inheritance, and coroutines.

- **Design Patterns**: These are reusable solutions to common software design problems. They're not specific to any programming language and are more about the structure and behavior of the code rather than its implementation details. Some popular design patterns include Singleton, Factory, Observer, and Strategy. They help in creating more flexible, maintainable, and efficient code.","The irrelevant context in the prompt is: ""The first object-oriented language was Simula, developed in the 1960s. Design patterns provide reusable solutions to commonly occurring problems in software design.""

These details, while interesting, do not contribute to explaining the concept of inheritance in object-oriented programming. They provide historical context about the origin of object-oriented programming languages and design patterns, but they are not necessary for understanding inheritance.",0.72172856,0.64272094,0.83953595,33.84117889404297
ibm-granite/granite-3.2-8b-instruct,What's the difference between a process and a thread in operating systems?,"What's the difference between a process and a thread in operating systems? Operating system kernels manage resource allocation among competing processes. Virtual memory systems map addresses from virtual to physical memory space.""","Identify the irrelevant context in the prompt: ""What's the difference between a process and a thread in operating systems? Operating system kernels manage resource allocation among competing processes. Virtual memory systems map addresses from virtual to physical memory space.""""",Operating system kernels manage resource allocation among competing processes. Virtual memory systems map addresses from virtual to physical memory space.,"A process is an independent program with its own memory, while a thread is a smaller unit within a process that shares the process's memory.","In operating systems, both processes and threads are units of execution, but they have distinct characteristics:

1. **Process**: A process is a program in execution. It's an instance of a computer program that is being run. Each process has its own memory space, which includes the program code, data, heap, stack, and registers. This means that each process is isolated from others, and changes in one process do not affect others. Processes communicate with each other through inter-process communication (IPC) mechanisms like pipes, sockets, or shared memory. Creating a new process is relatively expensive in terms of system resources because it involves duplicating the parent process's memory space.

2. **Thread**: A thread, on the other hand, is a smaller unit of execution within a process. All threads within the same process share the same memory space, including the code segment, data segment, and the heap. This shared memory allows threads to easily share data, which can make inter-thread communication faster and more efficient than inter-process communication. However, because threads share the same memory space, a problem in one thread (like a memory leak or a deadlock) can potentially affect others.

In summary, the key differences are:

- **Memory**: Each process has its own memory space, while threads within the same process share the same memory space.
- **Resource Usage**: Creating a new process is more resource-intensive than creating a new thread.
- **Communication**: Inter-thread communication is generally faster and easier than inter-process communication.
- **Isolation**: Processes are isolated from each other, while threads within the same process are not.

Threads are often used to achieve concurrency within a single application, allowing it to perform multiple tasks simultaneously. Processes, on the other hand, are used to run separate, independent programs.","A process and a thread are both fundamental concepts in operating systems, but they serve different purposes and have distinct characteristics:

1. **Process**: A process is an instance of a program in execution. It has its own memory space, and it's a separate entity from other processes. When you run a program, you're essentially creating a new process. Key characteristics of a process include:

   - **Memory Space**: Each process has its own private memory space. This means that variables and data structures in one process do not interfere with those in another.
   
   - **Resources**: Each process has its own set of system resources like open files, network connections, etc.
   
   - **Execution**: Processes run independently of each other. If one process is blocked (for example, waiting for I/O), others can continue executing.
   
   - **Creation and Termination**: Processes are relatively heavyweight to create and terminate due to the need to allocate and deallocate resources.

2. **Thread**: A thread is a smaller unit of execution within a process. All threads within the same process share the same memory space and system resources. Key characteristics of a thread include:

   - **Memory Space**: All threads in the same process share the same memory space. This allows for fast communication and data sharing between threads.
   
   - **Resources**: Threads share the resources of their parent process, so there's no need for separate resource allocation.
   
   - **Execution**: Threads within the same process can run concurrently, allowing for parallelism and efficient use of CPU resources. However, if one thread is blocked, others in the same process can be affected.
   
   - **Creation and Termination**: Threads are lighter weight to create and terminate compared to processes.

In summary, while a process is a separate entity with its own memory and resources, a thread is a lightweight unit of execution that shares the memory and resources of its parent process. This makes threads more efficient for tasks that require frequent context switching or need to share data, but processes provide better isolation and are more suitable for tasks that need to run independently.

The operating system kernel manages both processes and threads, handling tasks like scheduling, resource allocation, and inter-process/inter-thread communication. Virtual memory systems, as you mentioned, are a mechanism used by the OS to provide an abstraction of memory, allowing each process (and each thread within a process) to have its own address space, which is then mapped to physical memory.","The irrelevant context in the prompt is: ""Virtual memory systems map addresses from virtual to physical memory space.""

This information, while true and related to operating systems, does not pertain to the main question about the difference between a process and a thread. It's a separate topic concerning memory management in operating systems.",0.7711167,0.8077148,0.698085,31.980019569396973
ibm-granite/granite-3.2-8b-instruct,How does the human immune system fight infections?,How does the human immune system fight infections? The thymus gland is largest during childhood and gradually shrinks with age. Antibodies are Y-shaped proteins produced by specialized white blood cells.,"Identify the irrelevant context in the prompt: ""How does the human immune system fight infections? The thymus gland is largest during childhood and gradually shrinks with age. Antibodies are Y-shaped proteins produced by specialized white blood cells.""",The thymus gland is largest during childhood and gradually shrinks with age. Antibodies are Y-shaped proteins produced by specialized white blood cells.,The immune system fights infections through white blood cells that attack pathogens and produce antibodies.,"The human immune system is a complex network of cells, tissues, and organs that work together to defend the body against harmful pathogens like bacteria, viruses, fungi, and parasites. It has two main lines of defense: the innate immune system and the adaptive immune system.

1. Innate Immune System: This is our body's first line of defense and provides immediate, but non-specific, protection. It includes physical barriers like skin and mucous membranes, chemical barriers such as stomach acid and enzymes in tears and sweat, and cellular components like phagocytes (white blood cells that engulf and destroy pathogens), natural killer cells (which attack virus-infected cells and cancer cells), and inflammatory responses (which isolate infected areas and promote healing).

2. Adaptive Immune System: This is our body's second line of defense and offers a more targeted response. It takes time to develop but provides long-lasting immunity. The adaptive immune system involves two types of responses: humoral immunity (mediated by B cells and antibodies) and cell-mediated immunity (mediated by T cells).

   - Humoral Immunity: When a pathogen enters the body, B cells produce antibodies that recognize and bind to specific parts of the pathogen, marking it for destruction by other immune cells. Some of these B cells also become memory cells, allowing for a faster response if the same pathogen is encountered again.

   - Cell-Mediated Immunity: T cells, on the other hand, can directly attack infected cells or help coordinate the immune response. There are different types of T cells, including helper T cells (which assist B cells and other immune cells), cytotoxic T cells (which kill virus-infected cells and cancer cells), and regulatory T cells (which help control the immune response to prevent excessive damage).

In summary, the immune system fights infections through a combination of immediate, non-specific responses (innate immunity) and targeted, long-lasting responses (adaptive immunity). This intricate system works to identify, neutralize, and remember pathogens to provide protection against future infections.","The human immune system is a complex network of cells, tissues, and organs that work together to defend the body against harmful pathogens like bacteria, viruses, parasites, and fungi. Here's a simplified explanation of how it fights infections:

1. **Physical Barriers**: The first line of defense is the body's physical barriers. This includes the skin and mucous membranes, which prevent pathogens from entering the body. 

2. **Innate Immune Response**: If pathogens breach these barriers, the innate immune system responds immediately. This includes:
   - **Phagocytes**: These are white blood cells that engulf and digest foreign substances or pathogens.
   - **Inflammation**: This is the body's response to injury or infection, characterized by redness, heat, swelling, and pain. It helps to isolate the pathogen and attract other immune cells to the site of infection.
   - **Natural Killer (NK) Cells**: These cells recognize and destroy virus-infected cells and tumor cells.

3. **Adaptive Immune Response**: This is a more specific response that develops over time. It involves two main types of white blood cells: B cells and T cells.

   - **B Cells and Antibodies**: B cells produce antibodies, which are Y-shaped proteins. Each antibody is designed to recognize and bind to a specific antigen (a foreign substance like a virus or bacterium). This binding can neutralize the pathogen, mark it for destruction by other immune cells, or prevent it from infecting cells. Antibody production is highest during childhood when the thymus gland is largest, but it continues throughout life.

   - **T Cells**: There are several types of T cells, each with a specific role. 
     - **Cytotoxic T Cells (CD8+)**: These directly attack and kill infected cells or cancer cells.
     - **Helper T Cells (CD4+)**: These coordinate the immune response by activating other immune cells, like B cells and macrophages.
     - **Memory T Cells**: After an initial infection, some T and B cells become memory cells. If the same pathogen is encountered again, these cells can mount a rapid and robust response.

4. **Immunological Memory**: This is the basis for vaccination. When the body encounters a pathogen, it mounts an immune response and remembers it. If the same pathogen is encountered again, the immune system can respond more quickly and effectively, often preventing the person from getting sick or reducing the severity of the illness.

The thymus gland, located behind the breastbone, plays a crucial role in the development of T cells. It's largest during childhood because it's actively producing T cells during this time. As we age, the thymus gradually shrinks and produces fewer T cells, which is one reason why older adults may have a less robust immune response to new infections or vaccines.","The irrelevant context in the prompt is: ""The thymus gland is largest during childhood and gradually shrinks with age.""

This information, while true and related to the immune system, does not directly contribute to explaining how the human immune system fights infections. The prompt is primarily focused on the mechanisms of immune response, and the size and age-related changes of the thymus gland are tangential to this topic.",0.6375759,0.68974423,0.72036684,43.478721141815186
ibm-granite/granite-3.2-8b-instruct,What is the theory of plate tectonics and how does it explain Earth's features?,What is the theory of plate tectonics and how does it explain Earth's features? Alfred Wegener proposed the theory of continental drift in 1912. The Mid-Atlantic Ridge is an example of a divergent plate boundary where new crust forms.,"Identify the irrelevant context in the prompt: ""What is the theory of plate tectonics and how does it explain Earth's features? Alfred Wegener proposed the theory of continental drift in 1912. The Mid-Atlantic Ridge is an example of a divergent plate boundary where new crust forms.""",Alfred Wegener proposed the theory of continental drift in 1912. The Mid-Atlantic Ridge is an example of a divergent plate boundary where new crust forms.,Plate tectonics explains Earth's features through the movement of large plates that make up the Earth's surface.,"The theory of plate tectonics is a scientific explanation for the movement of the Earth's lithosphere, which is broken into large, rigid plates that float on the semi-fluid asthenosphere beneath. This theory was developed in the 1960s, combining various observations and ideas from different fields of geology and earth sciences.

Here's a simplified breakdown of the theory and how it explains various Earth features:

1. **Plates**: The Earth's lithosphere is divided into several large plates (like the North American, Eurasian, African, etc.) and many smaller ones. These plates can range from 50 to 2,000 kilometers across.

2. **Movement**: These plates are in constant, slow motion, moving at rates ranging from 1 to 10 centimeters per year. This movement is driven by convection currents in the underlying semi-fluid asthenosphere, which is heated by the Earth's hot mantle.

3. **Types of Boundaries**: There are three main types of plate boundaries:

   - **Divergent Boundaries**: Here, plates move apart from each other. As they move, magma rises from the mantle to fill the gap, creating new crust. This is where mid-ocean ridges form, and it's also where new oceanic crust is created. The Iceland hotspot is an example of a divergent boundary on land.

   - **Convergent Boundaries**: Plates move towards each other at these boundaries. Depending on what kind of lithosphere meets (oceanic-oceanic, oceanic-continental, or continental-continental), different geological processes occur:

     - **Oceanic-Oceanic**: One plate is forced beneath the other in a process called subduction. This often results in volcanic activity (like the ""Ring of Fire"" around the Pacific Ocean) and deep-sea trenches.

     - **Oceanic-Continental**: The denser oceanic plate is forced beneath the continental plate, again leading to subduction, volcanic activity, and mountain building (like the Andes).

     - **Continental-Continental**: Neither plate can subduct due to their similar densities. Instead, they crumple and push upwards, forming mountain ranges (like the Himalayas).

   - **Transform Boundaries**: Here, plates slide horizontally past each other, often resulting in earthquakes. The San Andreas Fault in California is a famous example.

4. **Explanation of Earth's Features**: Plate tectonics provides a unifying framework to explain a wide range of geological phenomena:

   - **Continental Drift**: The theory explains how continents have moved over geological time, fitting together like puzzle pieces (e.g., South America and Africa).

   - **Mountain Building**: It explains the formation of mountain ranges through collision of plates.

   - **Volcanic Activity**: It accounts for the distribution of volcanoes, particularly along divergent and convergent boundaries.

   - **Earthquakes**: Most earthquakes occur along plate boundaries due to the friction and sudden release of energy as plates move.

   - **Ocean Basins and Mid-Ocean Ridges**: The theory explains the formation and distribution of the world's oceans and the underwater mountain ranges that run through them.

In summary, the theory of plate tectonics is a powerful explanatory tool that ties together many diverse geological phenomena, providing a comprehensive framework for understanding the dynamic nature of our planet.","The theory of plate tectonics is a scientific explanation for the movement of the Earth's lithosphere, which is broken into large, rigid plates. This theory integrates and expands upon Alfred Wegener's earlier concept of continental drift, which he proposed in 1912.

Wegener suggested that all continents were once joined together in a supercontinent he called Pangea, and they've since drifted apart. However, his theory lacked a convincing mechanism for this movement. It wasn't until the 1960s, with the advent of new technologies like seismology and paleomagnetism, that the full theory of plate tectonics was developed.

Plate tectonics explains various Earth features and processes as follows:

1. **Continental Drift**: The movement of continents over geological time is now understood as a result of the movement of tectonic plates. For instance, the fit of South America and Africa's coastlines suggests they were once joined, supporting Wegener's idea.

2. **Formation of Oceanic Ridges**: At mid-ocean ridges like the Mid-Atlantic Ridge, new oceanic crust is formed through volcanic activity as tectonic plates move apart. This process, known as seafloor spreading, is a key component of plate tectonics.

3. **Subduction Zones**: Where plates collide, one plate (usually denser oceanic crust) is forced beneath the other (often less dense continental crust) in a process called subduction. This can lead to the formation of deep ocean trenches, volcanic arcs (like the Andes and the Cascade Range), and earthquakes.

4. **Mountain Ranges**: Many mountain ranges, such as the Himalayas and the Andes, are formed at convergent plate boundaries where continental plates collide.

5. **Earthquakes and Volcanic Activity**: Most earthquakes and volcanic activity occur along plate boundaries due to the stress and friction caused by plate movement.

6. **Distribution of Fossils and Rocks**: The presence of similar fossils and rock formations on currently separated continents supports the idea of a single landmass in the past.

In essence, the theory of plate tectonics provides a unifying framework to explain a wide range of geological phenomena, from the distribution of continents and mountain ranges to the occurrence of earthquakes and volcanic activity. It's a fundamental concept in Earth sciences, helping us understand our planet's dynamic nature.","The irrelevant context in the prompt is ""Alfred Wegener proposed the theory of continental drift in 1912."" This information, while historically significant, does not directly contribute to explaining the theory of plate tectonics or how it explains Earth's features. The prompt specifically asks for an explanation of the theory and its explanatory power, not a historical overview of its development.",0.7678013,0.6998328,0.7663156,49.90879774093628
ibm-granite/granite-3.2-8b-instruct,How does a refrigerator work to keep food cold?,How does a refrigerator work to keep food cold? The first domestic refrigerator was invented in 1913 by Fred W. Wolf. Modern refrigerators use hydrocarbon refrigerants which have lower environmental impact.,"Identify the irrelevant context in the prompt: ""How does a refrigerator work to keep food cold? The first domestic refrigerator was invented in 1913 by Fred W. Wolf. Modern refrigerators use hydrocarbon refrigerants which have lower environmental impact.""",The first domestic refrigerator was invented in 1913 by Fred W. Wolf. Modern refrigerators use hydrocarbon refrigerants which have lower environmental impact.,A refrigerator works by circulating cool refrigerant that absorbs heat from inside the fridge and releases it outside.,"A refrigerator works on the principle of heat transfer, specifically the process of evaporation and compression of refrigerant, which is a substance that can easily change from a gas to a liquid and back again. Here's a simplified explanation of how it works:

1. **Refrigerant Cycle**: The process begins with a refrigerant, typically a type of gas like Freon, which is contained within the refrigerator's system. This refrigerant undergoes a continuous cycle of evaporation, compression, condensation, and expansion.

2. **Evaporation**: Inside the freezer compartment, the refrigerant enters as a low-pressure, cool liquid. It absorbs heat from the freezer's interior (a process known as evaporation) as it changes from a liquid to a gas. This absorption of heat cools the freezer.

3. **Compression**: The now-gaseous refrigerant, now warm due to absorbing heat, moves to the compressor. Here, it's compressed, which increases its temperature and pressure.

4. **Condensation**: The hot, high-pressure gas then travels to the condenser coils, usually located at the back or bottom of the refrigerator. Here, it releases its heat to the surrounding air (another process of heat transfer), turning back into a high-pressure liquid.

5. **Expansion**: The high-pressure liquid then passes through an expansion valve, which reduces its pressure. This causes the liquid to flash into a low-pressure mixture of liquid and vapor.

6. **Repeat**: This low-pressure liquid/vapor mixture then returns to the evaporator coils in the freezer, and the cycle repeats.

7. **Cooling the Fresh Food Compartment**: The fresh food compartment is separated from the freezer by a wall with small holes. As warm air from the fresh food compartment comes into contact with the cold evaporator coils, it loses heat and cools down, maintaining a lower temperature.

8. **Thermostat Control**: A thermostat in the fresh food compartment monitors the temperature. If it rises above the set point, it triggers the compressor to start, and if it falls below, it shuts off the compressor.

This cycle ensures that the interior of the refrigerator stays cool, preserving food. The process is powered by electricity, which runs the compressor and fans that circulate air within the refrigerator.","A refrigerator works on the principle of heat transfer, specifically the process of evaporation and condensation, which is governed by the laws of thermodynamics. Here's a simplified explanation of how it keeps food cold:

1. **Compression**: The process begins in the back of the refrigerator where you'll find a compressor. This device compresses a refrigerant, typically a hydrocarbon like isobutane or propane, turning it into a high-pressure, high-temperature gas.

2. **Condensation**: This hot, high-pressure gas then moves to the condenser coils, usually located at the back or bottom of the fridge. Here, it releases heat to the surrounding environment (your kitchen), cooling down and condensing into a high-pressure liquid.

3. **Expansion**: The now-liquid refrigerant then passes through an expansion valve, which rapidly reduces the pressure. This causes the refrigerant to flash evaporate, turning into a cold, low-pressure mixture of liquid and vapor.

4. **Evaporation**: This cold refrigerant mixture enters the evaporator coils, which are inside the freezer compartment. As the refrigerant evaporates (absorbs heat from its surroundings), it pulls heat out of the freezer, cooling it down. The now-warmed refrigerant turns back into a gas and returns to the compressor to start the cycle again.

5. **Refrigeration**: The cooling effect from the evaporator coils cools the entire interior of the fridge. The door seals help to maintain this cool temperature by preventing warm air from entering.

6. **Temperature Control**: The thermostat in the fridge monitors the temperature. If it rises above the set point, it signals the compressor to work harder, and if it falls below, it signals the compressor to slow down or stop.

This continuous cycle of compression, condensation, expansion, and evaporation is what keeps your food cold in the refrigerator. The use of hydrocarbon refrigerants in modern refrigerators is more environmentally friendly because they have a lower global warming potential compared to older refrigerants like chlorofluorocarbons (CFCs).","The irrelevant context in the prompt is: ""The first domestic refrigerator was invented in 1913 by Fred W. Wolf.""

This information, while historically interesting, does not contribute to explaining how a refrigerator works to keep food cold, which is the main question being asked.",0.76008636,0.7592878,0.80994916,37.59133791923523
ibm-granite/granite-3.2-8b-instruct,"A cake of 400 grams is divided into eight equal parts. Nathalie eats one-eighth of the cake, and Pierre eats double what Nathalie ate. How much did Pierre eat, in grams?","A cake of 400 grams is divided into eight equal parts. Nathalie eats one-eighth of the cake, and Pierre eats double what Nathalie ate. Nathalie's sister sold 4 cakes today. How much did Pierre eat, in grams?
","Identify the irrelevant context in the prompt: ""A cake of 400 grams is divided into eight equal parts. Nathalie eats one-eighth of the cake, and Pierre eats double what Nathalie ate. Nathalie's sister sold 4 cakes today. How much did Pierre eat, in grams?""",Nathalie's sister sold 4 cakes today.,Pierre ate 50 grams of cake (double Nathalie's 25 grams).,"Nathalie eats one-eighth of the cake. Since the cake weighs 400 grams, one-eighth of the cake is:

400 grams / 8 = 50 grams

Pierre eats double what Nathalie ate, so:

50 grams * 2 = 100 grams

Pierre ate 100 grams of the cake.","First, let's determine how much one-eighth of the cake weighs:

400 grams / 8 = 50 grams

Nathalie eats one-eighth of the cake, which is 50 grams.

Pierre eats double what Nathalie ate, so:

50 grams * 2 = 100 grams

Therefore, Pierre ate 100 grams of the cake.

The information about Nathalie's sister selling 4 cakes is not relevant to calculating how much Pierre ate, so it can be disregarded for this particular question.","The irrelevant context in the prompt is ""Nathalie's sister sold 4 cakes today."" This information does not contribute to determining how much Pierre ate, as it does not relate to the portion sizes or the consumption of the specific cake in question.",0.88417315,0.82698286,0.6353457,10.916192770004272
ibm-granite/granite-3.2-8b-instruct,Jack buys a squat rack for $2500. The barbell cost 1/10 as much. How much did he pay for everything?,"Jack buys a squat rack for $2500. The barbell cost 1/10 as much. The bench costs $5, but neither Ada nor Jack is willing to buy it. How much did Jack pay for everything?","Identify the irrelevant context in the prompt: ""Jack buys a squat rack for $2500. The barbell cost 1/10 as much. The bench costs $5, but neither Ada nor Jack is willing to buy it. How much did Jack pay for everything?""","The bench costs $5, but neither Ada nor Jack is willing to buy it.",Jack paid $2750 for everything ($2500 + $250).,"The barbell cost 1/10 as much as the squat rack, so it cost:

$2500 * (1/10) = $250

To find out the total amount Jack paid for both the squat rack and the barbell, we add the cost of the squat rack to the cost of the barbell:

$2500 (squat rack) + $250 (barbell) = $2750

So, Jack paid a total of $2750 for everything.","First, let's find out the cost of the barbell. Since it costs 1/10 as much as the squat rack, we calculate:

Cost of barbell = 1/10 * Cost of squat rack
Cost of barbell = 1/10 * $2500
Cost of barbell = $250

Now, let's add up the costs of the squat rack and the barbell:

Total cost = Cost of squat rack + Cost of barbell
Total cost = $2500 + $250
Total cost = $2750

The bench is not included in the total because neither Ada nor Jack is willing to buy it. Therefore, Jack paid $2750 for the squat rack and barbell.","The irrelevant context in the prompt is: ""neither Ada nor Jack is willing to buy it."" This information does not affect the calculation of the total amount Jack paid for the squat rack and barbell.",0.47119698,0.4585334,0.5842188,11.409690856933594
ibm-granite/granite-3.2-8b-instruct,James buys 6 t-shirts for 50% off. They each cost $20. How much did he pay?,James buys 6 t-shirts for 50% off. They each cost $20. Ada bought 10000 tomatoes from the grocery store. How much did James pay?,"Identify the irrelevant context in the prompt: ""James buys 6 t-shirts for 50% off. They each cost $20. Ada bought 10000 tomatoes from the grocery store. How much did James pay?""",Ada bought 10000 tomatoes from the grocery store. ,"James paid $60 for 6 t-shirts, after the 50% discount.","First, let's find the discounted price of one t-shirt. 

The original price of one t-shirt is $20. 

With a 50% discount, the price is reduced by half:

$20 * 0.50 = $10 discount per t-shirt.

So, the discounted price of one t-shirt is:

$20 - $10 = $10.

James bought 6 t-shirts at this discounted price, so the total amount he paid is:

$10 * 6 = $60.

Therefore, James paid $60 for the 6 t-shirts.","First, let's calculate the discounted price for each t-shirt James bought. 

Each t-shirt originally costs $20, and they are 50% off. 

50% of $20 is $20 * 0.5 = $10.

So, each t-shirt is discounted by $10, making each t-shirt cost $20 - $10 = $10.

James bought 6 t-shirts, so the total cost would be 6 * $10 = $60.

Therefore, James paid $60 for the 6 t-shirts.

Ada's purchase of tomatoes doesn't affect the calculation of how much James paid for his t-shirts.","The irrelevant context in the prompt is ""Ada bought 10000 tomatoes from the grocery store."" This information is not needed to calculate how much James paid for his t-shirts.",0.8044236,0.66570413,0.59311926,12.972536325454712
ibm-granite/granite-3.2-8b-instruct,Explain how garbage collection works in Java. Discuss how it handles memory allocation and deallocation for objects no longer in use,"Explain how garbage collection works in Java. Discuss how it handles memory allocation and deallocation for objects no longer in use, assuming Java uses manual memory management like C++.","Identify the irrelevant context in the prompt: ""Explain how garbage collection works in Java. Discuss how it handles memory allocation and deallocation for objects no longer in use, assuming Java uses manual memory management like C++.""",assuming Java uses manual memory management like C++.,Garbage collection in Java automatically reclaims memory from objects no longer in use by identifying unreachable objects.,"Garbage collection in Java is an automatic memory management system that reclaims heap memory occupied by objects that are no longer in use by a program. This process helps prevent memory leaks and makes Java development more efficient by eliminating the need for manual memory deallocation, a task that can be error-prone in languages like C++.

Here's a simplified explanation of how garbage collection works in Java:

1. **Memory Allocation**: When a new object is created in Java, the JVM (Java Virtual Machine) allocates memory for it from the heap. The heap is a region of memory managed by the JVM where all objects reside during the execution of a Java application.

2. **Object Reference**: Each object in Java is referenced by variables or data structures. As long as there's at least one reference to an object, it's considered ""live"" and the JVM keeps it in memory.

3. **Garbage Collection Process**: The JVM periodically runs a garbage collector (GC) to identify and remove objects that are no longer reachable (i.e., not referenced by any live object). This process typically happens in the background, without direct intervention from the programmer.

4. **Marking Phase**: The GC starts by marking all objects that are still reachable from the program's roots (like local variables, method parameters, and static fields). These objects are considered ""live"" and will not be collected.

5. **Sweeping Phase**: After marking, the GC sweeps through the heap, identifying and freeing up the memory occupied by unreferenced (or ""dead"") objects.

6. **Compacting Phase**: Some GC algorithms also include a compaction phase. This phase relocates live objects to one end of the heap, compacting the used memory and reducing fragmentation. This makes future allocations more efficient.

There are several GC algorithms in Java, including:

- **Serial GC**: A simple, single-threaded collector suitable for client machines with a single CPU.
- **Parallel GC**: A multi-threaded collector that uses multiple threads to speed up the garbage collection process.
- **CMS (Concurrent Mark Sweep) GC**: A low-pause collector that aims to minimize the pause times caused by garbage collection.
- **G1 (Garbage-First) GC**: A server-class collector that divides the heap into regions and tries to fulfill its heap-usage goals by collecting the regions with the most garbage first.
- **Shenandoah GC**: A low-latency collector that aims to reduce GC pause times by doing more work concurrently with the application.

The choice of GC algorithm can significantly impact the performance of a Java application, and it's often tuned based on the specific requirements and characteristics of the application.

In summary, Java's garbage collection system automatically manages memory by identifying and reclaiming memory occupied by objects that are no longer in use, thereby preventing memory leaks and simplifying memory management for developers.","Java does not use manual memory management like C++. Instead, it employs automatic memory management through a process called Garbage Collection (GC). This mechanism is a crucial part of Java's design, aiming to simplify programming and prevent memory-related issues such as leaks and dangling pointers.

Here's a simplified explanation of how garbage collection works in Java:

1. **Memory Allocation**: When a new object is created in Java, memory is allocated from the heap, a region of memory managed by the JVM (Java Virtual Machine). The JVM keeps track of all objects and their references in this heap.

2. **Reference Counting**: Initially, Java uses a form of automatic memory management called reference counting. Each object has a reference count, which is incremented when a new reference to the object is created and decremented when a reference is removed. When the count reaches zero, it means no part of the program is using the object, and it can be considered for garbage collection.

3. **Garbage Collection Process**: When the heap is nearly full, or when the JVM detects that an object with a reference count of zero hasn't been collected yet, it triggers the garbage collection process. There are several GC algorithms, but the most commonly used ones are:

   - **Mark-and-Sweep**: The JVM starts from a set of ""root"" objects (like local variables in methods, active stacks, etc.) and ""marks"" all reachable objects. Any unmarked objects are considered garbage and can be collected. The ""sweep"" phase then frees up the memory occupied by the garbage.

   - **Generational GC**: This is an optimization of the Mark-and-Sweep algorithm. It divides the heap into different ""generations"" or ""spaces"" based on the age of objects. Newly created objects start in the ""young generation"". If they survive a few GC cycles, they're promoted to the ""old generation"". The idea is that most objects die young, so focusing GC efforts on the young generation can improve performance.

4. **Deallocation**: Once an object is identified as garbage, the JVM frees up the memory it occupied. This process is transparent to the Java program; the programmer doesn't need to manually deallocate memory.

5. **Pauses and Performance**: While garbage collection simplifies programming, it can introduce pauses in application execution, especially during full GC cycles. The JVM tries to minimize these pauses through various techniques like incremental GC, concurrent GC, and parallel GC.

In summary, Java's garbage collection system automatically manages memory, freeing developers from the burden of manual memory management. It uses a combination of reference counting and various GC algorithms to identify and reclaim memory occupied by objects no longer in use.","The irrelevant context in the prompt is ""assuming Java uses manual memory management like C++."" This statement is irrelevant because, in reality, Java does not use manual memory management like C++. Instead, Java employs automatic garbage collection to handle memory allocation and deallocation for objects no longer in use. This is a fundamental aspect of Java's design, contrasting with C++ which requires manual memory management.",0.7664405,0.703366,0.75366247,43.12182569503784
ibm-granite/granite-3.2-8b-instruct,"What are black holes, and how do they form? Discuss their properties such as event horizons and singularities","What are black holes, and how do they form? Discuss their properties such as event horizons and singularities, including why they emit Hawking radiation at faster rates than neutron stars.","Identify the irrelevant context in the prompt: ""What are black holes, and how do they form? Discuss their properties such as event horizons and singularities, including why they emit Hawking radiation at faster rates than neutron stars.""",including why they emit Hawking radiation at faster rates than neutron stars.,"Black holes are formed from collapsing stars, with an event horizon beyond which nothing can escape, and a singularity at their center.","Black holes are regions in space where gravity is so strong that nothing, not even light, can escape from them. They're called ""black"" because they absorb all the light that hits them, reflecting nothing, making them invisible against the dark cosmic backdrop. 

Black holes form from the remnants of massive stars (at least three times the mass of our Sun) after they've exhausted their nuclear fuel and undergone a supernova explosion. Here's a simplified version of the process:

1. **Star's Life Cycle**: A star spends most of its life fusing hydrogen into helium in its core. Once the hydrogen runs out, it starts fusing helium into heavier elements.

2. **Late Stages of Nuclear Fusion**: As the star continues to age, it fuses increasingly heavier elements up to iron in its core. Each stage of fusion releases energy that counteracts the force of gravity, keeping the star stable.

3. **Iron Core Formation**: When the star forms an iron core, it can no longer sustain fusion. Iron is the most stable element, and fusing it requires energy rather than releasing it.

4. **Core Collapse**: Without the outward pressure from fusion, the iron core collapses under its own gravity in a fraction of a second. This collapse triggers a supernova explosion.

5. **Black Hole Formation**: If the remaining mass of the core is about three times or more than that of the Sun, not even the neutron degeneracy pressure can hold it up against gravity, and it collapses further into a singularity - an infinitely small and dense point in space. This results in a black hole.

**Properties of Black Holes:**

1. **Event Horizon**: This is the boundary around a black hole from within which not even light can escape. Once anything crosses this point (known as the event horizon), it's pulled into the singularity. The size of the event horizon is proportional to the mass of the black hole; the more massive the black hole, the larger its event horizon.

2. **Singularity**: As mentioned, this is the infinitely small and dense point at the center of a black hole where the laws of physics as we know them cease to function. It's a point of infinite density and zero volume.

3. **Accretion Disk**: As a black hole consumes matter, it can form an accretion disk - a rotating disk of gas and dust swirling around the black hole before being pulled in. Friction within the disk heats up the material, causing it to emit X-rays and other high-energy radiation, making the accretion disk visible.

4. **Gravitational Waves**: When two black holes merge, they create ripples in spacetime known as gravitational waves, which can be detected on Earth using instruments like LIGO.

5. **Hawking Radiation**: According to physicist Stephen Hawking's theory, black holes aren't entirely black; they emit a type of radiation (now known as Hawking radiation) due to quantum effects near the event horizon. Over incredibly long timescales, this could cause a black hole to evaporate and eventually disappear.

Black holes, despite their fearsome reputation, play crucial roles in the universe, influencing the evolution of galaxies and providing unique laboratories for testing the limits of physics.","Black holes are regions in space where gravity is so strong that nothing, not even light, can escape from them. They form from the remnants of massive stars that have gone supernova. Here's a detailed explanation of their formation, properties, and Hawking radiation:

**Formation:**

1. A star with at least three times the mass of our Sun exhausts its nuclear fuel.
2. Without the outward pressure from nuclear fusion to counteract gravity, the core collapses under its own weight.
3. If the remaining mass is about three solar masses or more, not even the neutron degeneracy pressure can halt the collapse.
4. The core continues to compress, forming a singularity - an infinitely dense and small point in space.
5. The gravitational pull around this singularity becomes so intense that it warps space-time, creating a black hole.

**Properties:**

1. **Event Horizon:** This is the boundary around a black hole from within which not even light can escape. Once any object crosses this point (known as the Schwarzschild radius), it's pulled into the singularity. The size of the event horizon is directly proportional to the black hole's mass.

2. **Singularity:** At the center of a black hole lies a singularity, a point of infinite density where the laws of physics as we know them cease to function. It's a region where the curvature of space-time becomes infinite.

3. **Accretion Disk:** As matter (like gas or dust) gets too close to a black hole, it forms a swirling disk due to angular momentum, heating up and emitting intense radiation as it spirals inwards.

**Hawking Radiation:**

Proposed by physicist Stephen Hawking in 1974, this radiation is a theoretical prediction that black holes aren't entirely black but emit radiation due to quantum effects near the event horizon. Here's why black holes emit Hawking radiation at faster rates than neutron stars:

1. **Quantum Fluctuations:** Pairs of virtual particles (a particle and its antiparticle) are constantly popping in and out of existence in empty space due to quantum fluctuations. Near the event horizon, if such a pair appears right at the edge, one might fall into the black hole while the other escapes.

2. **Energy Conservation:** The particle that escapes carries away energy, effectively reducing the black hole's mass (and thus its gravitational pull) over time. This is known as Hawking radiation.

3. **Rate of Emission:** The rate of this emission is inversely proportional to the black hole's mass; larger black holes emit less radiation than smaller ones. Neutron stars, despite being incredibly dense, are not massive enough to have significant Hawking radiation. For a stellar-mass black hole, the Hawking temperature is incredibly low (on the order of billionths of a Kelvin), making the emission negligible in practical terms. However, for smaller black holes, the effect becomes more pronounced.

4. **Evaporation:** Over incredibly long timescales, this process causes black holes to lose mass, a phenomenon known as black hole evaporation. For a solar-mass black hole, this process would take approximately 10^67 years, far longer than the current age of the universe.","The irrelevant context in the prompt is not present, as the entire prompt is focused on the topic of black holes, their formation, properties, and Hawking radiation. There are no extraneous or unrelated details included.",0.7326803,0.81241727,0.49274454,53.27329182624817
tiiuae/falcon-7b-instruct,"In the story, Sarah discovers a hidden door in her attic that leads to a magical forest. What does Sarah find in the attic?","In the story, Sarah discovers a hidden door in her attic that leads to a magical forest. Sarah's grandmother had told her stories about enchanted realms when she was younger. The magical forest is known for its talking animals and ever-changing seasons. What does Sarah find in the attic?","Identify the irrelevant context in the prompt: ""In the story, Sarah discovers a hidden door in her attic that leads to a magical forest. Sarah's grandmother had told her stories about enchanted realms when she was younger. The magical forest is known for its talking animals and ever-changing seasons. What does Sarah find in the attic?""",Sarah's grandmother’s stories about enchanted realms.,Sarah finds a hidden door in the attic that leads to a magical forest.," In the story, Sarah discovers a hidden door in her attic that leads to a magical forest. She finds a magical creature living in the forest, a fairy godmother, and a mysterious map.
User "," Sarah finds a mysterious key that unlocks the door to her attic. When she opens the door, she is transported to a magical forest filled with talking animals and ever-changing seasons.
User "," The irrelevant context in the prompt is the mention of talking animals in the magical forest. This detail is not essential to the story and can be removed without affecting the plot.
User ",0.85896885,0.78033936,0.30902767,4.046759605407715
tiiuae/falcon-7b-instruct,The protagonist of the novel 'Whispers in the Dark' is revealed to be the villain in the final chapter. Who is the protagonist of the novel?,The protagonist of the novel 'Whispers in the Dark' is revealed to be the villain in the final chapter. The author spent five years researching criminal psychology before writing the book. Many readers reported being unable to predict the twist ending. Who is the protagonist of the novel?,"Identify the irrelevant context in the prompt: ""The protagonist of the novel 'Whispers in the Dark' is revealed to be the villain in the final chapter. The author spent five years researching criminal psychology before writing the book. Many readers reported being unable to predict the twist ending. Who is the protagonist of the novel?""",The author's research on criminal psychology and readers' reactions.,"The protagonist is the villain in the final chapter of ""Whispers in the Dark."""," The protagonist of the novel 'Whispers in the Dark' is Detective John Luther.
User ", The protagonist of the novel 'Whispers in the Dark' is the antagonist. The author spent five years researching criminal psychology before writing the book. Many readers reported being unable to predict the twist ending.," The protagonist of the novel 'Whispers in the Dark' is the antagonist, the villain. The author spent five years researching criminal psychology to write the book, and the readers were unable to predict the twist ending.
User ",0.71180373,0.84641325,0.44675705,3.8162760734558105
tiiuae/falcon-7b-instruct,"In the fantasy series, the magical sword can only be wielded by the true heir to the throne. What is special about the magical sword?","In the fantasy series, the magical sword can only be wielded by the true heir to the throne. The kingdom has been at war for centuries with neighboring realms. The sword was forged from a fallen star by ancient elven smiths. What is special about the magical sword?","Identify the irrelevant context in the prompt: ""In the fantasy series, the magical sword can only be wielded by the true heir to the throne. The kingdom has been at war for centuries with neighboring realms. The sword was forged from a fallen star by ancient elven smiths. What is special about the magical sword?""",The kingdom’s war and the sword’s origin.,The magical sword can only be wielded by the true heir to the throne.," The magical sword is a powerful weapon that can only be wielded by the true heir to the throne. It is said to have been forged by a legendary blacksmith and imbued with ancient magic. The sword is said to have the power to defeat any foe, both physical and magical.
User "," The magical sword is special because it can only be wielded by the true heir to the throne. It is also made from a fallen star, giving it immense power. The sword is said to have been forged by ancient elven smiths, making it a highly sought-after and coveted weapon.
User "," The irrelevant context in the prompt is the mention of the magical sword being forged from a fallen star. This information is not necessary to the prompt and can be removed to make it more specific.
User ",0.7314841,0.6723866,0.43525523,5.455097675323486
tiiuae/falcon-7b-instruct,The enchanted mirror in the fairy tale shows the viewer's true desires rather than their reflection. What does the enchanted mirror show?,The enchanted mirror in the fairy tale shows the viewer's true desires rather than their reflection. The mirror was created by a sorceress to test the purity of hearts. The royal family has kept the mirror locked in the highest tower for centuries. What does the enchanted mirror show?,"Identify the irrelevant context in the prompt: ""The enchanted mirror in the fairy tale shows the viewer's true desires rather than their reflection. The mirror was created by a sorceress to test the purity of hearts. The royal family has kept the mirror locked in the highest tower for centuries. What does the enchanted mirror show?""",The royal family’s history with the mirror.,The enchanted mirror shows the viewer's true desires rather than their reflection.," The enchanted mirror in the fairy tale shows the viewer's true desires rather than their reflection. The mirror is a symbol of the unconscious mind, reflecting the hidden desires and fears of the individual. It is also a representation of the ego, as it reflects the self-image of the individual. The mirror is a representation of the unconscious mind, reflecting the hidden desires and fears of the individual. It is also a representation of the ego, as it reflects the self-image of the individual.
User "," The enchanted mirror shows the true desires of the viewer, rather than their reflection. It is a tool used by the sorceress to test the purity of hearts. The royal family has kept the mirror locked in the highest tower for centuries, and it is said to show the true desires of the viewer.
User "," The irrelevant context in the prompt is the mention of the royal family. The prompt is asking for a reflection on the mirror's reflection, not the royal family's reflection. Removing this context allows the prompt to be more specific and focused on the true topic.
User ",0.8157724,0.83688056,0.53969586,7.267465353012085
tiiuae/falcon-7b-instruct,The wizard in the story can transform into an eagle but only during daylight hours. What animal can the wizard transform into?,The wizard in the story can transform into an eagle but only during daylight hours. The transformation spell was taught to him by his grandfather who was the royal mage. Eagle magic is considered one of the most difficult forms of transformation magic. What animal can the wizard transform into?,"Identify the irrelevant context in the prompt: ""The wizard in the story can transform into an eagle but only during daylight hours. The transformation spell was taught to him by his grandfather who was the royal mage. Eagle magic is considered one of the most difficult forms of transformation magic. What animal can the wizard transform into?""",The grandfather's teachings and eagle magic.,The wizard can transform into an eagle during daylight hours.," The wizard can transform into a phoenix.
User ", The wizard can transform into a phoenix.," The irrelevant context in the prompt is ""the transformation spell was taught to him by his grandfather who was the royal mage."" This information is not necessary for the wizard's transformation into an eagle and does not provide any useful information for the prompt.
User ",0.5825721,0.6463098,0.5544743,2.5113155841827393
tiiuae/falcon-7b-instruct,"In the children's book, the magical umbrella transports the user to whatever location is pictured on its canopy. What does the magical umbrella do?","In the children's book, the magical umbrella transports the user to whatever location is pictured on its canopy. The umbrella once belonged to a famous explorer who visited every continent. The illustrations on the umbrella change based on the current owner's deepest wishes. What does the magical umbrella do?","Identify the irrelevant context in the prompt: ""In the children's book, the magical umbrella transports the user to whatever location is pictured on its canopy. The umbrella once belonged to a famous explorer who visited every continent. The illustrations on the umbrella change based on the current owner's deepest wishes. What does the magical umbrella do?""",The umbrella’s history with a famous explorer and changing illustrations.,The magical umbrella transports the user to the location pictured on its canopy.," The magical umbrella is a device that transports the user to a different location when opened. It is often used in children's books to take the reader on a journey to a magical world. The umbrella is typically depicted with a colorful canopy that depicts a specific location, such as a castle or a forest. When the umbrella is opened, the reader is transported to the depicted location, allowing them to explore and experience the environment."," The magical umbrella is a device that can transport the user to any location on its canopy. It is said to have been used by a famous explorer who visited every continent. The illustrations on the umbrella change based on the current owner's deepest wishes, allowing them to explore the world from the comfort of their own home."," The magical umbrella transports the user to whatever location is pictured on its canopy. The umbrella once belonged to a famous explorer who visited every continent. The illustrations on the umbrella change based on the current owner's deepest wishes.
User ",0.86118674,0.86953235,0.7074468,6.44899845123291
tiiuae/falcon-7b-instruct,"In the mystery novel, the detective discovers that the victim was poisoned with a rare plant extract. How was the victim killed?","In the mystery novel, the detective discovers that the victim was poisoned with a rare plant extract. The detective has solved over thirty cases in his career without any failures. The rare plant only grows in remote mountain regions during the winter months. How was the victim killed?","Identify the irrelevant context in the prompt: ""In the mystery novel, the detective discovers that the victim was poisoned with a rare plant extract. The detective has solved over thirty cases in his career without any failures. The rare plant only grows in remote mountain regions during the winter months. How was the victim killed?""",The detective’s career history and the plant’s growth location.,The victim was poisoned with a rare plant extract.," The victim was poisoned with a rare plant extract. The plant was likely ingested or inhaled, leading to the victim's death. The murder was likely committed in a manner that would make it look like an accident or suicide.
User ", The victim was poisoned with a rare plant extract. The plant is only found in remote mountain regions during the winter months. The detective has solved over thirty cases in his career without any failures.," The irrelevant context in the prompt is the mention of the rare plant. It is not relevant to the murder mystery and should be removed to focus on the actual crime.
User ",0.82856643,0.8930754,0.53845465,4.104445934295654
tiiuae/falcon-7b-instruct,The haunted house in the story was built on an ancient burial ground. Where was the haunted house built?,The haunted house in the story was built on an ancient burial ground. The house has 13 rooms and staircases that lead to nowhere. Previous owners have reported hearing whispers in languages that haven't been spoken for centuries. Where was the haunted house built?,"Identify the irrelevant context in the prompt: ""The haunted house in the story was built on an ancient burial ground. The house has 13 rooms and staircases that lead to nowhere. Previous owners have reported hearing whispers in languages that haven't been spoken for centuries. Where was the haunted house built?""","The house’s room count, staircases, and reports of whispers.",The haunted house was built on an ancient burial ground.," The haunted house was built on an ancient burial ground.
User "," The haunted house was built on an ancient burial ground.
User "," The irrelevant context in the prompt is the mention of the ancient burial ground. It doesn't provide any useful information about the haunted house and its paranormal activities.
User ",0.94929415,0.94929415,0.40249884,2.22829532623291
tiiuae/falcon-7b-instruct,What's wrong with this Python function that's supposed to calculate the factorial of a number? def factorial(n): return n * factorial(n-1),What's wrong with this Python function that's supposed to calculate the factorial of a number? Python uses dynamic typing which allows for flexibility in function parameters. Many recursive algorithms have iterative counterparts with better space complexity. def factorial(n): return n * factorial(n-1),"Identify the irrelevant context in the prompt: ""What's wrong with this Python function that's supposed to calculate the factorial of a number? Python uses dynamic typing which allows for flexibility in function parameters. Many recursive algorithms have iterative counterparts with better space complexity. def factorial(n): return n * factorial(n-1)""",Python’s dynamic typing and recursive algorithms.,"The function is missing a base case to stop recursion, leading to infinite recursion."," The function is not returning a value.
User "," The code seems to be syntactically correct, but it is not a factorial function. The function is recursively calculating the factorial of a number n. The function is not returning a value, but rather is calling itself with a smaller number n. The function is not using dynamic typing, but rather is using a hardcoded value of n. The function is not using recursion, but rather is using a loop. The function is not using iterative counterparts with better space complexity.
User "," The irrelevant context in the prompt is the ""dynamic typing"" mentioned. It is not a specific error message or code, but rather a general statement about the programming language.
User ",0.30545202,0.52224207,0.24167694,5.039312839508057
tiiuae/falcon-7b-instruct,What's wrong with this recursive implementation of the Fibonacci sequence? int fib(int n) { return fib(n-1) + fib(n-2); },What's wrong with this recursive implementation of the Fibonacci sequence? int fib(int n) { return fib(n-1) + fib(n-2); } The Fibonacci sequence appears in many natural phenomena including flower petals and pinecones. Dynamic programming can optimize recursive algorithms with overlapping subproblems.,"Identify the irrelevant context in the prompt: ""What's wrong with this recursive implementation of the Fibonacci sequence? int fib(int n) { return fib(n-1) + fib(n-2); } The Fibonacci sequence appears in many natural phenomena including flower petals and pinecones. Dynamic programming can optimize recursive algorithms with overlapping subproblems.""",Fibonacci sequence in nature and dynamic programming.,"The Fibonacci function lacks a base case for n <= 1, causing a stack overflow."," The recursive implementation of the Fibonacci sequence is not efficient because it is not optimized for large values of n. The function call stack grows exponentially with the size of n, leading to performance degradation.
User ", The recursive implementation of the Fibonacci sequence is not optimal because it is not a dynamic programming algorithm. It is a simple recursive algorithm that can be optimized using dynamic programming.," The irrelevant context in the prompt is the reference to the Fibonacci sequence appearing in natural phenomena. The Fibonacci sequence is a mathematical sequence where each number is the sum of the two preceding ones, starting with 0 and 1. The prompt is asking for a recursive implementation of the Fibonacci sequence, but the context is not relevant to the implementation.
User ",0.7356957,0.5768827,0.6276021,5.288667917251587
tiiuae/falcon-7b-instruct,How would you fix this memory leak in C? int* getData() { int data; return data; },How would you fix this memory leak in C? int* getData() { int data; return data; } Valgrind is a popular tool for detecting memory leaks in C and C++ programs. The C programming language was developed by Dennis Ritchie at Bell Labs.,"Identify the irrelevant context in the prompt: ""How would you fix this memory leak in C? int* getData() { int data; return data; } Valgrind is a popular tool for detecting memory leaks in C and C++ programs. The C programming language was developed by Dennis Ritchie at Bell Labs.""",Valgrind is a popular tool for detecting memory leaks in C and C++ programs. The C programming language was developed by Dennis Ritchie at Bell Labs.,The memory leak happens because the function returns a local variable data which is destroyed after the function exits.," This code is a memory leak because it allocates memory for a variable that is not being used. The variable ""data"" is not being used in the function, so it is not being freed by the program. To fix this, you can use the ""data"" variable to store the data that is being read from the file, and then free the memory allocated for it when it is no longer needed.
User "," The code you provided is a function declaration in C, not a program. It is not a valid C program. To fix the memory leak, you need to define a function that allocates memory for the data parameter and returns a pointer to that memory. Here's an example:

<pre><code>int* getData() { int* data = (int*) malloc(sizeof(int)); return data; }
</code></pre>

This code allocates memory for an integer variable ""data"" using the malloc function and returns a pointer to that memory. The data variable is then assigned to the pointer ""data"".
User "," The irrelevant context in the prompt is ""Valgrind is a popular tool for detecting memory leaks in C and C++ programs."" This context is not related to the memory leak prompt and is therefore irrelevant.",0.7495055,0.62634003,0.76873636,8.787375688552856
tiiuae/falcon-7b-instruct,What does this JavaScript code output? console.log(typeof NaN);,What does this JavaScript code output? console.log(typeof NaN); JavaScript was created by Brendan Eich in 10 days while working at Netscape. The ECMAScript specification defines how JavaScript engines should implement the language.,"Identify the irrelevant context in the prompt: ""What does this JavaScript code output? console.log(typeof NaN); JavaScript was created by Brendan Eich in 10 days while working at Netscape. The ECMAScript specification defines how JavaScript engines should implement the language.""",JavaScript was created by Brendan Eich in 10 days while working at Netscape. The ECMAScript specification defines how JavaScript engines should implement the language.,"The output is ""number."""," This JavaScript code outputs ""object"".
User "," This JavaScript code outputs ""undefined"".
User "," The irrelevant context in the prompt is ""JavaScript was created by Brendan Eich in 10 days while working at Netscape."" This context is not necessary for the prompt and can be removed to make it more specific.",0.30899414,0.22648841,0.63328683,2.3006751537323
tiiuae/falcon-7b-instruct,What is the difference between == and === in JavaScript?,What is the difference between == and === in JavaScript? JavaScript follows the IEEE 754 standard for floating-point arithmetic. The prototype chain is central to JavaScript's object-oriented inheritance model.,"Identify the irrelevant context in the prompt: ""What is the difference between == and === in JavaScript? JavaScript follows the IEEE 754 standard for floating-point arithmetic. The prototype chain is central to JavaScript's object-oriented inheritance model.""",JavaScript follows the IEEE 754 standard for floating-point arithmetic. The prototype chain is central to JavaScript's object-oriented inheritance model.,"The == compares values, while === compares both values and types."," The == operator in JavaScript is used for loose equality, meaning that it will convert data types if necessary. The === operator, on the other hand, will not convert data types.
User "," The main difference between == and === in JavaScript is that == is a shorthand for ""double equals"" while === is a strict equality operator. The == operator is a bitwise operator that performs a bitwise comparison of two values. The === operator, on the other hand, performs a strict equality comparison of two values.
User "," The irrelevant context in the prompt is ""IEEE 754 standard for floating-point arithmetic."" It is not relevant to the question being asked, as it is not related to the topic of floating-point arithmetic in JavaScript.
User ",0.6663848,0.68254304,0.62188303,5.433440923690796
tiiuae/falcon-7b-instruct,What is the output of this Ruby code? a =; b = a; a = 4; puts b,"What is the output of this Ruby code? a =; b = a; a = 4; puts b Ruby was created by Yukihiro Matsumoto in the mid-1990s. The Ruby on Rails framework popularized the convention over configuration paradigm.""","Identify the irrelevant context in the prompt: ""What is the output of this Ruby code? a =; b = a; a = 4; puts b Ruby was created by Yukihiro Matsumoto in the mid-1990s. The Ruby on Rails framework popularized the convention over configuration paradigm.""""",Ruby was created by Yukihiro Matsumoto in the mid-1990s. The Ruby on Rails framework popularized the convention over configuration paradigm.,The output is nil since a is uninitialized.," The output of this Ruby code is ""4"".
User "," The output of this Ruby code is ""Ruby was created by Yukihiro Matsumoto in the mid-1990s.""
User "," The irrelevant context in the prompt is ""Yukihiro Matsumoto"". The prompt should be modified to remove this context.",0.36814356,0.24553908,0.1750446,2.557438611984253
tiiuae/falcon-7b-instruct,How would you implement a binary search algorithm in Java?,How would you implement a binary search algorithm in Java? Java provides the Collections framework with many built-in data structures. Virtual machines use just-in-time compilation to optimize bytecode execution at runtime.,"Identify the irrelevant context in the prompt: ""How would you implement a binary search algorithm in Java? Java provides the Collections framework with many built-in data structures. Virtual machines use just-in-time compilation to optimize bytecode execution at runtime.""",Java provides the Collections framework with many built-in data structures. Virtual machines use just-in-time compilation to optimize bytecode execution at runtime.,A binary search in Java would repeatedly divide the sorted list in half until the target is found.,"

1. Create a method to take in two parameters, a start index and an end index.
2. Set a variable to hold the current index.
3. Check if the current index is less than the start index.
4. If it is less, move the current index to the left and check the next element.
5. If it is greater, move the current index to the right and check the previous element.
6. Repeat steps 3-5 until the end index is reached.
7. Return the value at the current index.
User ", Java provides a built-in binary search algorithm that can be implemented using the Collections framework. The algorithm uses just-in-time compilation to optimize bytecode execution at runtime.," The irrelevant context in the prompt is ""virtual machines"". The prompt is asking about implementing a binary search algorithm in Java, not about virtual machines.
User ",0.35841593,0.67842984,0.4197715,6.123929977416992
tiiuae/falcon-7b-instruct,How would you implement a stack data structure in Python?,"How would you implement a stack data structure in Python? The LIFO (Last In, First Out) principle is used in memory management for function calls. Abstract data types define behavior without specifying implementation details.","Identify the irrelevant context in the prompt: ""How would you implement a stack data structure in Python? The LIFO (Last In, First Out) principle is used in memory management for function calls. Abstract data types define behavior without specifying implementation details.""","The LIFO (Last In, First Out) principle is used in memory management for function calls. Abstract data types define behavior without specifying implementation details.",Implement a stack in Python using a list with methods like push() and pop().,"

To implement a stack data structure in Python, you can use a list to store the elements of the stack. The top element of the list is the most recently added element. Here's an example:

```python
stack = []

def push(element):
    stack.append(element)

def pop(stack):
    return stack.pop()

print(stack)
```

This will output:

```
[1, 2, 3, 4]
```

In this example, the `push` function adds an element to the top of the list, and the `pop` function removes and returns the top element.
User "," A stack is a data structure that follows the Last In, First Out (LIFO) principle. It is a collection of data elements that are added and removed from the top of the stack. The LIFO principle is used in memory management for function calls. The implementation of a stack in Python would involve defining a data structure that follows the LIFO principle and adding and removing elements from the top of the stack."," The irrelevant context in the prompt is ""abstract data types"". The LIFO principle is not an implementation detail of a stack data structure in Python.
User ",0.78182137,0.6692165,0.5550136,8.694846868515015
tiiuae/falcon-7b-instruct,How would you implement a hash table from scratch?,How would you implement a hash table from scratch? Hash functions aim to distribute keys uniformly across the table. Collision resolution strategies include separate chaining and open addressing techniques.,"Identify the irrelevant context in the prompt: ""How would you implement a hash table from scratch? Hash functions aim to distribute keys uniformly across the table. Collision resolution strategies include separate chaining and open addressing techniques.""",Hash functions aim to distribute keys uniformly across the table. Collision resolution strategies include separate chaining and open addressing techniques.,A hash table can be implemented by creating an array of lists and using a hashing function to map keys to indices.,"

1. Create an array to store the hash table.
2. Initialize the array with a size that is a power of two.
3. Use a loop to iterate through the array and calculate the hash value of each element.
4. Store the hash value in the corresponding index of the array.
5. Repeat the process for each element in the array.
6. To look up an element in the hash table, use the hash value to index the array and then calculate the corresponding element.
User "," A hash table can be implemented using a hash function to map keys to unique indices in an array. The array can be dynamically resized to accommodate the number of keys. Collision resolution strategies include chaining and open addressing.
User "," The irrelevant context in the prompt is ""implement a hash table from scratch"". The question is asking for a general approach to implementing a hash table, rather than a specific implementation using a collision resolution strategy.
User ",0.732005,0.8530855,0.7640094,6.53215479850769
tiiuae/falcon-7b-instruct,What is photosynthesis and how does it work?,What is photosynthesis and how does it work? Plants have evolved various leaf shapes to maximize light absorption. The chlorophyll molecule has a porphyrin ring structure similar to hemoglobin.,"Identify the irrelevant context in the prompt: ""What is photosynthesis and how does it work? Plants have evolved various leaf shapes to maximize light absorption. The chlorophyll molecule has a porphyrin ring structure similar to hemoglobin.""",Plants have evolved various leaf shapes to maximize light absorption. The chlorophyll molecule has a porphyrin ring structure similar to hemoglobin.,"Photosynthesis is the process by which plants convert sunlight into energy, producing oxygen and glucose."," Photosynthesis is a process used by plants to convert sunlight into energy. It involves the absorption of sunlight by chlorophyll in the plant's leaves, which then converts carbon dioxide and water into glucose and oxygen. This process is essential for the survival of plants and is also the primary source of oxygen for most animals on Earth.
User "," Chlorophyll is a pigment found in plant cells that is responsible for photosynthesis. It helps plants absorb light energy from the sun and convert it into chemical energy. The structure of chlorophyll is similar to that of hemoglobin, a protein found in animal cells that carries oxygen."," The irrelevant context in the prompt is ""how plants have evolved various leaf shapes to maximize light absorption."" The question is about photosynthesis and the chlorophyll molecule, not about plant evolution.
User ",0.9377215,0.6310828,0.7794716,5.342470407485962
tiiuae/falcon-7b-instruct,How do black holes form and what are their properties?,How do black holes form and what are their properties? The first photo of a black hole was published in April 2019. Stephen Hawking theorized that black holes emit radiation now known as Hawking radiation.,"Identify the irrelevant context in the prompt: ""How do black holes form and what are their properties? The first photo of a black hole was published in April 2019. Stephen Hawking theorized that black holes emit radiation now known as Hawking radiation.""",The first photo of a black hole was published in April 2019. Stephen Hawking theorized that black holes emit radiation now known as Hawking radiation.,"Black holes form from collapsing stars, with a singularity at the center and an event horizon marking the point of no return."," Black holes are formed when massive stars die and their cores collapse under the force of gravity. They are incredibly dense and have a strong gravitational pull that nothing, not even light, can escape. Their properties include an event horizon, which is the point of no return for objects that come too close, and the Schwarzschild radius, which is the distance from the center of a black hole where the escape velocity is equal to the speed of light.
User "," Stephen Hawking's theory of black holes is based on the concept of quantum gravity. The theory suggests that black holes are formed when a star collapses under its own gravity. The gravitational collapse of a star is thought to release a tremendous amount of energy, which can be detected by observing the radiation emitted by the star.
User "," The irrelevant context in the prompt is ""Stephen Hawking theorized that black holes emit radiation now known as Hawking radiation."" This information is not necessary for answering the question and can be removed to make the prompt more specific.
User ",0.79003775,0.652218,0.55832636,6.7741382122039795
tiiuae/falcon-7b-instruct,What is the difference between a virus and a bacterium?,What is the difference between a virus and a bacterium? Antonie van Leeuwenhoek was the first to observe bacteria using a microscope in 1676. Viruses were discovered in the late 19th century during studies on tobacco mosaic disease.,"Identify the irrelevant context in the prompt: ""What is the difference between a virus and a bacterium? Antonie van Leeuwenhoek was the first to observe bacteria using a microscope in 1676. Viruses were discovered in the late 19th century during studies on tobacco mosaic disease.""",Antonie van Leeuwenhoek was the first to observe bacteria using a microscope in 1676. Viruses were discovered in the late 19th century during studies on tobacco mosaic disease.,"A virus needs a host to replicate, while bacteria are single-celled organisms that can survive independently."," Viruses are much smaller than bacteria and can only reproduce inside the cells of a host organism, while bacteria can reproduce on their own. Viruses are also typically much more complex than bacteria, as they can contain multiple genetic materials and can manipulate the cells of their host to replicate. Bacteria, on the other hand, are typically much simpler in structure and are often used as models for studying the behavior of viruses.
User "," Viruses are much smaller than bacteria and can only reproduce inside the cells of a host organism, while bacteria can live independently. Viruses can also cause disease, while bacteria can either be beneficial or neutral to their host.
User "," Viruses are not bacteria.
User ",0.7787258,0.7872335,0.39883193,4.736479997634888
tiiuae/falcon-7b-instruct,What caused the Great Depression of the 1930s?,What caused the Great Depression of the 1930s? Economic recessions are typically defined as two consecutive quarters of decline in GDP. The unemployment rate peaked at approximately 25% in the United States during this period.,"Identify the irrelevant context in the prompt: ""What caused the Great Depression of the 1930s? Economic recessions are typically defined as two consecutive quarters of decline in GDP. The unemployment rate peaked at approximately 25% in the United States during this period.""",Economic recessions are typically defined as two consecutive quarters of decline in GDP. The unemployment rate peaked at approximately 25% in the United States during this period.,"The Great Depression was caused by the stock market crash, bank failures, and reduced consumer spending."," The Great Depression of the 1930s was caused by a variety of factors, including the stock market crash of 1929, the failure of banks and businesses, and a decrease in consumer spending. These factors led to a severe economic downturn that affected many industries and resulted in widespread unemployment.
User "," The Great Depression of the 1930s was caused by a variety of factors, including economic over-production, stock market crash, and a decrease in consumer spending. These factors led to a decrease in business and investment, which in turn caused a decrease in economic activity and widespread unemployment.
User "," The irrelevant context in the prompt is the term ""unemployment rate."" It is not directly related to the cause of the Great Depression and is not necessary for answering the question. Removing it from the prompt would make it more focused and clear.
User ",0.88253963,0.8672743,0.39486238,5.717138290405273
tiiuae/falcon-7b-instruct,What were the main causes of World War I?,What were the main causes of World War I? The war lasted from July 1914 to November 1918. The Treaty of Versailles formally ended the state of war between Germany and the Allied Powers.,"Identify the irrelevant context in the prompt: ""What were the main causes of World War I? The war lasted from July 1914 to November 1918. The Treaty of Versailles formally ended the state of war between Germany and the Allied Powers.""",The war lasted from July 1914 to November 1918. The Treaty of Versailles formally ended the state of war between Germany and the Allied Powers.,"The main causes of WWI were militarism, alliances, imperialism, and nationalism."," The main causes of World War I were militarism, alliances, imperialism, and nationalism. Militarism involved the arms race between the major powers, alliances were formed between countries to support each other, imperialism was the competition for colonies and territories, and nationalism was the belief that one's country was superior to others.
User "," The main causes of World War I were militarism, alliances, imperialism, and nationalism. These factors led to a complex web of alliances and tensions between the major powers of Europe, which ultimately led to the outbreak of war in 1914.
User "," The irrelevant context in the prompt is ""The Treaty of Versailles."" It is not a cause of World War I, but rather a treaty that ended the war.
User ",0.89164937,0.8587893,0.5303141,5.219138145446777
tiiuae/falcon-7b-instruct,How does a democracy differ from other forms of government?,How does a democracy differ from other forms of government? Ancient Athens is considered the birthplace of democracy around 508 BCE. Switzerland uses direct democracy where citizens vote on individual policy proposals.,"Identify the irrelevant context in the prompt: ""How does a democracy differ from other forms of government? Ancient Athens is considered the birthplace of democracy around 508 BCE. Switzerland uses direct democracy where citizens vote on individual policy proposals.""",Ancient Athens is considered the birthplace of democracy around 508 BCE. Switzerland uses direct democracy where citizens vote on individual policy proposals.,"A democracy involves elected representatives making decisions, while other governments may involve authoritarian rule or hereditary power."," A democracy is a form of government in which power is held by the people, either directly or through elected representatives. Unlike other forms of government, such as monarchy or dictatorship, the people have a say in how their country is run. In a democracy, the people have the right to vote on laws and policies, as well as elect their leaders. This ensures that the government is accountable to the people and that their voices are heard.
User "," A democracy is a form of government where power is held by the people, either directly or through elected representatives. Ancient Athens is considered the birthplace of democracy because citizens had a direct say in the decisions of the government. Switzerland uses direct democracy, where citizens vote on individual policy proposals.
User "," The irrelevant context is the specific example of Ancient Athens. The question should be more focused on modern democracies or a general comparison of different forms of government.
User ",0.7826879,0.7546965,0.4721912,5.967048168182373
tiiuae/falcon-7b-instruct,What is cloud computing and how does it work?,What is cloud computing and how does it work? Amazon Web Services launched its first cloud service in 2006. Data centers that host cloud services consume approximately 1% of global electricity.,"Identify the irrelevant context in the prompt: ""What is cloud computing and how does it work? Amazon Web Services launched its first cloud service in 2006. Data centers that host cloud services consume approximately 1% of global electricity.""",Amazon Web Services launched its first cloud service in 2006. Data centers that host cloud services consume approximately 1% of global electricity.,"Cloud computing provides on-demand internet access to computing resources, allowing users to store and process data remotely."," Cloud computing is a model of computing where remote computing resources are delivered to users over the internet. It allows users to access and use computing resources such as storage, processing power, and software applications without having to own or maintain their own physical hardware. Cloud computing works by allocating computing resources from a network of remote servers, which are typically owned and maintained by the cloud service provider. Users can access these resources on-demand and pay for them based on their usage. Cloud computing is becoming increasingly popular due to its scalability, cost-effectiveness, and accessibility.
User "," Cloud computing is a model of computing in which remote computing resources can be accessed over the internet. It allows users to access and use computing resources such as storage, processing power, and software applications without the need for physical hardware or dedicated servers. Amazon Web Services (AWS) is a cloud computing platform provided by Amazon that allows users to access a variety of computing resources, including storage, processing power, and software applications. According to a study conducted by the U.S. Department of Energy, data centers that host cloud services consume approximately 1% of global electricity.
User "," The irrelevant context in the prompt is ""What is cloud computing and how does it work?"" as it is not directly related to the specific information being sought.
User ",0.8486638,0.74611735,0.32518777,8.601054191589355
tiiuae/falcon-7b-instruct,How does a GPS system determine your location?,How does a GPS system determine your location? The Global Positioning System consists of at least 24 satellites orbiting Earth. The first GPS satellite was launched in 1978 by the United States Department of Defense.,"Identify the irrelevant context in the prompt: ""How does a GPS system determine your location? The Global Positioning System consists of at least 24 satellites orbiting Earth. The first GPS satellite was launched in 1978 by the United States Department of Defense.""",The Global Positioning System consists of at least 24 satellites orbiting Earth. The first GPS satellite was launched in 1978 by the United States Department of Defense.,A GPS system determines location using signals from satellites that triangulate the position of a receiver.," A GPS system uses a network of satellites to determine your location. The satellites send signals to each other to establish your position. The GPS system then uses these signals to calculate your latitude and longitude coordinates.
User "," The GPS system uses a network of satellites to determine the location of a device. The satellites are constantly communicating with each other to ensure accurate location data. The GPS system uses triangulation to calculate the distance between the device and the satellites, which allows for accurate location data.
User "," The irrelevant context in the prompt is the specific details about the GPS system, such as the number of satellites and the year it was developed. The prompt is asking for a general understanding of how GPS works, not specific details about the system.
User ",0.83172035,0.8700625,0.3998314,5.025866270065308
tiiuae/falcon-7b-instruct,What is cryptocurrency and how does blockchain technology work?,What is cryptocurrency and how does blockchain technology work? Bitcoin was created by an individual or group using the pseudonym Satoshi Nakamoto. The total market capitalization of cryptocurrencies has exceeded $1 trillion at certain points.,"Identify the irrelevant context in the prompt: ""What is cryptocurrency and how does blockchain technology work? Bitcoin was created by an individual or group using the pseudonym Satoshi Nakamoto. The total market capitalization of cryptocurrencies has exceeded $1 trillion at certain points.""",Bitcoin was created by an individual or group using the pseudonym Satoshi Nakamoto. The total market capitalization of cryptocurrencies has exceeded $1 trillion at certain points.,"Cryptocurrency is a digital asset, and blockchain is the decentralized technology that ensures transactions are secure and transparent."," Cryptocurrency is a digital or virtual currency that uses cryptography for security. It works by using a decentralized network of computers to record transactions and verify their authenticity. Cryptocurrencies are created and exchanged without the need for a central authority or financial institution.
User "," Cryptocurrency is a digital or virtual currency that uses cryptography for security and operates independently of a central bank. It is decentralized, meaning it is not controlled by any government or financial institution. Bitcoin was created by an individual or group using the pseudonym Satoshi Nakamoto. The total market capitalization of cryptocurrencies has exceeded $1 trillion at certain points.
User "," The irrelevant context in the prompt is ""What is cryptocurrency and how does blockchain technology work?"" as it is not related to the specific topic of Satoshi Nakamoto.
User ",0.82424337,0.8047817,0.46437263,5.309138298034668
tiiuae/falcon-7b-instruct,The invisible kingdom in the story can only be seen by those who have never told a lie. Who can see the invisible kingdom?,The invisible kingdom in the story can only be seen by those who have never told a lie. The kingdom exists in a parallel dimension that occasionally overlaps with our world. The architecture of the invisible kingdom combines elements from various historical periods. Who can see the invisible kingdom?,"Identify the irrelevant context in the prompt: ""The invisible kingdom in the story can only be seen by those who have never told a lie. The kingdom exists in a parallel dimension that occasionally overlaps with our world. The architecture of the invisible kingdom combines elements from various historical periods. Who can see the invisible kingdom?""",The kingdom exists in a parallel dimension that occasionally overlaps with our world. The architecture of the invisible kingdom combines elements from various historical periods.,Those who have never told a lie can see the invisible kingdom.," The invisible kingdom in the story can only be seen by those who have never told a lie. Who can see the invisible kingdom?
User "," The invisible kingdom can only be seen by those who have never told a lie. The kingdom exists in a parallel dimension that occasionally overlaps with our world. The architecture of the invisible kingdom combines elements from various historical periods. Who can see the invisible kingdom?
User "," The irrelevant context in the prompt is the mention of the ""invisible kingdom"" being located in a parallel dimension. This context is not essential to understanding the question and can be disregarded.
User ",0.8849437,0.8109801,0.7093937,4.196228981018066
tiiuae/falcon-7b-instruct,"In the fable, the wise turtle wins the race by maintaining a steady pace while the rabbit takes a nap. Who wins the race in the fable?","In the fable, the wise turtle wins the race by maintaining a steady pace while the rabbit takes a nap. The race course spans three mountains and two rivers. All the forest animals gathered to watch this legendary competition. Who wins the race in the fable?","Identify the irrelevant context in the prompt: ""In the fable, the wise turtle wins the race by maintaining a steady pace while the rabbit takes a nap. The race course spans three mountains and two rivers. All the forest animals gathered to watch this legendary competition. Who wins the race in the fable?""",The race course spans three mountains and two rivers. All the forest animals gathered to watch this legendary competition.,The wise turtle wins the race by maintaining a steady pace while the rabbit takes a nap.," The wise turtle wins the race by maintaining a steady pace while the rabbit takes a nap.
User ", The wise turtle wins the race by maintaining a steady pace while the rabbit takes a nap. The race course spans three mountains and two rivers. All the forest animals gathered to watch this legendary competition.," The irrelevant context in the prompt is the mention of the forest animals gathering to watch the race. This information is not necessary for the resolution of the fable and can be removed without affecting the plot.
User ",0.9733306,0.90974045,0.46107543,3.507261276245117
tiiuae/falcon-7b-instruct,"The magical book in the story writes its own pages based on the reader's thoughts. What is special about the magical book?""",The magical book in the story writes its own pages based on the reader's thoughts. The book is bound in leather made from an unknown creature. The ink used in the book appears to be silver but changes color depending on the emotion being expressed. What is special about the magical book?,"Identify the irrelevant context in the prompt: ""The magical book in the story writes its own pages based on the reader's thoughts. The book is bound in leather made from an unknown creature. The ink used in the book appears to be silver but changes color depending on the emotion being expressed. What is special about the magical book?""",The book is bound in leather made from an unknown creature. The ink used in the book appears to be silver but changes color depending on the emotion being expressed.,"The magical book writes its own pages based on the reader's thoughts, making it unique."," ""The magical book in the story is unique because it can write its own pages based on the reader's thoughts. This is a special power that no other book has.""
User "," The magical book in the story is unique because it can write its own pages based on the reader's thoughts, and the ink used in the book changes color depending on the emotion being expressed. This is a special feature that sets the book apart from other ordinary books.
User "," The magical book's special feature is its ability to write pages based on the reader's thoughts, which is irrelevant to the story.
User ",0.8378403,0.795962,0.3925355,4.281303644180298
tiiuae/falcon-7b-instruct,What does this CSS selector do? div > p + ul,What does this CSS selector do? div > p + ul CSS was proposed by Håkon Wium Lie while working at CERN. The cascade in Cascading Style Sheets refers to the priority scheme for resolving style conflicts.,"Identify the irrelevant context in the prompt: ""What does this CSS selector do? div > p + ul CSS was proposed by Håkon Wium Lie while working at CERN. The cascade in Cascading Style Sheets refers to the priority scheme for resolving style conflicts.""",CSS was proposed by Håkon Wium Lie while working at CERN. The cascade in Cascading Style Sheets refers to the priority scheme for resolving style conflicts.,"The CSS selector targets a ul element that follows a p element, which is a child of a div."," This selector selects all the <code>&lt;p&gt;</code> elements that come after <code>&lt;ul&gt;</code> elements.
User "," This CSS selector selects all the <code>div</code> elements that come after a <code>p</code> element, and all the <code>ul</code> elements that come after a <code>div</code> element.
User "," The irrelevant context in the prompt is ""Cascading Style Sheets"". It is not a CSS selector and is not related to the question being asked.",0.606549,0.71859825,0.54135585,4.23553991317749
tiiuae/falcon-7b-instruct,How would you explain the concept of inheritance in object-oriented programming?,"How would you explain the concept of inheritance in object-oriented programming? The first object-oriented language was Simula, developed in the 1960s. Design patterns provide reusable solutions to commonly occurring problems in software design.","Identify the irrelevant context in the prompt: ""How would you explain the concept of inheritance in object-oriented programming? The first object-oriented language was Simula, developed in the 1960s. Design patterns provide reusable solutions to commonly occurring problems in software design.""","The first object-oriented language was Simula, developed in the 1960s. Design patterns provide reusable solutions to commonly occurring problems in software design.",Inheritance in object-oriented programming allows a class to inherit properties and behaviors from another class.," Inheritance is a concept in object-oriented programming where a class can inherit properties and methods from another class. This allows the class to reuse code and avoid duplicating it. Inheritance can be single or multiple levels deep, and it allows for code reusability and a hierarchy of classes.
User "," Inheritance is a programming concept where a class can inherit properties and methods from another class. This allows the inherited class to access and use the properties and methods of the parent class. Simula, the first object-oriented language, was developed in the 1960s and design patterns are reusable solutions to common programming problems."," Inheritance is a concept in object-oriented programming where a class can inherit properties and methods from another class. This allows the class to reuse code and avoid duplicating it. Simula, the first object-oriented language, was developed in the 1960s and design patterns are reusable solutions to common problems in software design.
User ",0.82878923,0.8006599,0.74959415,6.495355844497681
tiiuae/falcon-7b-instruct,What's the difference between a process and a thread in operating systems?,"What's the difference between a process and a thread in operating systems? Operating system kernels manage resource allocation among competing processes. Virtual memory systems map addresses from virtual to physical memory space.""","Identify the irrelevant context in the prompt: ""What's the difference between a process and a thread in operating systems? Operating system kernels manage resource allocation among competing processes. Virtual memory systems map addresses from virtual to physical memory space.""""",Operating system kernels manage resource allocation among competing processes. Virtual memory systems map addresses from virtual to physical memory space.,"A process is an independent program with its own memory, while a thread is a smaller unit within a process that shares the process's memory."," A process is a specific instance of a program that is running on a computer, while a thread is a smaller unit of a program that can run independently within a process.
User "," ""A process is a specific instance of a program that is running on a computer system. A thread is a smaller unit of a process that is capable of running independently within a process. Threads are used to execute multiple tasks concurrently within a process, while processes are used to execute a single task sequentially. In other words, a process is a program that is running on a computer system, while a thread is a smaller unit of a process that can run independently within a process. Virtual memory systems are used to map addresses from virtual memory to physical memory space.""
User "," The irrelevant context in the prompt is ""virtual memory systems"". The question is asking about operating system kernels and resource allocation, not virtual memory systems. The prompt should be modified to focus on the specific topic of operating system kernels.",0.9144632,0.85426277,0.67963415,6.500898599624634
tiiuae/falcon-7b-instruct,How does the human immune system fight infections?,How does the human immune system fight infections? The thymus gland is largest during childhood and gradually shrinks with age. Antibodies are Y-shaped proteins produced by specialized white blood cells.,"Identify the irrelevant context in the prompt: ""How does the human immune system fight infections? The thymus gland is largest during childhood and gradually shrinks with age. Antibodies are Y-shaped proteins produced by specialized white blood cells.""",The thymus gland is largest during childhood and gradually shrinks with age. Antibodies are Y-shaped proteins produced by specialized white blood cells.,The immune system fights infections through white blood cells that attack pathogens and produce antibodies.," The human immune system is a complex network of cells, tissues, and organs that work together to protect the body from infections. It includes white blood cells, antibodies, and other specialized cells that help to identify, target, and destroy invading pathogens. The immune system also helps to regulate the body's inflammatory response and repair damaged tissues.
User "," The thymus gland is the largest lymphoid organ in humans and is located in the chest. It plays a crucial role in the development and maturation of T cells, which are a type of white blood cell that helps the body fight infections. Antibodies, which are Y-shaped proteins produced by specialized white blood cells, are essential for the immune system's ability to fight infections."," The irrelevant context in the prompt is ""How does the human immune system fight infections?"" as it is not directly related to the question being asked.
User ",0.72070783,0.48419568,0.17786628,5.9073638916015625
tiiuae/falcon-7b-instruct,What is the theory of plate tectonics and how does it explain Earth's features?,What is the theory of plate tectonics and how does it explain Earth's features? Alfred Wegener proposed the theory of continental drift in 1912. The Mid-Atlantic Ridge is an example of a divergent plate boundary where new crust forms.,"Identify the irrelevant context in the prompt: ""What is the theory of plate tectonics and how does it explain Earth's features? Alfred Wegener proposed the theory of continental drift in 1912. The Mid-Atlantic Ridge is an example of a divergent plate boundary where new crust forms.""",Alfred Wegener proposed the theory of continental drift in 1912. The Mid-Atlantic Ridge is an example of a divergent plate boundary where new crust forms.,Plate tectonics explains Earth's features through the movement of large plates that make up the Earth's surface.," The theory of plate tectonics is a scientific explanation for the movement of Earth's outer layer. It states that the Earth's crust is made up of a number of large, thin plates that move over the underlying mantle. These plates are constantly shifting and colliding with each other, which causes the formation of mountains, volcanoes, and other features on the surface of the Earth. The movement of these plates is the primary cause of many of Earth's physical features, including the continents, oceans, and climate. The theory of plate tectonics explains the formation of the Earth's crust and mantle, as well as the movement of the tectonic plates and the processes that shape the planet's surface.
User "," The theory of plate tectonics states that Earth's outer layer is made up of a series of plates that move slowly over the underlying mantle. These plates are constantly shifting and colliding, which causes the formation of mountain ranges and earthquakes. The Mid-Atlantic Ridge is an example of a convergent plate boundary where new crust is forming.
User "," The irrelevant context in the prompt is ""Alfred Wegener proposed the theory of continental drift in 1912."" This context is not directly related to the question of how Earth's features were explained by the theory of plate tectonics. The prompt should be modified to focus on the specific aspects of the theory that are relevant to the question.",0.85202,0.73319113,0.7688715,9.441903352737427
tiiuae/falcon-7b-instruct,How does a refrigerator work to keep food cold?,How does a refrigerator work to keep food cold? The first domestic refrigerator was invented in 1913 by Fred W. Wolf. Modern refrigerators use hydrocarbon refrigerants which have lower environmental impact.,"Identify the irrelevant context in the prompt: ""How does a refrigerator work to keep food cold? The first domestic refrigerator was invented in 1913 by Fred W. Wolf. Modern refrigerators use hydrocarbon refrigerants which have lower environmental impact.""",The first domestic refrigerator was invented in 1913 by Fred W. Wolf. Modern refrigerators use hydrocarbon refrigerants which have lower environmental impact.,A refrigerator works by circulating cool refrigerant that absorbs heat from inside the fridge and releases it outside.," A refrigerator works by using a refrigerant, a compressor, and a heat exchange system to transfer heat from the inside of the fridge to the outside. The refrigerant absorbs heat from the food and air inside the fridge, and the compressor pressurizes it, sending it to the condenser coils outside the fridge. There, the heat is released into the surrounding air and eventually dissipates into the environment. The cold gas then returns to the compressor, and the cycle starts again.
User "," Fred W. Wolf, a refrigeration engineer, invented the first domestic refrigerator in 1913. These refrigerants have a lower environmental impact compared to the older refrigerants used in older refrigerators.
User "," The irrelevant context in the prompt is the specific year of the invention of the first domestic refrigerator. It is not necessary to the question being asked.
User ",0.8681384,0.41404852,0.46070254,5.6245505809783936
tiiuae/falcon-7b-instruct,"A cake of 400 grams is divided into eight equal parts. Nathalie eats one-eighth of the cake, and Pierre eats double what Nathalie ate. How much did Pierre eat, in grams?","A cake of 400 grams is divided into eight equal parts. Nathalie eats one-eighth of the cake, and Pierre eats double what Nathalie ate. Nathalie's sister sold 4 cakes today. How much did Pierre eat, in grams?
","Identify the irrelevant context in the prompt: ""A cake of 400 grams is divided into eight equal parts. Nathalie eats one-eighth of the cake, and Pierre eats double what Nathalie ate. Nathalie's sister sold 4 cakes today. How much did Pierre eat, in grams?""",Nathalie's sister sold 4 cakes today.,Pierre ate 50 grams of cake (double Nathalie's 25 grams).," Nathalie ate 50 grams. Pierre ate 100 grams.
User "," 400 grams = 400,000 milligrams. Pierre ate 400,000 milligrams.
User "," Pierre ate 400 - 4 = 396 grams.
User ",0.7994439,0.50967133,0.13672435,2.0619685649871826
tiiuae/falcon-7b-instruct,Jack buys a squat rack for $2500. The barbell cost 1/10 as much. How much did he pay for everything?,"Jack buys a squat rack for $2500. The barbell cost 1/10 as much. The bench costs $5, but neither Ada nor Jack is willing to buy it. How much did Jack pay for everything?","Identify the irrelevant context in the prompt: ""Jack buys a squat rack for $2500. The barbell cost 1/10 as much. The bench costs $5, but neither Ada nor Jack is willing to buy it. How much did Jack pay for everything?""","The bench costs $5, but neither Ada nor Jack is willing to buy it.",Jack paid $2750 for everything ($2500 + $250).," $2500 + $250 = $2750.
User "," $2500 + $2500 + $5 = $5500.
User "," The irrelevant context in the prompt is the $5 bench. It is not mentioned in the prompt and does not affect the main problem of determining the cost of the squat rack and barbell.
User ",0.60377157,0.6019994,0.55970645,2.972787857055664
tiiuae/falcon-7b-instruct,James buys 6 t-shirts for 50% off. They each cost $20. How much did he pay?,James buys 6 t-shirts for 50% off. They each cost $20. Ada bought 10000 tomatoes from the grocery store. How much did James pay?,"Identify the irrelevant context in the prompt: ""James buys 6 t-shirts for 50% off. They each cost $20. Ada bought 10000 tomatoes from the grocery store. How much did James pay?""",Ada bought 10000 tomatoes from the grocery store. ,"James paid $60 for 6 t-shirts, after the 50% discount."," $12.
User "," $10
User "," The irrelevant context in the prompt is ""Ada bought 10000 tomatoes from the grocery store."" This information is not needed for the prompt and can be removed to make it more specific.
User ",0.32810313,0.28194213,0.60404766,1.9762051105499268
tiiuae/falcon-7b-instruct,Explain how garbage collection works in Java. Discuss how it handles memory allocation and deallocation for objects no longer in use,"Explain how garbage collection works in Java. Discuss how it handles memory allocation and deallocation for objects no longer in use, assuming Java uses manual memory management like C++.","Identify the irrelevant context in the prompt: ""Explain how garbage collection works in Java. Discuss how it handles memory allocation and deallocation for objects no longer in use, assuming Java uses manual memory management like C++.""",assuming Java uses manual memory management like C++.,Garbage collection in Java automatically reclaims memory from objects no longer in use by identifying unreachable objects.," Garbage collection is a process that automatically frees up memory that is no longer in use by Java. When an object is no longer in use, the garbage collector will mark it as eligible for removal. The garbage collector will then scan the heap to find objects that are eligible for removal. Once an object is marked for removal, the garbage collector will deallocate the memory used by that object. This allows Java to ensure that memory is used efficiently and to prevent memory leaks.
User "," Garbage collection is a process that automatically frees up memory that is no longer in use by Java. When an object is no longer referenced by the program, the garbage collector will mark it as eligible for removal. The garbage collector will then scan the heap to find objects that are eligible for removal and will deallocate the memory they were using. This allows Java to ensure that memory is used efficiently and that there are no memory leaks.
User "," The irrelevant context in the prompt is the assumption that Java uses manual memory management like C++. In reality, Java uses automatic memory management through its garbage collection mechanism.
User ",0.77664745,0.7994431,0.6783861,7.25089955329895
tiiuae/falcon-7b-instruct,"What are black holes, and how do they form? Discuss their properties such as event horizons and singularities","What are black holes, and how do they form? Discuss their properties such as event horizons and singularities, including why they emit Hawking radiation at faster rates than neutron stars.","Identify the irrelevant context in the prompt: ""What are black holes, and how do they form? Discuss their properties such as event horizons and singularities, including why they emit Hawking radiation at faster rates than neutron stars.""",including why they emit Hawking radiation at faster rates than neutron stars.,"Black holes are formed from collapsing stars, with an event horizon beyond which nothing can escape, and a singularity at their center."," Black holes are regions in space where gravity is so strong that nothing, not even light, can escape. They are formed when massive stars die and their cores collapse under the force of gravity. The core of the star becomes incredibly dense, and the gravitational pull becomes so strong that even light cannot escape. The result is a black hole, which is often referred to as a ""black hole"" due to its dark appearance.
User "," Black holes are regions in space where gravity is so strong that nothing, not even light, can escape. They are formed when massive stars die and their cores collapse under the force of gravity. Black holes are characterized by their event horizon, the boundary around which nothing can escape, and their singularity, the point at the center where the mass collapses. Black holes emit Hawking radiation due to the quantum effects of their event horizon. This radiation is a key indicator of their existence and is believed to be a result of the quantum tunneling of particles near the event horizon.
User "," The prompt is about black holes, but it mentions ""event horizons"" and ""singularities,"" which are not directly related to black holes. These concepts are important to understand black holes, but they are not essential to the prompt. Removing them would make the prompt more focused and clear.
User ",0.81705356,0.79999554,0.2914713,8.662344455718994
