tiiuae/falcon-7b-instruct,Who is the main character in the story of a magical forest hidden behind a secret door in an attic?,The main character in the story of a magical forest hidden behind a secret door in an attic is a young girl who loves reading fantasy novels and has a pet cat named Whiskers. The attic is filled with old trunks and dusty boxes. What is the main character's name?,"Identify the irrelevant context in the prompt: ""The main character in the story of a magical forest hidden behind a secret door in an attic is a young girl who loves reading fantasy novels and has a pet cat named Whiskers. The attic is filled with old trunks and dusty boxes. What is the main character's name?""",The main character's love for fantasy novels and her pet cat named Whiskers. The attic being filled with old trunks and dusty boxes.,The main character's name is not specified," The main character in the story of a magical forest hidden behind a secret door in an attic is a young girl named Alice.
User "," The main character's name is Alice.
User "," The irrelevant context in the prompt is the mention of a pet cat named Whiskers. The prompt does not provide any information about the main character's name, so it is not relevant to the story.
User ",0.3165877,0.620469,0.55204546,3.1994433403015137
tiiuae/falcon-7b-instruct,What is the capital of France?,The capital of France is a city known for its romantic atmosphere and beautiful art museums. The city is also famous for its fashion designers and delicious cuisine. What is the capital of France?,"Identify the irrelevant context in the prompt: ""The capital of France is a city known for its romantic atmosphere and beautiful art museums. The city is also famous for its fashion designers and delicious cuisine. What is the capital of France?""",The city's romantic atmosphere and beautiful art museums. The city's fashion designers and delicious cuisine.,Paris," Paris.
User "," Paris.
User "," Paris
User ",0.74874103,0.74874103,0.13692376,0.6486823558807373
tiiuae/falcon-7b-instruct,Who wrote the famous novel 'To Kill a Mockingbird'?,The famous novel 'To Kill a Mockingbird' was written by an author who grew up in the southern United States and was influenced by the civil rights movement. The author's childhood home is now a museum. What is the author's name?,"Identify the irrelevant context in the prompt: ""The famous novel 'To Kill a Mockingbird' was written by an author who grew up in the southern United States and was influenced by the civil rights movement. The author's childhood home is now a museum. What is the author's name?""",The author's childhood home is now a museum. The author's influence from the civil rights movement.,Harper Lee," Harper Lee
User "," Harper Lee.
User "," The author's name is Harper Lee.
User ",0.8123789,0.8249579,0.37000626,0.9492239952087402
tiiuae/falcon-7b-instruct,What is the largest planet in our solar system?,The largest planet in our solar system is a gas giant known for its distinctive red spot and massive storms. The planet's moons are also of great interest to astronomers. What is the largest planet in our solar system?,"Identify the irrelevant context in the prompt: ""The largest planet in our solar system is a gas giant known for its distinctive red spot and massive storms. The planet's moons are also of great interest to astronomers. What is the largest planet in our solar system?""",The planet's distinctive red spot and massive storms. The planet's moons being of interest to astronomers.,Jupiter," The largest planet in our solar system is Jupiter.
User "," Jupiter is the largest planet in our solar system. It has 79 moons, the largest of which is Io.
User "," Jupiter
User ",0.5923606,0.610947,0.27203515,1.5393645763397217
tiiuae/falcon-7b-instruct,What is the chemical symbol for gold?,The chemical symbol for gold is a symbol that has been used for centuries and is often associated with wealth and luxury. The symbol is also used in jewelry and coins. What is the chemical symbol for gold?,"Identify the irrelevant context in the prompt: ""The chemical symbol for gold is a symbol that has been used for centuries and is often associated with wealth and luxury. The symbol is also used in jewelry and coins. What is the chemical symbol for gold?""",The symbol's association with wealth and luxury. The symbol's use in jewelry and coins.,Au," Au
User "," Au
User "," The chemical symbol for gold is Au.
User ",0.7251817,0.7251817,0.49684682,0.8052566051483154
tiiuae/falcon-7b-instruct,Who is the main character in the story of a boy who learns to play the guitar?,The main character in the story of a boy who learns to play the guitar is a young boy who loves music and has a passion for rock and roll. The boy's favorite musician is a famous guitarist who has won numerous awards. What is the main character's name?,"Identify the irrelevant context in the prompt: ""The main character in the story of a boy who learns to play the guitar is a young boy who loves music and has a passion for rock and roll. The boy's favorite musician is a famous guitarist who has won numerous awards. What is the main character's name?""",The boy's love for rock and roll. The boy's favorite musician and their awards.,The main character's name is not specified," The main character in the story of a boy who learns to play the guitar is Johnny Cash.
User "," John.
User "," The irrelevant context in the prompt is the boy's favorite musician being a famous guitarist who has won numerous awards. This information is not necessary for the prompt and can be removed to make it more specific.
User ",0.34220314,0.21342693,0.5699096,2.4234883785247803
tiiuae/falcon-7b-instruct,What is the largest living species of lizard?,The largest living species of lizard is a reptile that is known for its intelligence and can be found in the wild in certain parts of the world. The lizard's habitat is being threatened by deforestation and hunting. What is the largest living species of lizard?,"Identify the irrelevant context in the prompt: ""The largest living species of lizard is a reptile that is known for its intelligence and can be found in the wild in certain parts of the world. The lizard's habitat is being threatened by deforestation and hunting. What is the largest living species of lizard?""",The lizard's intelligence. The lizard's habitat being threatened by deforestation and hunting.,Komodo dragon," The largest living species of lizard is the Gila monster, which can reach up to 8 feet in length.
User "," The largest living species of lizard is the Gila monster, which can be found in the southwestern United States and parts of Mexico. It is known for its venomous saliva and bright coloration.
User "," The irrelevant context in the prompt is ""deforestation"" and ""hunting."" These topics are not related to the size of the lizard species.
User ",0.3032341,0.30368742,0.6654485,3.523235321044922
tiiuae/falcon-7b-instruct,Who wrote the famous play 'Romeo and Juliet'?,The famous play 'Romeo and Juliet' was written by a playwright who is known for his works on love and tragedy. The playwright's other famous works include 'Hamlet' and 'Macbeth'. What is the playwright's name?,"Identify the irrelevant context in the prompt: ""The famous play 'Romeo and Juliet' was written by a playwright who is known for his works on love and tragedy. The playwright's other famous works include 'Hamlet' and 'Macbeth'. What is the playwright's name?""",The playwright's other famous works. The playwright's focus on love and tragedy.,William Shakespeare," William Shakespeare
User "," William Shakespeare
User "," William Shakespeare
User ",0.8486204,0.8486204,0.45404956,0.7070310115814209
tiiuae/falcon-7b-instruct,"In the story, a character named Emily discovers a hidden world within her reflection. What does Emily find in the mirror?","In the story, a character named Emily discovers a hidden world within her reflection. The mirror is an antique that has been passed down through generations of Emily's family. The mirror's frame is made of intricately carved wood. What does Emily find in the mirror?","Identify the irrelevant context in the prompt: ""In the story, a character named Emily discovers a hidden world within her reflection. The mirror is an antique that has been passed down through generations of Emily's family. The mirror's frame is made of intricately carved wood. What does Emily find in the mirror?""",The mirror being an antique and its history. The mirror's frame being made of intricately carved wood.,Emily finds a hidden world within her reflection," Emily finds a mysterious door in her reflection that leads to a secret world. As she steps through the door, she is transported to a world filled with strange creatures and magical creatures. She meets a wise old wizard who tells her that she is the chosen one and must save the world from an evil force.
User "," The mirror is an antique that has been passed down through generations of Emily's family. It is an ornate, intricately carved wooden frame that reflects the world of the past. When Emily looks into the mirror, she discovers a hidden world within her reflection. This world is filled with strange creatures and magical beings that have been forgotten by time. The creatures and beings are said to have been trapped within the mirror for centuries, and their existence is slowly fading away.
User "," The irrelevant context in the prompt is the antique mirror's frame material, which is made of intricately carved wood. This detail is not essential to the story and can be removed without affecting the plot or character development.
User ",0.7052218,0.7424898,0.70169294,6.593652248382568
tiiuae/falcon-7b-instruct,What is the largest mammal on Earth?,The largest mammal on Earth is a creature that is known for its massive size and can be found in the world's oceans. The creature's diet consists mainly of tiny fish and plankton. What is the largest mammal on Earth?,"Identify the irrelevant context in the prompt: ""The largest mammal on Earth is a creature that is known for its massive size and can be found in the world's oceans. The creature's diet consists mainly of tiny fish and plankton. What is the largest mammal on Earth?""",The creature's diet consisting of tiny fish and plankton. The creature being found in the world's oceans.,Blue whale," The blue whale is the largest mammal on Earth.
User "," The largest mammal on Earth is the blue whale.
User "," The irrelevant context in the prompt is the mention of the creature's diet consisting mainly of tiny fish and plankton. This information is not necessary for answering the question and can be considered as irrelevant.
User ",0.69453216,0.6345379,0.7030943,2.4261536598205566
tiiuae/falcon-7b-instruct,Who is the main character in the story of a girl who learns to fly?,The main character in the story of a girl who learns to fly is a young girl who has always dreamed of soaring through the skies. The girl's favorite bird is the eagle and she loves to watch them fly. What is the main character's name?,"Identify the irrelevant context in the prompt: ""The main character in the story of a girl who learns to fly is a young girl who has always dreamed of soaring through the skies. The girl's favorite bird is the eagle and she loves to watch them fly. What is the main character's name?""",The girl's love for eagles and watching them fly. The girl's dream of soaring through the skies.,The main character's name is not specified," The main character in the story of a girl who learns to fly is Anne of Green Gables.
User "," The main character's name is Sarah.
User "," The girl's name is Sarah.
User ",0.32921523,0.5968659,0.29502618,1.6543679237365723
tiiuae/falcon-7b-instruct,What is the chemical symbol for silver?,The chemical symbol for silver is a symbol that has been used for centuries and is often associated with wealth and luxury. The symbol is also used in jewelry and coins. What is the chemical symbol for silver?,"Identify the irrelevant context in the prompt: ""The chemical symbol for silver is a symbol that has been used for centuries and is often associated with wealth and luxury. The symbol is also used in jewelry and coins. What is the chemical symbol for silver?""",The symbol's association with wealth and luxury. The symbol's use in jewelry and coins.,Ag," The chemical symbol for silver is Ag.
User "," The chemical symbol for silver is Ag.
User "," The chemical symbol for silver is Ag, which is not relevant to the prompt.
User ",0.56122386,0.56122386,0.40365112,1.4768593311309814
tiiuae/falcon-7b-instruct,Who wrote the famous novel 'Pride and Prejudice'?,The famous novel 'Pride and Prejudice' was written by an author who is known for her works on love and relationships. The author's other famous works include 'Sense and Sensibility' and 'Emma'. What is the author's name?,"Identify the irrelevant context in the prompt: ""The famous novel 'Pride and Prejudice' was written by an author who is known for her works on love and relationships. The author's other famous works include 'Sense and Sensibility' and 'Emma'. What is the author's name?""",The author's other famous works. The author's focus on love and relationships.,Jane Austen," Jane Austen
User "," Jane Austen
User "," Jane Austen
User ",0.85716283,0.85716283,0.4197702,0.7087991237640381
tiiuae/falcon-7b-instruct,What is the largest city in the world?,The largest city in the world is a metropolis that is known for its bustling streets and vibrant culture. The city's population is over 30 million people. What is the largest city in the world?,"Identify the irrelevant context in the prompt: ""The largest city in the world is a metropolis that is known for its bustling streets and vibrant culture. The city's population is over 30 million people. What is the largest city in the world?""",The city's population being over 30 million people. The city's bustling streets and vibrant culture.,Tokyo," The largest city in the world is Tokyo, Japan.
User "," The largest city in the world is Tokyo, Japan. It is home to over 13 million people and is known for its bustling streets and vibrant culture.
User "," The irrelevant context in the prompt is ""The largest city in the world."" This information is not necessary for answering the question, as it does not provide any specific details about the city.
User ",0.63389635,0.5828899,0.45003992,2.9556283950805664
tiiuae/falcon-7b-instruct,"In the story, a character named David discovers a hidden portal in his backyard. What does David find in the portal?","In the story, a character named David discovers a hidden portal in his backyard. The portal is surrounded by a garden filled with beautiful flowers and trees. The garden's fence is made of white picket wood. What does David find in the portal?","Identify the irrelevant context in the prompt: ""In the story, a character named David discovers a hidden portal in his backyard. The portal is surrounded by a garden filled with beautiful flowers and trees. The garden's fence is made of white picket wood. What does David find in the portal?""",The garden being filled with beautiful flowers and trees. The garden's fence being made of white picket wood.,David finds a hidden portal," David finds a mysterious door that leads to a secret world filled with strange creatures and magical creatures. He also finds a map that leads him on an epic adventure to uncover the secrets of this hidden world.
User "," David stepped through the portal and found himself in a world filled with strange creatures and mysterious plants. He explored the garden, discovering a variety of colorful flowers and towering trees. As he continued to explore, he stumbled upon a strange stone structure in the center of the garden. Upon closer inspection, he realized that the structure was a portal to another world. He stepped through the portal and was transported to a world of strange creatures and mysterious plants.
User "," The irrelevant context in the prompt is the mention of a white picket fence. The prompt does not provide any information about the portal or its contents, so the white fence is not relevant to the story.
User ",0.7077345,0.76474047,0.2948589,5.727872610092163
tiiuae/falcon-7b-instruct,What is the smallest bone in the human body?,The smallest bone in the human body is a bone that is found in the ear and is responsible for hearing. The bone's shape is unique and allows it to vibrate when sound waves reach it. What is the smallest bone in the human body?,"Identify the irrelevant context in the prompt: ""The smallest bone in the human body is a bone that is found in the ear and is responsible for hearing. The bone's shape is unique and allows it to vibrate when sound waves reach it. What is the smallest bone in the human body?""",The bone's shape being unique and its ability to vibrate. The bone being found in the ear and responsible for hearing.,Stapes," The smallest bone in the human body is the stapes bone in the middle ear. It is only 2.8 millimeters long.
User ", The smallest bone in the human body is the stapes bone in the middle ear. It is only 2.8 millimeters long and is responsible for transmitting sound waves from the eardrum to the inner ear.," The irrelevant context in the prompt is ""unique shape."" The prompt is asking for the smallest bone in the human body, not its shape. Removing this context would make the question more specific and focused.
User ",0.35727847,0.37568104,0.3949836,3.893375873565674
tiiuae/falcon-7b-instruct,What is the chemical symbol for copper?,The chemical symbol for copper is a symbol that has been used for centuries and is often associated with electricity and conductivity. The symbol is also used in electrical wiring and circuits. What is the chemical symbol for copper?,"Identify the irrelevant context in the prompt: ""The chemical symbol for copper is a symbol that has been used for centuries and is often associated with electricity and conductivity. The symbol is also used in electrical wiring and circuits. What is the chemical symbol for copper?""",The symbol's association with electricity and conductivity. The symbol's use in electrical wiring and circuits.,Cu," The chemical symbol for copper is Cu.
User "," The chemical symbol for copper is Cu.
User "," The chemical symbol for copper is Cu.
User ",0.51639146,0.51639146,0.45264128,1.2330100536346436
tiiuae/falcon-7b-instruct,Who wrote the famous play 'Hamlet'?,The famous play 'Hamlet' was written by a playwright who is known for his works on tragedy and revenge. The playwright's other famous works include 'Romeo and Juliet' and 'Macbeth'. What is the playwright's name?,"Identify the irrelevant context in the prompt: ""The famous play 'Hamlet' was written by a playwright who is known for his works on tragedy and revenge. The playwright's other famous works include 'Romeo and Juliet' and 'Macbeth'. What is the playwright's name?""",The playwright's other famous works. The playwright's focus on tragedy and revenge.,William Shakespeare," William Shakespeare
User "," William Shakespeare
User "," William Shakespeare
User ",0.8486204,0.8486204,0.44876513,0.7056076526641846
tiiuae/falcon-7b-instruct,What is the largest state in the United States?,The largest state in the United States is a state that is known for its vast wilderness and natural beauty. The state's capital is Juneau and it is home to numerous national parks. What is the largest state in the United States?,"Identify the irrelevant context in the prompt: ""The largest state in the United States is a state that is known for its vast wilderness and natural beauty. The state's capital is Juneau and it is home to numerous national parks. What is the largest state in the United States?""",The state's capital being Juneau. The state being home to numerous national parks.,Alaska," The largest state in the United States is Alaska.
User "," Alaska.
User "," The irrelevant context in the prompt is ""Juneau"". It is a city, not a state.
User ",0.6320255,0.77239823,0.586781,1.5364480018615723
tiiuae/falcon-7b-instruct,"In the story, a character named Olivia discovers a hidden diary in her attic. What does Olivia find in the diary?","In the story, a character named Olivia discovers a hidden diary in her attic. The diary belongs to her great-grandmother and is filled with stories of love and loss. The diary's cover is made of leather and has a lock on it. What does Olivia find in the diary?","Identify the irrelevant context in the prompt: ""In the story, a character named Olivia discovers a hidden diary in her attic. The diary belongs to her great-grandmother and is filled with stories of love and loss. The diary's cover is made of leather and has a lock on it. What does Olivia find in the diary?""",The diary belonging to Olivia's great-grandmother. The diary's cover being made of leather and having a lock on it.,Olivia finds stories of love and loss," Olivia discovers that her deceased mother had a secret life as a spy during World War II. The diary contains details of her missions and her code name was ""The Black Widow"".
User "," Olivia discovers that her great-grandmother was in a secret romantic relationship with an older man. The diary also contains details about their forbidden love, including letters from him and her. Olivia learns a lot about her family history and is moved by the stories of love and loss.
User "," The irrelevant context in the prompt is the mention of a lock on the diary's cover. It does not provide any information about the content of the diary or its relevance to the story.
User ",0.57577324,0.7093041,0.5358109,4.506510019302368
tiiuae/falcon-7b-instruct,What is the chemical symbol for tin?,The chemical symbol for tin is a symbol that has been used for centuries and is often associated with soldering and electronics. The symbol is also used in packaging and plating. What is the chemical symbol for tin?,"Identify the irrelevant context in the prompt: ""The chemical symbol for tin is a symbol that has been used for centuries and is often associated with soldering and electronics. The symbol is also used in packaging and plating. What is the chemical symbol for tin?""",The symbol's association with soldering and electronics. The symbol's use in packaging and plating.,Sn," The chemical symbol for tin is Sn.
User "," The chemical symbol for tin is Sn.
User "," The chemical symbol for tin is Sn.
User ",0.5160756,0.5160756,0.43167126,1.2337725162506104
tiiuae/falcon-7b-instruct,What is the largest river in the world?,The largest river in the world is a river that is known for its vast length and is home to numerous aquatic species. The river's source is in the mountains and it flows through several countries. What is the largest river in the world?,"Identify the irrelevant context in the prompt: ""The largest river in the world is a river that is known for its vast length and is home to numerous aquatic species. The river's source is in the mountains and it flows through several countries. What is the largest river in the world?""",The river's source being in the mountains. The river flowing through several countries.,Nile," The largest river in the world is the Amazon River.
User "," The largest river in the world is the Amazon River. It is located in South America and is the largest river in terms of volume, with an average depth of 200 feet. It is home to a vast variety of aquatic species and is the main source of oxygen production in the world.
User "," The irrelevant context in the prompt is the mention of the river's source being in the mountains. This information is not necessary for answering the question and can be considered as irrelevant.
User ",0.41148096,0.36366865,0.58635473,3.740144968032837
tiiuae/falcon-7b-instruct,"In the story, a character named Ethan discovers a hidden message in his favorite book. What does Ethan find in the message?","In the story, a character named Ethan discovers a hidden message in his favorite book. The book is a classic novel that has been passed down through generations of Ethan's family. The book's cover is made of leather and has a golden lock on it. What does Ethan find in the message?","Identify the irrelevant context in the prompt: ""In the story, a character named Ethan discovers a hidden message in his favorite book. The book is a classic novel that has been passed down through generations of Ethan's family. The book's cover is made of leather and has a golden lock on it. What does Ethan find in the message?""",The book being a classic novel and its history. The book's cover being made of leather and having a golden lock on it.,Ethan finds a hidden message," Ethan finds a hidden message in his favorite book that leads him on a journey of self-discovery. The message encourages him to take control of his life and make positive changes.
User "," The message in the book is a coded message written in a language Ethan doesn't recognize. The language appears to be a mix of Latin and ancient symbols. The message itself is a series of numbers and letters that form a sequence. The numbers and letters are arranged in a specific pattern, and when deciphered, they form a secret code that leads Ethan to a hidden fortune.
User "," The irrelevant context in the prompt is the book's cover being made of leather and having a golden lock. This detail does not contribute to the plot or the character's discovery of the hidden message, and thus can be considered irrelevant.
User ",0.73559487,0.7453859,0.60099196,5.491184234619141
tiiuae/falcon-7b-instruct,What is the chemical symbol for lead?,The chemical symbol for lead is a symbol that has been used for centuries and is often associated with batteries and radiation. The symbol is also used in plumbing and construction. What is the chemical symbol for lead?,"Identify the irrelevant context in the prompt: ""The chemical symbol for lead is a symbol that has been used for centuries and is often associated with batteries and radiation. The symbol is also used in plumbing and construction. What is the chemical symbol for lead?""",The symbol's association with batteries and radiation. The symbol's use in plumbing and construction.,Pb," Pb
User "," The chemical symbol for lead is Pb.
User "," The chemical symbol for lead is Pb. The irrelevant context is the word ""symbol"" in the prompt.
User ",0.7511756,0.50421274,0.4232561,1.5507373809814453
tiiuae/falcon-7b-instruct,What is the largest desert in the world?,The largest desert in the world is a desert that is known for its extreme heat and is home to numerous unique species. The desert's sand dunes are massive and can reach heights of over 100 feet. What is the largest desert in the world?,"Identify the irrelevant context in the prompt: ""The largest desert in the world is a desert that is known for its extreme heat and is home to numerous unique species. The desert's sand dunes are massive and can reach heights of over 100 feet. What is the largest desert in the world?""",The desert's extreme heat and unique species. The desert's sand dunes being massive and reaching heights of over 100 feet.,Antarctic," The largest desert in the world is the Sahara Desert, which covers most of North Africa. It is over 3.6 million square miles in size.
User "," The largest desert in the world is the Sahara Desert. It is located in North Africa and is known for its extreme heat and unique species. The sand dunes in the desert can reach heights of over 100 feet.
User "," The irrelevant context in the prompt is ""what is the largest desert in the world?"" The question is about the heat and unique species, not the size of the sand dunes.
User ",0.1826878,0.19446637,0.6880177,3.891622304916382
tiiuae/falcon-7b-instruct,"In the story, a character named Ava discovers a hidden garden in her neighborhood. What does Ava find in the garden?","In the story, a character named Ava discovers a hidden garden in her neighborhood. The garden is filled with beautiful flowers and trees and is home to numerous birds and bees. The garden's fence is made of wooden pickets and has a small gate. What does Ava find in the garden?","Identify the irrelevant context in the prompt: ""In the story, a character named Ava discovers a hidden garden in her neighborhood. The garden is filled with beautiful flowers and trees and is home to numerous birds and bees. The garden's fence is made of wooden pickets and has a small gate. What does Ava find in the garden?""",The garden being filled with beautiful flowers and trees. The garden's fence being made of wooden pickets and having a small gate.,Ava finds a hidden garden," Ava finds a mysterious door in the garden that leads to a secret passageway. She follows the passageway and discovers a hidden room filled with ancient artifacts and maps. She also finds a journal full of secrets and clues that could help her uncover the garden's hidden history.
User "," The garden is filled with beautiful flowers and trees, and is home to numerous birds and bees. The fence is made of wooden pickets and has a small gate.
User "," The irrelevant context in the prompt is the mention of a wooden fence. The prompt does not specify whether the fence is important or not, so it is not relevant to the story.
User ",0.7859384,0.31956264,0.3997705,4.343262434005737
tiiuae/falcon-7b-instruct,What is the chemical symbol for mercury?,The chemical symbol for mercury is a symbol that has been used for centuries and is often associated with thermometers and fluorescent lighting. The symbol is also used in dental fillings and batteries. What is the chemical symbol for mercury?,"Identify the irrelevant context in the prompt: ""The chemical symbol for mercury is a symbol that has been used for centuries and is often associated with thermometers and fluorescent lighting. The symbol is also used in dental fillings and batteries. What is the chemical symbol for mercury?""",The symbol's association with thermometers and fluorescent lighting. The symbol's use in dental fillings and batteries.,Hg," The chemical symbol for mercury is Hg.
User "," The chemical symbol for mercury is Hg.
User "," The chemical symbol for mercury is Hg, not H.
User ",0.42845178,0.42845178,0.37573656,1.4261231422424316
tiiuae/falcon-7b-instruct,What is the largest mountain in the world?,The largest mountain in the world is a mountain that is known for its extreme height and is home to numerous unique species. The mountain's peak is covered in snow and ice and is a popular destination for climbers. What is the largest mountain in the world?,"Identify the irrelevant context in the prompt: ""The largest mountain in the world is a mountain that is known for its extreme height and is home to numerous unique species. The mountain's peak is covered in snow and ice and is a popular destination for climbers. What is the largest mountain in the world?""",The mountain's peak being covered in snow and ice. The mountain being a popular destination for climbers.,Mauna Kea," Mount Everest is the largest mountain in the world, standing at an elevation of 8,848 meters (29,029 feet).
User "," Mount Everest.
User "," The irrelevant context in the prompt is ""climbers."" The question is about the height of the mountain, not its popularity as a destination for climbers.
User ",0.10571854,0.24461135,0.6435447,2.4242053031921387
tiiuae/falcon-7b-instruct,"In the story, a character named Liam discovers a hidden cave behind a waterfall. What does Liam find in the cave?","In the story, a character named Liam discovers a hidden cave behind a waterfall. The cave is filled with beautiful crystals and rocks and is home to numerous unique species. The cave's entrance is hidden behind a curtain of vines and moss. What does Liam find in the cave?","Identify the irrelevant context in the prompt: ""In the story, a character named Liam discovers a hidden cave behind a waterfall. The cave is filled with beautiful crystals and rocks and is home to numerous unique species. The cave's entrance is hidden behind a curtain of vines and moss. What does Liam find in the cave?""",The cave being filled with beautiful crystals and rocks. The cave's entrance being hidden behind a curtain of vines and moss.,Liam finds a hidden cave," Liam found a mysterious door in the cave, which he opened to reveal a chamber filled with ancient artifacts and treasures. He also found a map that led him to a legendary lost city, full of secrets and hidden knowledge.
User "," Liam was amazed to find a hidden world of unique species and beautiful crystals and rocks. He explored the cave for hours, discovering new species and marveling at the natural beauty around him. He eventually stumbled upon a secret chamber filled with ancient artifacts and relics, hinting at a forgotten past.
User "," The irrelevant context in the prompt is the mention of the character's name, Liam. The prompt does not provide any information about the character's purpose or motivations, which are necessary to answer the question.
User ",0.77273095,0.7320722,0.044000205,4.938351631164551
tiiuae/falcon-7b-instruct,What is the chemical symbol for carbon?,The chemical symbol for carbon is a symbol that has been used for centuries and is often associated with diamonds and graphite. The symbol is also used in chemistry and physics. What is the chemical symbol for carbon?,"Identify the irrelevant context in the prompt: ""The chemical symbol for carbon is a symbol that has been used for centuries and is often associated with diamonds and graphite. The symbol is also used in chemistry and physics. What is the chemical symbol for carbon?""",The symbol's association with diamonds and graphite. The symbol's use in chemistry and physics.,C," The chemical symbol for carbon is C.
User "," The chemical symbol for carbon is C.
User "," The chemical symbol for carbon is ""C"". The irrelevant context in the prompt is the word ""often"".
User ",0.3684395,0.3684395,0.51700616,1.703378677368164
tiiuae/falcon-7b-instruct,What is the largest island in the world?,The largest island in the world is an island that is known for its unique wildlife and is home to numerous unique species. The island's capital is Nuuk and it is a popular destination for tourists. What is the largest island in the world?,"Identify the irrelevant context in the prompt: ""The largest island in the world is an island that is known for its unique wildlife and is home to numerous unique species. The island's capital is Nuuk and it is a popular destination for tourists. What is the largest island in the world?""",The island's capital being Nuuk. The island being a popular destination for tourists.,Greenland," The largest island in the world is Greenland.
User "," The largest island in the world is Greenland. It is the world's largest island, and is home to a diverse range of wildlife, including Arctic foxes, reindeer, and whales. The capital of Greenland is Nuuk.
User "," Greenland.
User ",0.65924335,0.5584643,0.35129574,2.2963974475860596
tiiuae/falcon-7b-instruct,What is the chemical symbol for oxygen?,The chemical symbol for oxygen is a symbol that has been used for centuries and is often associated with breathing and respiration. The symbol is also used in chemistry and biology. What is the chemical symbol for oxygen?,"Identify the irrelevant context in the prompt: ""The chemical symbol for oxygen is a symbol that has been used for centuries and is often associated with breathing and respiration. The symbol is also used in chemistry and biology. What is the chemical symbol for oxygen?""",The symbol's association with breathing and respiration. The symbol's use in chemistry and biology.,O," O
User "," The chemical symbol for oxygen is ""O"".
User "," The chemical symbol for oxygen is ""O"".
User ",0.5468463,0.27066574,0.5748128,1.140918493270874
tiiuae/falcon-7b-instruct,What is the largest waterfall in the world?,The largest waterfall in the world is a waterfall that is known for its massive size and is home to numerous unique species. The waterfall's source is in the mountains and it flows into a large lake. What is the largest waterfall in the world?,"Identify the irrelevant context in the prompt: ""The largest waterfall in the world is a waterfall that is known for its massive size and is home to numerous unique species. The waterfall's source is in the mountains and it flows into a large lake. What is the largest waterfall in the world?""",The waterfall's source being in the mountains. The waterfall flowing into a large lake.,Inga Falls," The largest waterfall in the world is Victoria Falls, located on the border of Zambia and Zimbabwe. It is 1,708 meters (5,500 feet) tall and 2,485 meters (8,000 feet) wide.
User "," Victoria Falls.
User "," The irrelevant context in the prompt is ""is home to numerous unique species."" This information is not necessary for identifying the largest waterfall in the world and does not provide any useful information for answering the question.
User ",0.4064008,0.5373642,0.48989308,3.3679609298706055
tiiuae/falcon-7b-instruct,"In the story, a character named Julian discovers a hidden key in his pocket. What does Julian find with the key?","In the story, a character named Julian discovers a hidden key in his pocket. The key is old and rusty and has a tag attached to it with a mysterious message. The key's history is unknown and it is said to unlock a secret door. What does Julian find with the key?","Identify the irrelevant context in the prompt: ""In the story, a character named Julian discovers a hidden key in his pocket. The key is old and rusty and has a tag attached to it with a mysterious message. The key's history is unknown and it is said to unlock a secret door. What does Julian find with the key?""",The key being old and rusty. The key's history being unknown and its ability to unlock a secret door.,Julian finds a secret door," Julian finds a mysterious map that leads him on an exciting adventure.
User "," Julian is intrigued by the key's mysterious message and decides to use it to unlock a secret door. When he does, he finds a hidden room filled with valuable items and a map that leads to a treasure.
User "," The irrelevant context in the prompt is the mention of a mysterious message on the key. This message is not essential to the main plot and does not provide any useful information for solving the problem. It is likely that the key is the only clue needed to unlock the secret door, and the focus should be on the key itself.
User ",0.5257306,0.76046145,0.61440104,4.247276782989502
tiiuae/falcon-7b-instruct,What is the chemical symbol for nitrogen?,The chemical symbol for nitrogen is a symbol that has been used for centuries and is often associated with fertilizers and agriculture. The symbol is also used in chemistry and physics. What is the chemical symbol for nitrogen?,"Identify the irrelevant context in the prompt: ""The chemical symbol for nitrogen is a symbol that has been used for centuries and is often associated with fertilizers and agriculture. The symbol is also used in chemistry and physics. What is the chemical symbol for nitrogen?""",The symbol's association with fertilizers and agriculture. The symbol's use in chemistry and physics.,N," Nitrogen is represented by the symbol N.
User "," The chemical symbol for nitrogen is N.
User "," The chemical symbol for nitrogen is ""N"". The irrelevant context in the prompt is the word ""often"".
User ",0.30740958,0.26798898,0.49493995,1.7326438426971436
tiiuae/falcon-7b-instruct,What is the largest lake in the world?,The largest lake in the world is a lake that is known for its massive size and is home to numerous unique species. The lake's surface is covered in ice during the winter months and it is a popular destination for tourists. What is the largest lake in the world?,"Identify the irrelevant context in the prompt: ""The largest lake in the world is a lake that is known for its massive size and is home to numerous unique species. The lake's surface is covered in ice during the winter months and it is a popular destination for tourists. What is the largest lake in the world?""",The lake's surface being covered in ice during the winter months. The lake being a popular destination for tourists.,Caspian Sea," The largest lake in the world is Lake Superior.
User "," The largest lake in the world is Lake Superior.
User "," The irrelevant context in the prompt is ""is home to numerous unique species."" This information is not necessary for answering the question and can be considered as a distraction.
User ",0.29880062,0.29880062,0.11507623,2.14255428314209
tiiuae/falcon-7b-instruct,"In the story, a character named Alexander discovers a hidden map in his grandfather's attic. What does Alexander find on the map?","In the story, a character named Alexander discovers a hidden map in his grandfather's attic. The map is old and yellowed and has a mysterious X marked on it. The map's history is unknown and it is said to lead to a hidden treasure. What does Alexander find on the map?","Identify the irrelevant context in the prompt: ""In the story, a character named Alexander discovers a hidden map in his grandfather's attic. The map is old and yellowed and has a mysterious X marked on it. The map's history is unknown and it is said to lead to a hidden treasure. What does Alexander find on the map?""",The map being old and yellowed. The map's history being unknown and its ability to lead to a hidden treasure.,Alexander finds a mysterious X marked on the map," Alexander finds a mysterious island on the map, which he believes holds the key to a legendary treasure.
User "," Alexander finds a treasure map in his grandfather's attic. The map is old and yellowed, with a mysterious X marked on it. The map's history is unknown, and it is said to lead to a hidden treasure."," The irrelevant context in the prompt is the mention of a hidden treasure. The prompt does not provide any information about the treasure or its location, so it is not relevant to the story.
User ",0.6400045,0.7892512,0.34937665,3.669513463973999
ibm-granite/granite-3.2-8b-instruct,Who is the main character in the story of a magical forest hidden behind a secret door in an attic?,The main character in the story of a magical forest hidden behind a secret door in an attic is a young girl who loves reading fantasy novels and has a pet cat named Whiskers. The attic is filled with old trunks and dusty boxes. What is the main character's name?,"Identify the irrelevant context in the prompt: ""The main character in the story of a magical forest hidden behind a secret door in an attic is a young girl who loves reading fantasy novels and has a pet cat named Whiskers. The attic is filled with old trunks and dusty boxes. What is the main character's name?""",The main character's love for fantasy novels and her pet cat named Whiskers. The attic being filled with old trunks and dusty boxes.,The main character's name is not specified,"The main character in the story you're referring to is likely Lucy Pevensie from C.S. Lewis' ""The Chronicles of Narnia"" series. In the first book, ""The Lion, the Witch and the Wardrobe,"" Lucy discovers a magical world, Narnia, hidden behind a wardrobe in an attic. However, it's important to note that the magical forest itself isn't explicitly described as being behind a secret door in an attic in this particular story. The wardrobe serves as the portal to Narnia, a land filled with talking animals, mythical creatures, and magic.

If you're thinking of a different story, please provide more details so I can give a more accurate response.","The main character's name is not explicitly mentioned in the description you provided. However, based on common naming conventions for young female protagonists in fantasy stories, a suitable name could be something like ""Elara,"" ""Luna,"" ""Aurora,"" or ""Briar."" Without further context or specific details, it's impossible to definitively name her.","The irrelevant context in the prompt is ""The attic is filled with old trunks and dusty boxes."" This detail, while descriptive, does not contribute to identifying the main character's name. The relevant information for answering the question is the description of the main character herself, including her love for fantasy novels and her pet cat named Whiskers.",0.20063248,0.5587356,0.8333212,10.613321781158447
ibm-granite/granite-3.2-8b-instruct,What is the capital of France?,The capital of France is a city known for its romantic atmosphere and beautiful art museums. The city is also famous for its fashion designers and delicious cuisine. What is the capital of France?,"Identify the irrelevant context in the prompt: ""The capital of France is a city known for its romantic atmosphere and beautiful art museums. The city is also famous for its fashion designers and delicious cuisine. What is the capital of France?""",The city's romantic atmosphere and beautiful art museums. The city's fashion designers and delicious cuisine.,Paris,The capital of France is Paris.,The capital of France is Paris.,"The irrelevant context in the prompt is ""The city is also famous for its fashion designers and delicious cuisine."" This information, while true and interesting, does not contribute to answering the question of what the capital of France is.",0.72533584,0.72533584,0.56336707,2.2881269454956055
ibm-granite/granite-3.2-8b-instruct,Who wrote the famous novel 'To Kill a Mockingbird'?,The famous novel 'To Kill a Mockingbird' was written by an author who grew up in the southern United States and was influenced by the civil rights movement. The author's childhood home is now a museum. What is the author's name?,"Identify the irrelevant context in the prompt: ""The famous novel 'To Kill a Mockingbird' was written by an author who grew up in the southern United States and was influenced by the civil rights movement. The author's childhood home is now a museum. What is the author's name?""",The author's childhood home is now a museum. The author's influence from the civil rights movement.,Harper Lee,"The famous novel 'To Kill a Mockingbird' was written by Harper Lee. It was published in 1960 and won the Pulitzer Prize for Fiction in 1961. The book is a cornerstone of modern American literature and explores themes of racial injustice and moral growth. Harper Lee's only other published novel, 'Go Set a Watchman', came out in 2015.","The author of 'To Kill a Mockingbird' is Harper Lee. Her childhood home in Monroeville, Alabama, is indeed a museum dedicated to her and her literary works.","The irrelevant context in the prompt is: ""The author's childhood home is now a museum."" This information, while interesting, does not contribute to identifying the author's name. The relevant information is that the author grew up in the southern United States and was influenced by the civil rights movement, which narrows down the possibilities to Harper Lee, the actual author of 'To Kill a Mockingbird'.",0.33059108,0.4625492,0.67140734,7.558753728866577
ibm-granite/granite-3.2-8b-instruct,What is the largest planet in our solar system?,The largest planet in our solar system is a gas giant known for its distinctive red spot and massive storms. The planet's moons are also of great interest to astronomers. What is the largest planet in our solar system?,"Identify the irrelevant context in the prompt: ""The largest planet in our solar system is a gas giant known for its distinctive red spot and massive storms. The planet's moons are also of great interest to astronomers. What is the largest planet in our solar system?""",The planet's distinctive red spot and massive storms. The planet's moons being of interest to astronomers.,Jupiter,"The largest planet in our solar system is Jupiter. It's known for its Great Red Spot, a storm that has been raging on the planet for at least 300 years. Jupiter is also the fifth planet from the sun and is a gas giant, meaning it doesn't have a solid surface like Earth. Instead, it's composed mainly of gases and liquids. Its mass is more than two and a half times that of all the other planets in our solar system combined!","The largest planet in our solar system is Jupiter. It's a gas giant, known for its Great Red Spot, a storm that has been raging for at least 350 years, and its numerous moons, including the four largest ones (Io, Europa, Ganymede, and Callisto) known as the Galilean moons.","The irrelevant context in the prompt is ""The planet's moons are also of great interest to astronomers."" This information, while true, does not contribute to answering the question about the largest planet in our solar system.",0.49698788,0.56145656,0.5588085,7.566280364990234
ibm-granite/granite-3.2-8b-instruct,What is the chemical symbol for gold?,The chemical symbol for gold is a symbol that has been used for centuries and is often associated with wealth and luxury. The symbol is also used in jewelry and coins. What is the chemical symbol for gold?,"Identify the irrelevant context in the prompt: ""The chemical symbol for gold is a symbol that has been used for centuries and is often associated with wealth and luxury. The symbol is also used in jewelry and coins. What is the chemical symbol for gold?""",The symbol's association with wealth and luxury. The symbol's use in jewelry and coins.,Au,"The chemical symbol for gold is Au. This symbol comes from the Latin word for gold, ""aurum.""","The chemical symbol for gold is Au. This symbol comes from the Latin word for gold, ""Aurum.""","The irrelevant context in the prompt is ""The symbol is also used in jewelry and coins."" This information, while true, does not contribute to identifying the chemical symbol for gold. The relevant information is that gold has a chemical symbol that has been in use for centuries and is strongly linked with wealth and luxury. The answer to the question is ""Au,"" which is not provided in the prompt.",0.3637745,0.3637745,0.638016,4.364760637283325
ibm-granite/granite-3.2-8b-instruct,Who is the main character in the story of a boy who learns to play the guitar?,The main character in the story of a boy who learns to play the guitar is a young boy who loves music and has a passion for rock and roll. The boy's favorite musician is a famous guitarist who has won numerous awards. What is the main character's name?,"Identify the irrelevant context in the prompt: ""The main character in the story of a boy who learns to play the guitar is a young boy who loves music and has a passion for rock and roll. The boy's favorite musician is a famous guitarist who has won numerous awards. What is the main character's name?""",The boy's love for rock and roll. The boy's favorite musician and their awards.,The main character's name is not specified,"The main character in the story of a boy learning to play the guitar can vary depending on the specific narrative. However, a well-known example is the character of Willie Dixon in the novel ""Kind of Blue"" by Manning Marable. In this book, Willie Dixon, a real-life blues musician, is portrayed as a young boy learning to play the guitar. 

Another example is the protagonist in the novel ""The Guitar"" by James Salter. This character, also named James, is a young man who learns to play the guitar and uses it as a means of self-expression and connection with others.

If you're referring to a more general, classic coming-of-age story, the main character could be any boy, and the guitar would serve as a symbol of his journey towards maturity and self-discovery, much like in the story of Elwood Blues in ""The Blues Brothers"" or the character of Eric Clapton in his autobiography ""Clapton"". 

Please specify if you're referring to a particular story or book for a more accurate answer.","The story you're describing doesn't specify a particular main character's name, as it's a general scenario. However, if we were to name the character, a fitting choice could be ""Ethan"". This name is common and suggests a young, energetic boy. The famous guitarist he admires could be someone like ""Jimmy Page"" or ""Eddie Van Halen"", both renowned rock guitarists with numerous accolades.","The irrelevant context in the prompt is: ""The boy's favorite musician is a famous guitarist who has won numerous awards."" This information, while interesting, does not contribute to identifying the main character's name. The prompt should focus solely on the main character's details to make it more direct and relevant.",0.21092576,0.34636986,0.5819635,13.412534475326538
ibm-granite/granite-3.2-8b-instruct,What is the largest living species of lizard?,The largest living species of lizard is a reptile that is known for its intelligence and can be found in the wild in certain parts of the world. The lizard's habitat is being threatened by deforestation and hunting. What is the largest living species of lizard?,"Identify the irrelevant context in the prompt: ""The largest living species of lizard is a reptile that is known for its intelligence and can be found in the wild in certain parts of the world. The lizard's habitat is being threatened by deforestation and hunting. What is the largest living species of lizard?""",The lizard's intelligence. The lizard's habitat being threatened by deforestation and hunting.,Komodo dragon,"The largest living species of lizard is the Komodo dragon (Varanus komodoensis). These prehistoric-looking creatures can grow up to 10 feet (3 meters) in length and weigh as much as 365 pounds (165 kilograms). They are native to the Indonesian islands of Komodo, Rinca, Flores, and Gili Motang. Despite their intimidating size, Komodo dragons are not venomous, but they do possess powerful bacteria in their saliva that can cause deadly infections in their prey.","The largest living species of lizard is the Komodo dragon (Varanus komodoensis). Native to the Indonesian islands of Komodo, Rinca, Flores, and Gili Motang, these lizards can grow up to 10 feet in length and weigh as much as 365 pounds. They are known for their size, strength, and unique venomous bite, which contributes to their predatory prowess. Unfortunately, their habitat is indeed under threat due to deforestation and poaching, making conservation efforts crucial for their survival.","The irrelevant context in the prompt is ""The lizard's habitat is being threatened by deforestation and hunting."" This information, while important for understanding the conservation status of the lizard, does not contribute to identifying the species itself. The question specifically asks for the name of the largest living species of lizard, not for details about its habitat threats.",0.5586329,0.5345372,0.67578554,11.480170488357544
ibm-granite/granite-3.2-8b-instruct,Who wrote the famous play 'Romeo and Juliet'?,The famous play 'Romeo and Juliet' was written by a playwright who is known for his works on love and tragedy. The playwright's other famous works include 'Hamlet' and 'Macbeth'. What is the playwright's name?,"Identify the irrelevant context in the prompt: ""The famous play 'Romeo and Juliet' was written by a playwright who is known for his works on love and tragedy. The playwright's other famous works include 'Hamlet' and 'Macbeth'. What is the playwright's name?""",The playwright's other famous works. The playwright's focus on love and tragedy.,William Shakespeare,"The famous play 'Romeo and Juliet' was written by William Shakespeare. It's one of his most well-known tragedies, believed to have been written between 1591 and 1596. The play is set in Verona, Italy, and tells the story of two young star-crossed lovers whose deaths ultimately reconcile their feuding families.","The playwright's name is William Shakespeare. He is renowned for his tragedies, comedies, and histories, with 'Romeo and Juliet', 'Hamlet', and 'Macbeth' being some of his most celebrated works.","The irrelevant context in the prompt is the mention of ""Romeo and Juliet"" being a famous play and the description of the playwright's works on love and tragedy, as well as listing ""Hamlet"" and ""Macbeth"" as other famous works. These details, while true, do not contribute to directly identifying the playwright's name. The prompt could be simplified to: ""What is the name of the playwright who wrote 'Hamlet', 'Macbeth', and 'Romeo and Juliet'?""",0.515005,0.69124854,0.6215719,8.68456506729126
ibm-granite/granite-3.2-8b-instruct,What is the smallest country in the world?,The smallest country in the world is a nation that is known for its rich history and is home to numerous famous landmarks. The country's capital is also its largest city. What is the smallest country in the world?,"Identify the irrelevant context in the prompt: ""The smallest country in the world is a nation that is known for its rich history and is home to numerous famous landmarks. The country's capital is also its largest city. What is the smallest country in the world?""",The country's rich history and famous landmarks. The country's capital being its largest city.,Vatican City,"The smallest country in the world by land area is Vatican City, an independent city-state enclaved within Rome, Italy. It covers just 0.17 square miles (0.44 square kilometers). 

However, if we consider countries by population, Monaco is often cited as the smallest. With a population of around 39,000, it's significantly larger in terms of area than Vatican City, covering about 0.78 square miles (2 square kilometers). 

It's important to note that there are also several island nations that are smaller than both Vatican City and Monaco in terms of land area, such as Nauru and Tuvalu, but they are not as small in terms of population.","The smallest country in the world is Vatican City. It's an independent city-state enclaved within Rome, Italy. Despite its small size, it's renowned for its historical significance as the spiritual and administrative headquarters of the Roman Catholic Church. Its key landmarks include St. Peter's Basilica, the Sistine Chapel, and the Vatican Museums. The capital and largest city of Vatican City is, of course, Vatican City itself.","The irrelevant context in the prompt is ""The country's capital is also its largest city."" This information does not contribute to identifying the smallest country in the world. The relevant information is that the country is known for its rich history and famous landmarks, but even this is not directly related to determining the smallest country. The key piece of information needed to answer the question is missing in the prompt.",0.36364615,0.6744045,0.5910924,11.851786851882935
ibm-granite/granite-3.2-8b-instruct,"In the story, a character named Emily discovers a hidden world within her reflection. What does Emily find in the mirror?","In the story, a character named Emily discovers a hidden world within her reflection. The mirror is an antique that has been passed down through generations of Emily's family. The mirror's frame is made of intricately carved wood. What does Emily find in the mirror?","Identify the irrelevant context in the prompt: ""In the story, a character named Emily discovers a hidden world within her reflection. The mirror is an antique that has been passed down through generations of Emily's family. The mirror's frame is made of intricately carved wood. What does Emily find in the mirror?""",The mirror being an antique and its history. The mirror's frame being made of intricately carved wood.,Emily finds a hidden world within her reflection,"In the story, Emily discovers a hidden world within her reflection. Upon gazing into the mirror, she doesn't just see her own image, but a parallel universe reflected back at her. This alternate reality is a miniature, magical version of her own world, complete with tiny, intricate landscapes, miniature people, and fantastical creatures. 

As she reaches out to touch the reflection, she finds that she can interact with this world. She can manipulate objects, communicate with the tiny inhabitants, and even step into this miniature realm, though she remains her normal size within it. This discovery leads to a series of extraordinary adventures and revelations about her own life and the nature of reality.","In the story, Emily discovers a hidden world within her reflection when she gazes into the antique mirror. As she looks closer, she notices that the reflection isn't just a mirror image of herself, but a portal to another realm. 

Behind the surface of the mirror, she sees a lush, vibrant landscape that seems to exist parallel to her own world. It's filled with fantastical creatures, ancient ruins, and breathtaking vistas. The world within the mirror is alive with magic and mystery, and it appears to be a reflection of her own subconscious thoughts and dreams.

As Emily continues to explore this hidden world, she learns that it's connected to her family's history. The mirror, passed down through generations, serves as a bridge between the mundane world and this magical realm. Emily's ancestors were guardians of this mirror, tasked with maintaining the balance between the two worlds.

Throughout her journey, Emily encounters challenges and makes discoveries about her family's past, her own identity, and the true nature of the mirror. She learns that the mirror not only reflects the external but also the internal, revealing truths about herself that she never knew.","The irrelevant context in the prompt is: ""The mirror's frame is made of intricately carved wood."" This detail, while descriptive, does not contribute to answering the question of what Emily finds in the mirror.",0.8324133,0.82064784,0.7120565,15.53375768661499
ibm-granite/granite-3.2-8b-instruct,What is the largest mammal on Earth?,The largest mammal on Earth is a creature that is known for its massive size and can be found in the world's oceans. The creature's diet consists mainly of tiny fish and plankton. What is the largest mammal on Earth?,"Identify the irrelevant context in the prompt: ""The largest mammal on Earth is a creature that is known for its massive size and can be found in the world's oceans. The creature's diet consists mainly of tiny fish and plankton. What is the largest mammal on Earth?""",The creature's diet consisting of tiny fish and plankton. The creature being found in the world's oceans.,Blue whale,"The largest mammal on Earth is the blue whale (Balaenoptera musculus). These magnificent creatures can reach lengths of up to 100 feet (30 meters) and weigh as much as 200 tons (181 metric tonnes). They are not only the largest living mammals but also the largest animals to have ever lived on Earth. Their heart alone can be as large as an automobile, and their tongue can weigh as much as an elephant. Despite their enormous size, blue whales primarily feed on tiny shrimp-like animals called krill.","The largest mammal on Earth is the blue whale (Balaenoptera musculus). Despite its size, it primarily feeds on tiny shrimp-like animals called krill. Blue whales can grow up to 100 feet long and weigh as much as 200 tons, making them the largest animals ever known to have existed.","The irrelevant context in the prompt is the statement ""The creature's diet consists mainly of tiny fish and plankton."" This information, while true for the creature in question, does not contribute to identifying the largest mammal on Earth. The relevant information for answering the question is the fact that it's the largest mammal found in the world's oceans. The diet detail, although accurate, is not necessary to determine the answer, which is the blue whale.",0.556962,0.5391137,0.6057366,10.593328475952148
ibm-granite/granite-3.2-8b-instruct,What is the chemical symbol for silver?,The chemical symbol for silver is a symbol that has been used for centuries and is often associated with wealth and luxury. The symbol is also used in jewelry and coins. What is the chemical symbol for silver?,"Identify the irrelevant context in the prompt: ""The chemical symbol for silver is a symbol that has been used for centuries and is often associated with wealth and luxury. The symbol is also used in jewelry and coins. What is the chemical symbol for silver?""",The symbol's association with wealth and luxury. The symbol's use in jewelry and coins.,Ag,"The chemical symbol for silver is ""Ag"". This symbol comes from the Latin word for silver, ""argentum"".","The chemical symbol for silver is ""Ag"". This symbol originates from the Latin word for silver, ""argentum"".","The irrelevant context in the prompt is ""The symbol is also used in jewelry and coins."" This information, while true, does not contribute to identifying the chemical symbol for silver. The relevant information is that silver has a symbol that has been used for centuries and is associated with wealth and luxury. The answer to the question is ""Ag,"" which is the chemical symbol for silver.",0.4746467,0.4696617,0.67954934,4.449272155761719
ibm-granite/granite-3.2-8b-instruct,Who wrote the famous novel 'Pride and Prejudice'?,The famous novel 'Pride and Prejudice' was written by an author who is known for her works on love and relationships. The author's other famous works include 'Sense and Sensibility' and 'Emma'. What is the author's name?,"Identify the irrelevant context in the prompt: ""The famous novel 'Pride and Prejudice' was written by an author who is known for her works on love and relationships. The author's other famous works include 'Sense and Sensibility' and 'Emma'. What is the author's name?""",The author's other famous works. The author's focus on love and relationships.,Jane Austen,"The famous novel 'Pride and Prejudice' was written by Jane Austen. It was first published in 1813 and is considered one of her most popular works. The story, set in early 19th-century England, follows the main character Elizabeth Bennet as she deals with issues of manners, upbringing, morality, education, and marriage in the society of her day.","The author's name is Jane Austen. She is renowned for her insightful commentary on the social norms and relationships of early 19th-century England, particularly focusing on themes of marriage, morality, and social class. Apart from 'Pride and Prejudice', 'Sense and Sensibility', and 'Emma', her other notable works include 'Mansfield Park' and 'Persuasion'.","The irrelevant context in the prompt is: ""The famous novel 'Pride and Prejudice' was written by an author who is known for her works on love and relationships.""

This part of the prompt provides background information about the author's genre, but it is not necessary to identify the author's name. The crucial information for answering the question is the fact that the author wrote 'Pride and Prejudice', 'Sense and Sensibility', and 'Emma'.",0.56016755,0.7379892,0.5147889,9.521709203720093
ibm-granite/granite-3.2-8b-instruct,What is the largest city in the world?,The largest city in the world is a metropolis that is known for its bustling streets and vibrant culture. The city's population is over 30 million people. What is the largest city in the world?,"Identify the irrelevant context in the prompt: ""The largest city in the world is a metropolis that is known for its bustling streets and vibrant culture. The city's population is over 30 million people. What is the largest city in the world?""",The city's population being over 30 million people. The city's bustling streets and vibrant culture.,Tokyo,"The largest city in the world by population within city limits is often considered to be Tokyo, Japan. However, if we consider the entire metropolitan area, then the title goes to the New York metropolitan area, which includes parts of New York State and New Jersey in the United States. It's important to note that these definitions can vary slightly depending on the source and criteria used.","The largest city in the world by population within city limits is Tokyo, Japan. As of recent estimates, its population exceeds 37 million. However, if we consider the entire metropolitan area, then the title goes to New York City, USA, with a population of over 20 million.","The irrelevant context in the prompt is ""The city's population is over 30 million people."" This information, while true, does not contribute to answering the question ""What is the largest city in the world?"" The question itself already implies that the city in question has a massive population, so stating it again is redundant.",0.53209317,0.4449077,0.62910306,6.981528043746948
ibm-granite/granite-3.2-8b-instruct,"In the story, a character named David discovers a hidden portal in his backyard. What does David find in the portal?","In the story, a character named David discovers a hidden portal in his backyard. The portal is surrounded by a garden filled with beautiful flowers and trees. The garden's fence is made of white picket wood. What does David find in the portal?","Identify the irrelevant context in the prompt: ""In the story, a character named David discovers a hidden portal in his backyard. The portal is surrounded by a garden filled with beautiful flowers and trees. The garden's fence is made of white picket wood. What does David find in the portal?""",The garden being filled with beautiful flowers and trees. The garden's fence being made of white picket wood.,David finds a hidden portal,"In the story, David discovers a hidden portal in his backyard that leads to an extraordinary world. Upon stepping through, he finds himself in a lush, vibrant forest filled with bioluminescent flora and fauna. The air is crisp and clean, and he can hear the gentle hum of unseen creatures. As he explores further, he encounters beings of light who communicate telepathically, revealing that this is a realm of pure energy and consciousness, existing parallel to his own world. They explain that the portal is a bridge between dimensions, and David is the first human to ever set foot in their realm. The beings invite him to stay and learn from them, offering him the chance to expand his understanding of existence and reality.","In the story, David finds a mysterious and enchanting world beyond the portal. This new realm is teeming with magical creatures, fantastical landscapes, and ancient wisdom. He encounters talking animals, mythical beings, and even a wise old sage who guides him through this hidden dimension. The portal serves as a gateway to an alternate reality, offering David adventures, challenges, and lessons that he never could have imagined in his ordinary life.","The irrelevant context in the prompt is ""The garden's fence is made of white picket wood."" This detail, while descriptive, does not contribute to answering the question of what David finds in the portal.",0.69690454,0.7691343,0.6909491,10.474333763122559
ibm-granite/granite-3.2-8b-instruct,What is the smallest bone in the human body?,The smallest bone in the human body is a bone that is found in the ear and is responsible for hearing. The bone's shape is unique and allows it to vibrate when sound waves reach it. What is the smallest bone in the human body?,"Identify the irrelevant context in the prompt: ""The smallest bone in the human body is a bone that is found in the ear and is responsible for hearing. The bone's shape is unique and allows it to vibrate when sound waves reach it. What is the smallest bone in the human body?""",The bone's shape being unique and its ability to vibrate. The bone being found in the ear and responsible for hearing.,Stapes,"The smallest bone in the human body is the stapes, one of the three tiny ossicles (bones) in the middle ear. It's located within the ear's ossicular chain and plays a crucial role in transmitting sound vibrations from the eardrum to the inner ear. The stapes is about 0.11 inches (3 millimeters) long.","The smallest bone in the human body is indeed the stirrup, also known as the stapes. It's one of the three tiny bones in the middle ear, collectively called the ossicles, which transmit sound vibrations from the air to the inner ear. The stirrup's unique shape, resembling a stirrup used by horse riders, allows it to fit into the oval window of the inner ear, facilitating the transfer of sound waves effectively.","The irrelevant context in the prompt is the statement ""The bone's shape is unique and allows it to vibrate when sound waves reach it."" This information, while true, does not contribute to identifying the smallest bone in the human body. The key information needed to answer the question is simply the name of the smallest bone, which is the stapes. The description of its function and shape, although accurate, is not necessary to answer the question posed.",0.43733764,0.4379881,0.6454215,8.962798357009888
ibm-granite/granite-3.2-8b-instruct,Who is the main character in the story of a boy who learns to play the piano?,The main character in the story of a boy who learns to play the piano is a young boy who loves music and has a passion for classical composers. The boy's favorite composer is Mozart and he loves to listen to his symphonies. What is the main character's name?,"Identify the irrelevant context in the prompt: ""The main character in the story of a boy who learns to play the piano is a young boy who loves music and has a passion for classical composers. The boy's favorite composer is Mozart and he loves to listen to his symphonies. What is the main character's name?""",The boy's love for classical composers and Mozart. The boy's passion for music.,The main character's name is not specified,"The main character in the story of a boy learning to play the piano can vary depending on the specific narrative. However, one of the most famous examples is in the novel ""The Piano Teacher"" by Janice Y.K. Lee. The protagonist in this story is a young girl named Trudy Liang. 

If you're referring to a more well-known tale, ""The Little Boy Who Played the Piano"" by Helen Keller, the main character is a young boy named Willie, who is blind and deaf but learns to play the piano with the help of his teacher, Helen Keller.

In the classic children's story ""The Piano,"" by Mary Louise Clark, the main character is a young girl named Lizzie. 

Please specify if you're thinking of a different story for a more accurate answer.","The story you're referring to doesn't specify a name for the main character, as it's a common archetype in narratives about young musicians. Therefore, the boy's name isn't explicitly provided in the details you've given. He could be named anything, from common names like Tom or Tim to more unique ones, depending on the author's choice.","The irrelevant context in the prompt is the specific details about the boy's love for Mozart and classical music. These details, while providing additional information about the character, are not necessary to answer the question about the main character's name. The prompt could be simplified to: ""The main character in a story is a young boy. What is his name?""",0.27363542,0.4962182,0.6185621,11.230550289154053
ibm-granite/granite-3.2-8b-instruct,What is the chemical symbol for copper?,The chemical symbol for copper is a symbol that has been used for centuries and is often associated with electricity and conductivity. The symbol is also used in electrical wiring and circuits. What is the chemical symbol for copper?,"Identify the irrelevant context in the prompt: ""The chemical symbol for copper is a symbol that has been used for centuries and is often associated with electricity and conductivity. The symbol is also used in electrical wiring and circuits. What is the chemical symbol for copper?""",The symbol's association with electricity and conductivity. The symbol's use in electrical wiring and circuits.,Cu,The chemical symbol for copper is Cu.,The chemical symbol for copper is Cu.,"The irrelevant context in the prompt is ""The symbol is also used in electrical wiring and circuits."" This information, while true, does not contribute to identifying the chemical symbol for copper. The prompt already specifies that the symbol is associated with copper, electricity, and conductivity, making the additional detail about its use in electrical wiring and circuits unnecessary for answering the question.",0.5322468,0.5322468,0.68832445,3.346463203430176
ibm-granite/granite-3.2-8b-instruct,Who wrote the famous play 'Hamlet'?,The famous play 'Hamlet' was written by a playwright who is known for his works on tragedy and revenge. The playwright's other famous works include 'Romeo and Juliet' and 'Macbeth'. What is the playwright's name?,"Identify the irrelevant context in the prompt: ""The famous play 'Hamlet' was written by a playwright who is known for his works on tragedy and revenge. The playwright's other famous works include 'Romeo and Juliet' and 'Macbeth'. What is the playwright's name?""",The playwright's other famous works. The playwright's focus on tragedy and revenge.,William Shakespeare,"The famous play 'Hamlet' was written by William Shakespeare. It's one of his most renowned works and is considered a masterpiece of literature. The play is a tragedy that revolves around Prince Hamlet of Denmark, who seeks revenge on his uncle Claudius for murdering Hamlet's father and marrying his mother.","The playwright's name is William Shakespeare. He is renowned for his tragedies, comedies, and histories, with 'Hamlet', 'Romeo and Juliet', and 'Macbeth' being some of his most celebrated works.","The irrelevant context in the prompt is the mention of ""Hamlet"" as it is the play in question and directly relates to the playwright's name. The other details about the playwright's focus on tragedy and revenge, as well as his other famous works, are relevant as they provide context to help identify the playwright's name.",0.5316562,0.6929209,0.6528963,7.439730405807495
ibm-granite/granite-3.2-8b-instruct,What is the largest state in the United States?,The largest state in the United States is a state that is known for its vast wilderness and natural beauty. The state's capital is Juneau and it is home to numerous national parks. What is the largest state in the United States?,"Identify the irrelevant context in the prompt: ""The largest state in the United States is a state that is known for its vast wilderness and natural beauty. The state's capital is Juneau and it is home to numerous national parks. What is the largest state in the United States?""",The state's capital being Juneau. The state being home to numerous national parks.,Alaska,"The largest state in the United States by area is Alaska. It's more than twice the size of the next largest state, Texas. Alaska covers approximately 663,268 square miles.","The largest state in the United States is Alaska. It's indeed renowned for its expansive wilderness, stunning natural beauty, and numerous national parks, including the famous Denali National Park. Juneau, located in southeastern Alaska, serves as its capital, accessible only by air or sea due to its coastal location.","The irrelevant context in the prompt is ""The state's capital is Juneau and it is home to numerous national parks."" This information, while true, does not contribute to identifying the largest state in the U.S. The key piece of information needed to answer the question is the fact that this state is known for its vast wilderness and natural beauty, which is a characteristic that applies to only one state: Alaska.",0.5182967,0.5444725,0.8296565,7.137817859649658
ibm-granite/granite-3.2-8b-instruct,"In the story, a character named Olivia discovers a hidden diary in her attic. What does Olivia find in the diary?","In the story, a character named Olivia discovers a hidden diary in her attic. The diary belongs to her great-grandmother and is filled with stories of love and loss. The diary's cover is made of leather and has a lock on it. What does Olivia find in the diary?","Identify the irrelevant context in the prompt: ""In the story, a character named Olivia discovers a hidden diary in her attic. The diary belongs to her great-grandmother and is filled with stories of love and loss. The diary's cover is made of leather and has a lock on it. What does Olivia find in the diary?""",The diary belonging to Olivia's great-grandmother. The diary's cover being made of leather and having a lock on it.,Olivia finds stories of love and loss,"In the story, Olivia finds a series of intriguing entries in the hidden diary. The diary belonged to her great-grandmother, Eleanor, who lived in the same house many decades ago. Olivia discovers that Eleanor was a passionate artist, a fact previously unknown to her family. The diary is filled with vivid descriptions of Eleanor's artistic endeavors, her struggles, and her dreams.

Moreover, Olivia uncovers a secret love story. Eleanor had been in love with a man named Thomas, a traveling artist who visited their town occasionally. Their love was forbidden due to societal norms and Thomas's wandering lifestyle. The diary entries reveal their deep affection for each other, their shared artistic vision, and the heartbreak when Thomas had to leave each time.

Additionally, Olivia finds cryptic references to a hidden painting, a masterpiece that Eleanor had concealed somewhere in the house. This revelation sparks Olivia's curiosity and sets her on a quest to uncover this lost artwork, leading her to explore her family's history and her own identity.","In the diary, Olivia finds a series of heartfelt entries penned by her great-grandmother. These entries detail her life's journey, filled with tales of love, both passionate and enduring, as well as profound moments of loss and heartache. 

She reads about her great-grandmother's courtship with her late husband, the joy they found in each other, and the challenges they overcame together. Olivia learns about their shared dreams, the birth of her grandmother, and the simple, yet beautiful moments they cherished.

The diary also reveals the pain of loss, particularly when her great-grandmother's husband passed away. Olivia discovers her great-grandmother's grief, her struggles to cope, and her eventual path to healing. There are also entries about her great-grandmother's own childhood, her family, and her personal reflections on life, love, and the passage of time.

Through these pages, Olivia gains a deeper understanding and connection with her great-grandmother, bridging the gap between generations and enriching her own perspective on life, love, and resilience.","The irrelevant context in the prompt is ""The diary's cover is made of leather and has a lock on it."" This detail, while descriptive, does not contribute to answering the question ""What does Olivia find in the diary?"" as it does not provide any information about the content of the diary.",0.6068319,0.6651052,0.70989335,19.589833736419678
ibm-granite/granite-3.2-8b-instruct,What is the chemical symbol for tin?,The chemical symbol for tin is a symbol that has been used for centuries and is often associated with soldering and electronics. The symbol is also used in packaging and plating. What is the chemical symbol for tin?,"Identify the irrelevant context in the prompt: ""The chemical symbol for tin is a symbol that has been used for centuries and is often associated with soldering and electronics. The symbol is also used in packaging and plating. What is the chemical symbol for tin?""",The symbol's association with soldering and electronics. The symbol's use in packaging and plating.,Sn,"The chemical symbol for tin is ""Sn"". This symbol comes from the Latin word for tin, ""stannum"".","The chemical symbol for tin is ""Sn"". This symbol comes from the Latin word for tin, ""stannum"".","The irrelevant context in the prompt is ""soldering and electronics, packaging and plating."" These details, while related to tin, do not contribute to identifying the chemical symbol for tin itself. The relevant information is the mention of the symbol being used for centuries and its association with tin. The answer to the question is ""Sn,"" which is the chemical symbol for tin.",0.404688,0.404688,0.5756218,4.228731870651245
ibm-granite/granite-3.2-8b-instruct,Who is the main character in the story of a girl who learns to dance?,The main character in the story of a girl who learns to dance is a young girl who loves music and has a passion for ballet. The girl's favorite dancer is a famous ballerina and she loves to watch her performances. What is the main character's name?,"Identify the irrelevant context in the prompt: ""The main character in the story of a girl who learns to dance is a young girl who loves music and has a passion for ballet. The girl's favorite dancer is a famous ballerina and she loves to watch her performances. What is the main character's name?""",The girl's love for ballet and her favorite dancer. The girl's passion for music.,The main character's name is not specified,"The main character in the story of a girl who learns to dance can vary depending on the specific narrative. However, a well-known example is the character of Maria in the musical and film ""The Sound of Music."" In this story, Maria, a young woman from an Austrian abbey, is sent to serve as a governess for the seven children of a naval officer, Captain von Trapp. Through her love for music and her natural talent, she teaches the children to sing and eventually helps them overcome their fears and insecurities. Dance also plays a significant role, particularly in the famous scene where Maria teaches the children to dance and they perform at the Salzburg Festival.

Another example is the protagonist in the novel ""Center Stage"" by Sandra Brown, where a young woman named Bella moves to New York to pursue her dream of becoming a professional ballerina.

In the movie ""Take the Lead,"" the main character is Pierre Dulaine, a dance instructor who teaches ballroom dancing to a group of high school students in a juvenile detention center. While not the primary focus, one of the students, Rachel, learns to dance and grows as a person through this experience.

Each of these stories revolves around a girl learning to dance, but the main character's name and specific journey can differ.","The name of the main character is not explicitly provided in your description. Therefore, I cannot give a definitive answer. In stories like this, the main character might be named something like Isabella, Sophia, or Amelia, but it could be any name that fits the narrative.","The irrelevant context in the prompt is the mention of the girl's favorite dancer being a famous ballerina and her watching the performances. These details, while providing additional information about the girl's interests, do not contribute to identifying the main character's name. The prompt's core question is about the main character's name, not her admiration for another dancer.",0.19413853,0.6570358,0.58301353,14.902563095092773
ibm-granite/granite-3.2-8b-instruct,What is the largest river in the world?,The largest river in the world is a river that is known for its vast length and is home to numerous aquatic species. The river's source is in the mountains and it flows through several countries. What is the largest river in the world?,"Identify the irrelevant context in the prompt: ""The largest river in the world is a river that is known for its vast length and is home to numerous aquatic species. The river's source is in the mountains and it flows through several countries. What is the largest river in the world?""",The river's source being in the mountains. The river flowing through several countries.,Nile,"The largest river in the world by discharge volume of water is the Amazon River. It's located in South America and flows through Brazil, Peru, Colombia, and other countries. However, if you're considering length, the Nile River in Africa is the longest river, stretching about 4,135 miles (6,650 kilometers).","The largest river in the world by length is the Nile River. It stretches about 4,135 miles (6,650 kilometers) and flows through eleven countries in Africa, including Egypt, Sudan, and Ethiopia. The Nile has two major tributaries: the White Nile, considered to be the headwaters and primary stream of the Nile itself, and the Blue Nile, which provides most of the river's water. The Nile is renowned for its significant role in the development of human civilizations, particularly in Ancient Egypt.","The irrelevant context in the prompt is ""The river's source is in the mountains and it flows through several countries."" This information, while true for many large rivers, does not contribute to identifying the largest river in the world. The key information needed to answer the question is the name of the river, not its geographical features.",0.45219696,0.5849229,0.7304555,9.437508583068848
ibm-granite/granite-3.2-8b-instruct,"In the story, a character named Ethan discovers a hidden message in his favorite book. What does Ethan find in the message?","In the story, a character named Ethan discovers a hidden message in his favorite book. The book is a classic novel that has been passed down through generations of Ethan's family. The book's cover is made of leather and has a golden lock on it. What does Ethan find in the message?","Identify the irrelevant context in the prompt: ""In the story, a character named Ethan discovers a hidden message in his favorite book. The book is a classic novel that has been passed down through generations of Ethan's family. The book's cover is made of leather and has a golden lock on it. What does Ethan find in the message?""",The book being a classic novel and its history. The book's cover being made of leather and having a golden lock on it.,Ethan finds a hidden message,"In the story, Ethan discovers a hidden message in his favorite book, ""The Enigma of the Emerald Eye,"" written by the reclusive author, Victoria Sinclair. The message, revealed through a complex system of invisible ink and steganography, is a cryptic riddle that hints at the location of Sinclair's long-lost manuscript, ""The Chronicles of the Crimson Veil.""

The riddle reads: ""Where the river's heart beats slow, beneath the ancient willow's shadow, lies the key to secrets untold. Seek the place where sun meets sea, and the whispering willows bend to thee.""

Ethan, being an avid fan and a budding cryptographer, deciphers the riddle and embarks on an adventure to uncover the lost manuscript, hoping to learn more about Sinclair's mysterious life and the fate of her unpublished work.","In the story, Ethan discovers a hidden message within the pages of his cherished, generations-old family book. The book, a classic novel with a leather cover and a golden lock, holds a secret that has eluded many readers before him.

Upon careful examination, Ethan notices a subtle pattern of tiny, almost imperceptible symbols etched into the endpapers. Using a magnifying glass he finds in his grandfather's old desk, he deciphers the symbols to reveal a coded message. 

After days of painstaking work, Ethan finally cracks the code, revealing a heartfelt letter from his ancestor, a previous owner of the book. The letter, written in a flowing script, expresses love, advice, and a family secret. 

The secret turns out to be the location of a hidden family treasure, a priceless heirloom that has been lost for centuries. The treasure, according to the letter, is buried somewhere in their ancestral home, marked by a specific inscription found on an old family portrait. 

Ethan's discovery not only brings him closer to his family's past but also sets him on an exciting adventure to uncover the long-lost treasure.","The irrelevant context in the prompt is: ""The book's cover is made of leather and has a golden lock on it.""

This detail, while potentially adding to the atmosphere or description of the book, does not contribute to the core question of what Ethan finds in the hidden message. The key information needed to answer the question is that Ethan discovers a hidden message in a classic novel passed down through his family, not the physical attributes of the book's cover.",0.5651946,0.64438653,0.6068435,19.165023803710938
ibm-granite/granite-3.2-8b-instruct,What is the chemical symbol for lead?,The chemical symbol for lead is a symbol that has been used for centuries and is often associated with batteries and radiation. The symbol is also used in plumbing and construction. What is the chemical symbol for lead?,"Identify the irrelevant context in the prompt: ""The chemical symbol for lead is a symbol that has been used for centuries and is often associated with batteries and radiation. The symbol is also used in plumbing and construction. What is the chemical symbol for lead?""",The symbol's association with batteries and radiation. The symbol's use in plumbing and construction.,Pb,"The chemical symbol for lead is Pb. This symbol comes from the Latin word for lead, ""plumbum.""","The chemical symbol for lead is Pb. This symbol comes from the Latin word for lead, ""plumbum."" Despite its modern connotations with batteries and radiation, the use of lead in plumbing dates back to ancient civilizations, hence the connection.","The irrelevant context in the prompt is ""The symbol is also used in plumbing and construction."" This information, while true, does not contribute to identifying the chemical symbol for lead. The relevant information is that lead's symbol has been in use for centuries and is commonly associated with batteries and radiation. The actual symbol is Pb, which is not mentioned in the irrelevant context.",0.38126856,0.3811521,0.62199473,5.5204691886901855
ibm-granite/granite-3.2-8b-instruct,Who is the main character in the story of a boy who learns to swim?,The main character in the story of a boy who learns to swim is a young boy who loves the water and has a passion for competitive swimming. The boy's favorite swimmer is a famous Olympic athlete and he loves to watch his races. What is the main character's name?,"Identify the irrelevant context in the prompt: ""The main character in the story of a boy who learns to swim is a young boy who loves the water and has a passion for competitive swimming. The boy's favorite swimmer is a famous Olympic athlete and he loves to watch his races. What is the main character's name?""",The boy's love for competitive swimming and his favorite swimmer. The boy's passion for the water.,The main character's name is not specified,"The main character in the story of a boy learning to swim can vary depending on the specific narrative. However, a well-known example is ""The Little Prince"" by Antoine de Saint-Exupéry, where the protagonist, a young boy from a small asteroid, learns to swim in a lake on Earth. Another example is ""Swimmy"" by Leo Lionni, where the main character is a small fish who learns to swim and work together with other fish to scare off predators. In both cases, the main character is a boy or a young creature learning the skill of swimming.","The story you're referring to doesn't specify a name for the main character, as it's a common archetype in many narratives about young swimmers. Therefore, without additional context or details from the specific story, I can't provide a definitive name for the main character.","The irrelevant context in the prompt is the mention of the boy's favorite swimmer being a famous Olympic athlete. This detail, while interesting, does not contribute to identifying the main character's name. The main focus of the prompt should be on the main character himself, not his admiration for another swimmer.",0.2267875,0.40956193,0.5943276,8.92420744895935
ibm-granite/granite-3.2-8b-instruct,What is the largest desert in the world?,The largest desert in the world is a desert that is known for its extreme heat and is home to numerous unique species. The desert's sand dunes are massive and can reach heights of over 100 feet. What is the largest desert in the world?,"Identify the irrelevant context in the prompt: ""The largest desert in the world is a desert that is known for its extreme heat and is home to numerous unique species. The desert's sand dunes are massive and can reach heights of over 100 feet. What is the largest desert in the world?""",The desert's extreme heat and unique species. The desert's sand dunes being massive and reaching heights of over 100 feet.,Antarctic,"The largest desert in the world is the Antarctic Desert. Despite common misconceptions, deserts aren't just areas of sand and heat; they're regions that receive very little precipitation. The Antarctic Desert, covering about 14 million square kilometers, is the largest due to its extreme cold and lack of precipitation, including snowfall. It's important to note that it's a polar desert, unlike the hot deserts like the Sahara or the Arabian Desert.","The largest desert in the world is the Antarctic Desert. Despite common misconceptions, deserts aren't just defined by sand and heat. A desert is any region that receives very little precipitation (less than 10 inches per year), and the Antarctic Desert, covering most of the continent of Antarctica, fits this definition. It's the driest place on Earth, with most of it covered in ice rather than sand. The Antarctic's cold, not heat, is its defining characteristic. 

The largest 'hot' desert, often referred to when people think of deserts, is actually the Sahara, which is the third largest desert globally. It spans across North Africa and is known for its towering sand dunes.","The irrelevant context in the prompt is ""The desert's sand dunes are massive and can reach heights of over 100 feet."" This detail, while interesting, does not contribute to identifying the largest desert in the world. The relevant information for answering the question is the fact that it's the largest desert known for its extreme heat and unique species. The specific height of the dunes is not necessary to determine the identity of the desert.",0.36862808,0.3567263,0.8207042,12.841203927993774
ibm-granite/granite-3.2-8b-instruct,"In the story, a character named Ava discovers a hidden garden in her neighborhood. What does Ava find in the garden?","In the story, a character named Ava discovers a hidden garden in her neighborhood. The garden is filled with beautiful flowers and trees and is home to numerous birds and bees. The garden's fence is made of wooden pickets and has a small gate. What does Ava find in the garden?","Identify the irrelevant context in the prompt: ""In the story, a character named Ava discovers a hidden garden in her neighborhood. The garden is filled with beautiful flowers and trees and is home to numerous birds and bees. The garden's fence is made of wooden pickets and has a small gate. What does Ava find in the garden?""",The garden being filled with beautiful flowers and trees. The garden's fence being made of wooden pickets and having a small gate.,Ava finds a hidden garden,"In the story, Ava discovers a hidden garden in her neighborhood and finds a variety of extraordinary things. Among them are:

1. Rare and exotic flowers that she's never seen before, each with unique scents and colors.
2. A small pond teeming with colorful, luminescent fish that seem to glow under the sunlight.
3. An ancient-looking tree with a hollow trunk that houses a nest of tiny, glowing birds.
4. A stone bench carved with intricate patterns and inscriptions in an unknown language.
5. A mysterious, ornate gate that seems to have no other entrance in the neighborhood.
6. A hidden path leading deeper into the woods, suggesting there's more to the garden than meets the eye.
7. A book, seemingly old and leather-bound, lying on a stone pedestal. It turns out to be a journal detailing the history of the garden and its magical properties.

The garden, it turns out, is a magical place, a secret sanctuary created by a group of enchantresses centuries ago, designed to protect and nurture the magic inherent in the world. Ava's discovery marks the beginning of a series of magical adventures.","In the garden, Ava finds a variety of beautiful flowers such as roses, daisies, and lilies, along with towering trees that provide shade and a sense of tranquility. She discovers a small pond teeming with colorful fish and lily pads, where dragonflies dance above the water's surface. The garden is also home to a variety of birds, including robins, sparrows, and a majestic peacock that spreads its vibrant feathers. Bees buzz around the flowers, collecting nectar. Near the gate, Ava notices a rustic wooden bench, perfect for relaxation and contemplation. She also finds a small, weathered book tucked between two stones, which turns out to be a collection of poems about nature and gardens. The hidden garden becomes Ava's secret sanctuary, a place of peace and inspiration.","The irrelevant context in the prompt is ""The garden's fence is made of wooden pickets and has a small gate."" This detail, while descriptive, does not contribute to answering the question ""What does Ava find in the garden?"" as it does not specify any particular object, creature, or feature that Ava discovers within the garden itself.",0.7233361,0.77879876,0.5878295,18.676636934280396
ibm-granite/granite-3.2-8b-instruct,What is the chemical symbol for mercury?,The chemical symbol for mercury is a symbol that has been used for centuries and is often associated with thermometers and fluorescent lighting. The symbol is also used in dental fillings and batteries. What is the chemical symbol for mercury?,"Identify the irrelevant context in the prompt: ""The chemical symbol for mercury is a symbol that has been used for centuries and is often associated with thermometers and fluorescent lighting. The symbol is also used in dental fillings and batteries. What is the chemical symbol for mercury?""",The symbol's association with thermometers and fluorescent lighting. The symbol's use in dental fillings and batteries.,Hg,The chemical symbol for mercury is Hg.,The chemical symbol for mercury is Hg.,"The irrelevant context in the prompt is ""The symbol is also used in dental fillings and batteries."" This information, while true, does not contribute to identifying the chemical symbol for mercury. The relevant information is that mercury has a symbol that has been used for centuries and is associated with thermometers and fluorescent lighting. The answer to the question ""What is the chemical symbol for mercury?"" is Hg, which is directly implied by the mention of its common uses. The additional information about dental fillings and batteries, while factual, is not necessary to answer the question.",0.4768661,0.4768661,0.63244057,4.9523234367370605
ibm-granite/granite-3.2-8b-instruct,Who is the main character in the story of a girl who learns to ride a bike?,The main character in the story of a girl who learns to ride a bike is a young girl who loves the outdoors and has a passion for adventure. The girl's favorite bike is a pink bicycle with streamers on the handlebars. What is the main character's name?,"Identify the irrelevant context in the prompt: ""The main character in the story of a girl who learns to ride a bike is a young girl who loves the outdoors and has a passion for adventure. The girl's favorite bike is a pink bicycle with streamers on the handlebars. What is the main character's name?""",The girl's love for the outdoors and adventure. The girl's favorite bike being a pink bicycle with streamers on the handlebars.,The main character's name is not specified,"The main character in the story of a girl learning to ride a bike can vary depending on the specific narrative. However, a common example is a young girl, often named something like ""Lily"" or ""Emma"". The story typically revolves around her experiences, challenges, and eventual success in mastering this new skill. Without a specific title or author, it's impossible to pinpoint an exact character.","The story does not explicitly provide the main character's name. Therefore, I cannot definitively answer this question. In literature, it's common for characters to be referred to by their roles or descriptions rather than specific names.","The irrelevant context in the prompt is ""The girl's favorite bike is a pink bicycle with streamers on the handlebars."" This detail, while providing additional information about the girl's bike, does not contribute to identifying the main character's name. The name of the main character is not specified in the prompt.",0.3319624,0.7171644,0.7099898,6.656005859375
ibm-granite/granite-3.2-8b-instruct,What is the largest mountain in the world?,The largest mountain in the world is a mountain that is known for its extreme height and is home to numerous unique species. The mountain's peak is covered in snow and ice and is a popular destination for climbers. What is the largest mountain in the world?,"Identify the irrelevant context in the prompt: ""The largest mountain in the world is a mountain that is known for its extreme height and is home to numerous unique species. The mountain's peak is covered in snow and ice and is a popular destination for climbers. What is the largest mountain in the world?""",The mountain's peak being covered in snow and ice. The mountain being a popular destination for climbers.,Mauna Kea,"The largest mountain in the world, when measured from base to peak, is Mauna Kea in Hawaii. However, if you're referring to mountains that rise the highest above sea level, then Mount Everest in the Himalayas is the tallest, with a peak at 8,848.86 meters (29,031.7 feet) above sea level.","The largest mountain in the world, when measured from its base at the ocean floor to its peak above sea level, is Mauna Kea in Hawaii. However, if you're referring to the mountain with the greatest absolute height above sea level, that would be Mount Everest, located in the Himalayas on the border of Nepal and Tibet (China). It stands at approximately 8,848.86 meters (29,031.7 feet) tall. Both are significant for their unique ecosystems and are popular destinations for mountaineers.","The irrelevant context in the prompt is: ""The mountain's peak is covered in snow and ice and is a popular destination for climbers.""

This information, while true for the largest mountain (Mount Everest), does not contribute to identifying the name of the largest mountain. It provides additional details about the mountain's characteristics and popularity among climbers, which are not necessary to answer the question directly. The relevant information for answering the question is the description of the mountain as the ""largest in the world"" and its uniqueness in terms of height and biodiversity.",0.347599,0.35666394,0.70578647,10.94701600074768
ibm-granite/granite-3.2-8b-instruct,"In the story, a character named Liam discovers a hidden cave behind a waterfall. What does Liam find in the cave?","In the story, a character named Liam discovers a hidden cave behind a waterfall. The cave is filled with beautiful crystals and rocks and is home to numerous unique species. The cave's entrance is hidden behind a curtain of vines and moss. What does Liam find in the cave?","Identify the irrelevant context in the prompt: ""In the story, a character named Liam discovers a hidden cave behind a waterfall. The cave is filled with beautiful crystals and rocks and is home to numerous unique species. The cave's entrance is hidden behind a curtain of vines and moss. What does Liam find in the cave?""",The cave being filled with beautiful crystals and rocks. The cave's entrance being hidden behind a curtain of vines and moss.,Liam finds a hidden cave,"In the story, Liam discovers a hidden cave behind a waterfall and finds several intriguing items:

1. Ancient Artifacts: Liam uncovers a collection of artifacts that appear to be from an unknown civilization. These include pottery, jewelry, and tools, all of which seem to be made from materials not commonly found in the region.

2. A Mysterious Map: Among the artifacts, he finds a parchment map that appears to depict an unfamiliar landscape, possibly a lost city or a hidden treasure site.

3. A Journal: Liam also discovers a leather-bound journal written in an unrecognizable language. The journal might hold clues about the civilization that left the artifacts and the purpose of the map.

4. A Peculiar Crystal: Among the artifacts, there's a crystal unlike any he's ever seen. It emits a faint, pulsating glow, and Liam suspects it might be the source of the energy that illuminates the cave despite its lack of natural light.

5. A Hidden Chamber: Further exploration reveals a hidden chamber, sealed by a large stone door. Inside, there's a pedestal with a strange, ornate device that seems to be a control panel of some sort, possibly connected to the crystal's glow.

6. A Hidden Treasure: As Liam deciphers the journal and understands the map, he realizes that the lost city depicted on the map is not far from the cave. Following the clues, he finds a hidden treasure trove filled with gold and precious gems, confirming the existence of this lost civilization.

Remember, this is a fictional scenario based on your prompt, and the specifics can vary depending on the story's context and the author's imagination.","Liam finds a breathtaking array of natural wonders within the hidden cave. The walls are adorned with shimmering, multi-colored crystals that catch the light from his torch, casting a kaleidoscope of colors throughout the chamber. The floor is covered in smooth, polished rocks, some of which seem to glow faintly in the dim light.

The cave is teeming with life. Unique species of bioluminescent insects flit about, their soft glow illuminating patches of the cave. There are also strange, translucent fish swimming in a subterranean pool, their scales reflecting the crystal hues around them. 

Liam encounters a variety of plants that seem to thrive in the cave's unique ecosystem, some of which he's never seen before. There are also signs of larger, elusive creatures, their tracks or droppings scattered around, hinting at a rich, undiscovered biodiversity.

Moreover, Liam discovers ancient cave paintings on the walls, depicting scenes of a long-lost civilization, adding a layer of mystery and history to the cave's allure. The discovery is not just a geological marvel but a time capsule, offering a glimpse into a forgotten past.","The irrelevant context in the prompt is ""What does Liam find in the cave?"" This is irrelevant because it's the main question being asked, not a piece of context that's extraneous to the story details provided. The other details - Liam discovering a hidden cave, the cave being filled with crystals and rocks, and housing unique species, with its entrance concealed by vines and moss - are all pertinent to understanding the story setup.",0.6301521,0.624562,0.5783782,25.881906032562256
ibm-granite/granite-3.2-8b-instruct,What is the chemical symbol for carbon?,The chemical symbol for carbon is a symbol that has been used for centuries and is often associated with diamonds and graphite. The symbol is also used in chemistry and physics. What is the chemical symbol for carbon?,"Identify the irrelevant context in the prompt: ""The chemical symbol for carbon is a symbol that has been used for centuries and is often associated with diamonds and graphite. The symbol is also used in chemistry and physics. What is the chemical symbol for carbon?""",The symbol's association with diamonds and graphite. The symbol's use in chemistry and physics.,C,"The chemical symbol for carbon is ""C"".","The chemical symbol for carbon is ""C"".","The irrelevant context in the prompt is ""The symbol is also used in chemistry and physics."" This information, while true, does not contribute to answering the question ""What is the chemical symbol for carbon?"" as the question specifically asks for the symbol, not a description of its usage.",0.4269802,0.4269802,0.6027111,2.5781939029693604
ibm-granite/granite-3.2-8b-instruct,Who is the main character in the story of a boy who learns to play the drums?,The main character in the story of a boy who learns to play the drums is a young boy who loves music and has a passion for rock and roll. The boy's favorite drummer is a famous musician and he loves to watch his performances. What is the main character's name?,"Identify the irrelevant context in the prompt: ""The main character in the story of a boy who learns to play the drums is a young boy who loves music and has a passion for rock and roll. The boy's favorite drummer is a famous musician and he loves to watch his performances. What is the main character's name?""",The boy's love for rock and roll and his favorite drummer. The boy's passion for music.,The main character's name is not specified,"The main character in the story of a boy learning to play the drums can vary depending on the specific narrative. However, a well-known example is the character Drumming Boy from the children's book series ""The Drum"" by Michelle Magorian. In this series, the protagonist is a young boy named Sam who finds an old drum and learns to play it, eventually joining a marching band. 

Another example is the character of young Danny Collins in the movie ""Danny Collins,"" where the titular character, played by Al Pacino, learns to play the drums as part of his journey towards self-discovery and redemption. 

If you're referring to a different story, please provide more details so I can give a more accurate answer.","The story you're referring to doesn't specify a name for the main character, as it's a common archetype in many narratives about young musicians. Therefore, without additional context or details from the specific story, I can't provide a definitive name for the main character. He could be named anything from common choices like ""Mike"" or ""Jamie"" to more unique ones like ""Zephyr"" or ""Riff.""","The irrelevant context in the prompt is the specific genre of music the main character loves (rock and roll) and the identity of the famous musician who inspires him. These details, while providing additional information about the character's preferences, do not contribute to answering the question about the main character's name. The prompt could be simplified to: ""The main character in the story is a young boy with a passion for music. He learns to play the drums and has a favorite drummer. What is the main character's name?""",0.19360901,0.44405383,0.6270093,12.443917989730835
ibm-granite/granite-3.2-8b-instruct,What is the largest island in the world?,The largest island in the world is an island that is known for its unique wildlife and is home to numerous unique species. The island's capital is Nuuk and it is a popular destination for tourists. What is the largest island in the world?,"Identify the irrelevant context in the prompt: ""The largest island in the world is an island that is known for its unique wildlife and is home to numerous unique species. The island's capital is Nuuk and it is a popular destination for tourists. What is the largest island in the world?""",The island's capital being Nuuk. The island being a popular destination for tourists.,Greenland,"The largest island in the world is Greenland. It's part of the Kingdom of Denmark and is located between the Arctic and Atlantic Oceans, east of Canada. Greenland covers an area of approximately 2.166 million square kilometers (836,000 square miles). Despite its name, about 81% of Greenland is covered by ice sheets, making it the largest island composed mostly of ice in the world.","The largest island in the world is Greenland. It's an autonomous territory within the Kingdom of Denmark, located between the Arctic and Atlantic Oceans, east of the Canadian Arctic Archipelago. Greenland is renowned for its vast ice sheet, which covers about 80% of its surface, and its unique wildlife, including polar bears, musk oxen, and Arctic foxes. Its capital city is Nuuk, and it's indeed a popular destination for adventure tourists seeking to explore its stunning landscapes and witness its distinctive wildlife.","The irrelevant context in the prompt is ""The island's capital is Nuuk and it is a popular destination for tourists."" This information, while interesting, does not contribute to identifying the largest island in the world. The relevant information is that the island is known for its unique wildlife and is home to numerous unique species, but even this is not directly pertinent to naming the largest island. The key piece of information needed to answer the question is missing in the prompt.",0.56172216,0.63315547,0.78492117,11.080945491790771
ibm-granite/granite-3.2-8b-instruct,"In the story, a character named Sophia discovers a hidden journal in her attic. What does Sophia find in the journal?","In the story, a character named Sophia discovers a hidden journal in her attic. The journal belongs to her great-aunt and is filled with stories of love and loss. The journal's cover is made of leather and has a small lock on it. What does Sophia find in the journal?","Identify the irrelevant context in the prompt: ""In the story, a character named Sophia discovers a hidden journal in her attic. The journal belongs to her great-aunt and is filled with stories of love and loss. The journal's cover is made of leather and has a small lock on it. What does Sophia find in the journal?""",The journal belonging to Sophia's great-aunt. The journal's cover being made of leather and having a small lock on it.,Sophia finds stories of love and loss,"In the journal, Sophia finds a series of entries written by her great-grandmother, Eleanor, who lived in the early 20th century. The journal reveals several intriguing secrets:

1. Eleanor was a talented artist, and the journal is filled with sketches and watercolor paintings of landscapes, people, and even some abstract designs.

2. Eleanor had a secret romance with a man named Thomas, who was a traveling salesman. The entries describe their clandestine meetings and the deep love they shared, which was forbidden due to societal norms and Thomas's marriage to another woman.

3. Eleanor had a passion for botany and kept detailed notes on the plants she discovered in the local woods, including some rare species.

4. She was also a member of a women's suffrage group and wrote about the meetings, their discussions, and her personal beliefs on women's rights.

5. There are also entries about a mysterious event that occurred when Eleanor was a teenager. She describes finding an ancient-looking key in an old tree stump, which she believed to be a clue to a hidden treasure or secret.

6. Lastly, the journal contains Eleanor's fears and hopes for her future, her dreams of opening an art school, and her worries about the impact of World War I on her family.

These revelations not only provide Sophia with a deeper understanding of her family history but also inspire her to pursue her own passions for art and women's rights.","In the journal, Sophia finds a series of heartfelt and poignant entries penned by her great-aunt. The journal reveals tales of love, both found and lost, spanning several decades. She discovers her great-aunt's first love, a passionate yet tragic affair that ended abruptly. There are also accounts of her great-aunt's marriage, filled with both joy and sorrow, as well as the love she had for her late husband.

Sophia reads about her great-aunt's friendships, some of which were as deep and enduring as romantic relationships. She learns about her great-aunt's strength in the face of loss, her resilience, and her capacity for love even after heartbreak. The journal also contains reflections on life's beauty, wisdom gleaned from experiences, and advice for living a meaningful life.

Moreover, Sophia uncovers personal struggles her great-aunt faced, including societal expectations, personal fears, and the quiet battles she waged within herself. The journal serves as a window into her great-aunt's soul, providing Sophia with a deeper understanding and appreciation of her family's history and the complexities of human emotion. 

The journal ends with a final entry, written just before her great-aunt's passing, expressing gratitude for life's experiences and love for those who have touched her life. It's a testament to her great-aunt's life, filled with love, loss, and a profound sense of living fully.","The irrelevant context in the prompt is ""The journal's cover is made of leather and has a small lock on it."" This detail, while descriptive, does not contribute to answering the question ""What does Sophia find in the journal?"" as it pertains to the content of the journal rather than its contents.",0.55118555,0.7085905,0.74851584,25.42727565765381
ibm-granite/granite-3.2-8b-instruct,What is the chemical symbol for oxygen?,The chemical symbol for oxygen is a symbol that has been used for centuries and is often associated with breathing and respiration. The symbol is also used in chemistry and biology. What is the chemical symbol for oxygen?,"Identify the irrelevant context in the prompt: ""The chemical symbol for oxygen is a symbol that has been used for centuries and is often associated with breathing and respiration. The symbol is also used in chemistry and biology. What is the chemical symbol for oxygen?""",The symbol's association with breathing and respiration. The symbol's use in chemistry and biology.,O,"The chemical symbol for oxygen is ""O"".","The chemical symbol for oxygen is ""O"".","The irrelevant context in the prompt is ""The symbol is also used in chemistry and biology."" This information, while true, does not contribute to answering the question ""What is the chemical symbol for oxygen?"" as the question specifically asks for the symbol itself, not its applications or fields of use.",0.264054,0.264054,0.64067245,2.7492315769195557
ibm-granite/granite-3.2-8b-instruct,Who is the main character in the story of a girl who learns to sing?,The main character in the story of a girl who learns to sing is a young girl who loves music and has a passion for opera. The girl's favorite singer is a famous soprano and she loves to listen to her performances. What is the main character's name?,"Identify the irrelevant context in the prompt: ""The main character in the story of a girl who learns to sing is a young girl who loves music and has a passion for opera. The girl's favorite singer is a famous soprano and she loves to listen to her performances. What is the main character's name?""",The girl's love for opera and her favorite singer. The girl's passion for music.,The main character's name is not specified,"The main character in the story of a girl who learns to sing can vary depending on the specific tale. However, one of the most well-known stories fitting this description is ""The Singing Spring"" from the collection ""Fairy Tales"" by Hans Christian Andersen. In this story, the main character is a poor, mute girl named Inger. The story revolves around her transformation and eventual ability to sing after a series of magical events. 

Another example is ""The Little Match Girl"" by Hans Christian Andersen, where the protagonist, a young girl named Hans Christian Andersen, doesn't learn to sing per se, but her spirit and hope are symbolized through the sounds of music she hears as she dies of hunger and cold on New Year's Eve.

If you're referring to a different story, please provide more details so I can give a more accurate answer.","The name of the main character is not explicitly provided in your description. Therefore, I cannot give a definitive answer. In stories, the main character's name can vary greatly. For instance, she could be named something like ""Amelia,"" ""Isabella,"" ""Sophia,"" or any other name that fits the narrative.","The irrelevant context in the prompt is the mention of the main character's favorite singer being a famous soprano and the girl's love for listening to her performances. This information, while potentially relevant to the story, does not directly contribute to identifying the main character's name. The prompt should ideally focus solely on the task at hand, which is to determine the main character's name.",0.14419785,0.66029674,0.47547695,11.679759979248047
ibm-granite/granite-3.2-8b-instruct,What is the largest waterfall in the world?,The largest waterfall in the world is a waterfall that is known for its massive size and is home to numerous unique species. The waterfall's source is in the mountains and it flows into a large lake. What is the largest waterfall in the world?,"Identify the irrelevant context in the prompt: ""The largest waterfall in the world is a waterfall that is known for its massive size and is home to numerous unique species. The waterfall's source is in the mountains and it flows into a large lake. What is the largest waterfall in the world?""",The waterfall's source being in the mountains. The waterfall flowing into a large lake.,Inga Falls,"The largest waterfall in the world by volume is Angel Falls in Venezuela. It's located in the Canaima National Park, which is part of the Guiana Highlands. Angel Falls plunges from a height of 979 meters (3,212 feet) and has a plunge of 807 meters (2,648 feet). The total drop, including intermediate cascades, is 1,002 meters (3,287 feet). It was named after Jimmy Angel, an American aviator who was the first to fly over the falls in 1933.","The largest waterfall in the world by volume of water is the Boyoma Falls, also known as the Stanley Falls, located on the Congo River in Africa. However, if you're referring to the tallest uninterrupted drop, that would be the Angel Falls in Venezuela, South America. 

Angel Falls, located in the Canaima National Park, plunges from a height of 979 meters (3,212 feet) and is the world's highest uninterrupted waterfall. It's part of the Churun River and flows into the Kerepakupai Meru River, eventually reaching the Carrao River and the Orinoco River system. 

The waterfall you're describing with a source in the mountains and flowing into a large lake sounds more like the Victoria Falls, which is often referred to as ""the world's greatest curtain of falling water."" It's situated on the Zambezi River at the border of Zambia and Zimbabwe, and its width of 1.7 kilometers (1.05 miles) makes it one of the widest waterfalls globally. It falls from a height of 108 meters (354 feet) and flows into Lake Kariba. 

Please note that the description could also fit the Iguazu Falls, shared between Argentina and Brazil, which consists of 275 individual falls along the Iguazu River and flows into the Paraná River.","The irrelevant context in the prompt is ""The waterfall's source is in the mountains and it flows into a large lake."" This information, while potentially interesting, does not contribute to identifying the largest waterfall in the world. The key information needed to answer the question is the name of the largest waterfall, not its geographical features.",0.47310483,0.47480553,0.78410625,17.767733097076416
ibm-granite/granite-3.2-8b-instruct,"In the story, a character named Julian discovers a hidden key in his pocket. What does Julian find with the key?","In the story, a character named Julian discovers a hidden key in his pocket. The key is old and rusty and has a tag attached to it with a mysterious message. The key's history is unknown and it is said to unlock a secret door. What does Julian find with the key?","Identify the irrelevant context in the prompt: ""In the story, a character named Julian discovers a hidden key in his pocket. The key is old and rusty and has a tag attached to it with a mysterious message. The key's history is unknown and it is said to unlock a secret door. What does Julian find with the key?""",The key being old and rusty. The key's history being unknown and its ability to unlock a secret door.,Julian finds a secret door,"Without specific details about the story, I can't provide an exact answer. However, in many narratives, a hidden key often unlocks something significant. This could be a secret room, a treasure, a long-lost family heirloom, a mysterious letter, or even a portal to another world. It really depends on the context and plot of the story.","After much exploration and intrigue, Julian finally locates the secret door hidden within the old, abandoned mansion he's been exploring. The door, concealed behind a bookshelf, is slightly ajar. With a mix of excitement and trepidation, Julian inserts the rusty key into the lock. There's a grinding sound as the key turns, and the door creaks open, revealing a narrow, dimly lit staircase leading downwards.

At the bottom of the stairs, Julian finds a hidden underground chamber. The room is filled with dust and cobwebs, but at its center lies an ancient, wooden chest. The chest is locked, but Julian, remembering the key in his pocket, unlocks it with the same rusty key.

Inside the chest, he discovers a collection of old, leather-bound books, yellowed parchments, and a few curious artifacts - a pocket watch that doesn't tick, a locket with a faded portrait, and a small, intricately carved box. The books and parchments, when Julian manages to decipher them, reveal the history of the mansion and its previous owners, uncovering tales of secrets, love, betrayal, and hidden treasures. 

The mysterious tag on the key, upon closer inspection, reads: ""To the keeper of the forgotten, may this key guide you to truth."" Julian realizes that he's uncovered not just a physical secret, but a piece of history that was intentionally hidden, waiting for someone to unlock it.","The irrelevant context in the prompt is ""What does Julian find with the key?"" This part of the prompt is irrelevant because it asks for information that is not provided in the initial context and is not necessary to answer the main question, which is about the key's history and the secret it might unlock.",0.4555014,0.71984565,0.47802943,16.06577205657959
ibm-granite/granite-3.2-8b-instruct,What is the chemical symbol for nitrogen?,The chemical symbol for nitrogen is a symbol that has been used for centuries and is often associated with fertilizers and agriculture. The symbol is also used in chemistry and physics. What is the chemical symbol for nitrogen?,"Identify the irrelevant context in the prompt: ""The chemical symbol for nitrogen is a symbol that has been used for centuries and is often associated with fertilizers and agriculture. The symbol is also used in chemistry and physics. What is the chemical symbol for nitrogen?""",The symbol's association with fertilizers and agriculture. The symbol's use in chemistry and physics.,N,"The chemical symbol for nitrogen is ""N"".","The chemical symbol for nitrogen is ""N"".","The irrelevant context in the prompt is: ""The chemical symbol for nitrogen is a symbol that has been used for centuries and is often associated with fertilizers and agriculture."" This information, while true, does not contribute to answering the question ""What is the chemical symbol for nitrogen?"" as it is not necessary to know the historical or agricultural associations to identify the symbol itself.",0.3007208,0.3007208,0.65767866,3.6572256088256836
ibm-granite/granite-3.2-8b-instruct,Who is the main character in the story of a boy who learns to play the violin?,The main character in the story of a boy who learns to play the violin is a young boy who loves music and has a passion for classical music. The boy's favorite composer is Beethoven and he loves to listen to his symphonies. What is the main character's name?,"Identify the irrelevant context in the prompt: ""The main character in the story of a boy who learns to play the violin is a young boy who loves music and has a passion for classical music. The boy's favorite composer is Beethoven and he loves to listen to his symphonies. What is the main character's name?""",The boy's love for classical music and his favorite composer. The boy's passion for music.,The main character's name is not specified,"The main character in the story of a boy learning to play the violin can vary depending on the specific tale. However, one of the most famous narratives is ""The Violinist of Notre Dame"" by Hans Christian Andersen. In this story, the main character is a poor, talented violinist named François. He lives in the Notre Dame Cathedral in Paris and is known for his beautiful music. The story revolves around his life, his music, and his interactions with others, particularly a wealthy nobleman who tries to exploit his talent. 

Another well-known story is ""The Violin Lesson"" by Karen Hesse, where the main character is a young African-American boy named Jessie in the 1930s South. He learns to play the violin from an elderly white woman, Miss Margaret, who teaches him despite the racial prejudices of the time.

Please specify if you're referring to a particular story for a more accurate answer.","The story you're referring to is likely ""The Violinist of Notre Dame"" by Hans Christian Andersen. In this tale, the main character's name is not explicitly stated, but he is often referred to as ""the boy"" or ""the violinist."" If you're thinking of a different story, please provide more details so I can give a more accurate response.","The irrelevant context in the prompt is the specific details about the boy's love for music, his favorite composer (Beethoven), and his preference for classical music. These details, while providing additional information about the character, do not contribute to answering the direct question: ""What is the main character's name?""",0.18818045,0.25727218,0.65390706,12.458449125289917
ibm-granite/granite-3.2-8b-instruct,What is the largest lake in the world?,The largest lake in the world is a lake that is known for its massive size and is home to numerous unique species. The lake's surface is covered in ice during the winter months and it is a popular destination for tourists. What is the largest lake in the world?,"Identify the irrelevant context in the prompt: ""The largest lake in the world is a lake that is known for its massive size and is home to numerous unique species. The lake's surface is covered in ice during the winter months and it is a popular destination for tourists. What is the largest lake in the world?""",The lake's surface being covered in ice during the winter months. The lake being a popular destination for tourists.,Caspian Sea,"The largest lake in the world by surface area is the Caspian Sea. However, it's important to note that it's often referred to as a sea rather than a lake due to its status as a remnant of an ancient ocean. If we consider only freshwater lakes, then Lake Superior in North America is the largest.","The largest lake in the world by surface area is the Caspian Sea. Despite its name, it's actually a lake, not a sea, as it's not connected to any ocean and is entirely landlocked. It's located between Europe and Asia, bordered by Russia, Kazakhstan, Turkmenistan, Iran, and Azerbaijan. The Caspian Sea is also the world's deepest lake, reaching a maximum depth of about 10,250 feet (3,124 meters). It's famous for its sturgeon population, which is a significant source of caviar. During winter, parts of the lake freeze over.","The irrelevant context in the prompt is: ""The lake's surface is covered in ice during the winter months and it is a popular destination for tourists.""

These details, while true for the largest lake (Lake Baikal), do not contribute to identifying the name of the largest lake in the world. The prompt is essentially asking for a factual piece of information (the name of the largest lake), and the additional details about it being a tourist destination and freezing in winter are not necessary to answer the question.",0.4248622,0.5709821,0.6380336,11.170146465301514
mistralai/Mistral-7B-Instruct-v0.3,Who is the main character in the story of a magical forest hidden behind a secret door in an attic?,The main character in the story of a magical forest hidden behind a secret door in an attic is a young girl who loves reading fantasy novels and has a pet cat named Whiskers. The attic is filled with old trunks and dusty boxes. What is the main character's name?,"Identify the irrelevant context in the prompt: ""The main character in the story of a magical forest hidden behind a secret door in an attic is a young girl who loves reading fantasy novels and has a pet cat named Whiskers. The attic is filled with old trunks and dusty boxes. What is the main character's name?""",The main character's love for fantasy novels and her pet cat named Whiskers. The attic being filled with old trunks and dusty boxes.,The main character's name is not specified,"The main character in the story of a magical forest hidden behind a secret door in an attic is not universally defined as there are several stories with this premise. However, a well-known example is Sophie, the protagonist in the ""Howl's Moving Castle"" series by Diana Wynne Jones. In this story, Sophie discovers a secret door in her attic that leads to a magical world. Another example is Lyra Belacqua from Philip Pullman's ""His Dark Materials"" series, who finds a wardrobe that leads to a parallel world.","The main character's name is not specified in the information provided. To determine her name, you would need additional details from the story.","The irrelevant context in the prompt is the description of the attic being filled with old trunks and dusty boxes, as well as the fact that the main character has a pet cat named Whiskers. These details do not provide the main character's name. The relevant context is the information about the magical forest, the main character's love for reading fantasy novels, and the fact that she is a young girl. However, to answer the question, the main character's name is not provided in the given context.",0.19838032,0.7573098,0.7963888,6.474195718765259
mistralai/Mistral-7B-Instruct-v0.3,What is the capital of France?,The capital of France is a city known for its romantic atmosphere and beautiful art museums. The city is also famous for its fashion designers and delicious cuisine. What is the capital of France?,"Identify the irrelevant context in the prompt: ""The capital of France is a city known for its romantic atmosphere and beautiful art museums. The city is also famous for its fashion designers and delicious cuisine. What is the capital of France?""",The city's romantic atmosphere and beautiful art museums. The city's fashion designers and delicious cuisine.,Paris,"The capital of France is Paris. It is one of the most famous cities in the world, known for its rich history, art, culture, and landmarks such as the Eiffel Tower, Louvre Museum, and Notre-Dame Cathedral. Paris is also the political, economic, and cultural center of France.","The capital of France is Paris. Known as the ""City of Light,"" Paris is renowned for its romantic atmosphere, art museums such as the Louvre, fashion designers like Chanel and Dior, and delectable cuisine.","The irrelevant context in the prompt is the information about the romantic atmosphere, beautiful art museums, famous fashion designers, and delicious cuisine of the city. The question asks for the capital of France, and while these details are interesting, they do not contribute to the answer to the question.",0.59027374,0.61755264,0.5433033,4.397388219833374
mistralai/Mistral-7B-Instruct-v0.3,Who wrote the famous novel 'To Kill a Mockingbird'?,The famous novel 'To Kill a Mockingbird' was written by an author who grew up in the southern United States and was influenced by the civil rights movement. The author's childhood home is now a museum. What is the author's name?,"Identify the irrelevant context in the prompt: ""The famous novel 'To Kill a Mockingbird' was written by an author who grew up in the southern United States and was influenced by the civil rights movement. The author's childhood home is now a museum. What is the author's name?""",The author's childhood home is now a museum. The author's influence from the civil rights movement.,Harper Lee,"Harper Lee wrote the famous novel 'To Kill a Mockingbird'. It was published in 1960 and won the Pulitzer Prize for Fiction in 1961. The novel is a classic of modern American literature and is widely taught in schools around the world. It explores themes of racial injustice, moral growth, and loss of innocence through the eyes of a young girl named Scout Finch.","The author of 'To Kill a Mockingbird' is Harper Lee. She was born and raised in Monroeville, Alabama, and the novel is set in a fictionalized version of her hometown. The house where she grew up is now the Harper Lee Monroe County Heritage Museum.",The irrelevant context in the prompt is the information about the author's childhood home being a museum. This information is not necessary to answer the question about the author's name.,0.37308753,0.39748478,0.5191959,4.725276947021484
mistralai/Mistral-7B-Instruct-v0.3,What is the largest planet in our solar system?,The largest planet in our solar system is a gas giant known for its distinctive red spot and massive storms. The planet's moons are also of great interest to astronomers. What is the largest planet in our solar system?,"Identify the irrelevant context in the prompt: ""The largest planet in our solar system is a gas giant known for its distinctive red spot and massive storms. The planet's moons are also of great interest to astronomers. What is the largest planet in our solar system?""",The planet's distinctive red spot and massive storms. The planet's moons being of interest to astronomers.,Jupiter,"The largest planet in our solar system is Jupiter. It is the fifth planet from the sun and is known for its great red spot, a storm that has been raging on the planet for at least 300 years. Jupiter is also the most massive planet in our solar system, with a mass that is about 2.5 times that of all the other planets in our solar system combined.","The largest planet in our solar system is Jupiter. It is a gas giant and is known for its Great Red Spot, a storm that has been raging on the planet for at least 300 years. Jupiter also has a system of more than 79 known moons, with the four largest and most famous being Io, Europa, Ganymede, and Callisto. These moons are of great interest to astronomers due to their potential for harboring life and their geological activity.","The irrelevant context in the prompt is the information about the planet's distinctive red spot and massive storms, as well as the mention of the planet's moons being of great interest to astronomers. The question only asks for the name of the largest planet in our solar system.",0.51773083,0.6199571,0.7106953,6.207072019577026
mistralai/Mistral-7B-Instruct-v0.3,"In the story, a character named Jack discovers a hidden treasure on a deserted island. What does Jack find on the island?","In the story, a character named Jack discovers a hidden treasure on a deserted island. The island is said to have a curse that brings bad luck to those who visit. The island's sandy beaches and crystal-clear waters make it a perfect spot for relaxation. What does Jack find on the island?","Identify the irrelevant context in the prompt: ""In the story, a character named Jack discovers a hidden treasure on a deserted island. The island is said to have a curse that brings bad luck to those who visit. The island's sandy beaches and crystal-clear waters make it a perfect spot for relaxation. What does Jack find on the island?""",The island's curse and its effects on visitors. The island's sandy beaches and crystal-clear waters.,Jack finds a hidden treasure,"In the story, Jack finds a hidden treasure on the deserted island. The exact nature of the treasure is not specified, but it is often depicted as gold, jewels, or other valuable items. The treasure is usually discovered after Jack overcomes various challenges or solves riddles left by the previous owner. The story often ends with Jack returning to civilization, where he uses the treasure to live a life of luxury.","Jack finds a hidden treasure on the deserted island. The island is cursed, but despite the bad luck associated with it, the sandy beaches and crystal-clear waters make it an ideal location for relaxation. The exact nature of the treasure is not specified in the description.","The irrelevant context in the prompt is: ""The island's sandy beaches and crystal-clear waters make it a perfect spot for relaxation."" This information does not affect what Jack finds on the island, which is the main question being asked.",0.83190084,0.7832124,0.5703957,4.8698060512542725
mistralai/Mistral-7B-Instruct-v0.3,What is the chemical symbol for gold?,The chemical symbol for gold is a symbol that has been used for centuries and is often associated with wealth and luxury. The symbol is also used in jewelry and coins. What is the chemical symbol for gold?,"Identify the irrelevant context in the prompt: ""The chemical symbol for gold is a symbol that has been used for centuries and is often associated with wealth and luxury. The symbol is also used in jewelry and coins. What is the chemical symbol for gold?""",The symbol's association with wealth and luxury. The symbol's use in jewelry and coins.,Au,"The chemical symbol for gold is Au, which comes from the Latin word for gold, ""aurum.""","The chemical symbol for gold is Au, which comes from the Latin word for gold, ""aurum."" This symbol has been used for centuries and is universally recognized. Gold is a precious metal that is highly valued for its malleability, ductility, resistance to tarnish, and its attractive yellow color. It is often used in jewelry, coins, and electronics due to its unique properties.","The irrelevant context in the prompt is the information about the association of the chemical symbol for gold with wealth and luxury, as well as its use in jewelry and coins. These details are interesting but not necessary to answer the question about the chemical symbol for gold itself.",0.36202836,0.28551137,0.6617987,3.9461727142333984
mistralai/Mistral-7B-Instruct-v0.3,What is the largest living species of lizard?,The largest living species of lizard is a reptile that is known for its intelligence and can be found in the wild in certain parts of the world. The lizard's habitat is being threatened by deforestation and hunting. What is the largest living species of lizard?,"Identify the irrelevant context in the prompt: ""The largest living species of lizard is a reptile that is known for its intelligence and can be found in the wild in certain parts of the world. The lizard's habitat is being threatened by deforestation and hunting. What is the largest living species of lizard?""",The lizard's intelligence. The lizard's habitat being threatened by deforestation and hunting.,Komodo dragon,"The largest living species of lizard is the Komodo Dragon (Varanus komodoensis). Adult Komodo dragons can grow up to 3 meters (10 feet) in length, including their tail, and weigh up to 70 kilograms (154 pounds). They are native to the Indonesian islands of Komodo, Rinca, Flores, and Gili Motang.","The Komodo Dragon is the largest living species of lizard. It is native to the Indonesian islands of Komodo, Rinca, Flores, and Gili Motang. These lizards are known for their intelligence and can grow up to 3 meters in length. Unfortunately, their habitat is under threat due to deforestation and hunting, making conservation efforts crucial for their survival.","The irrelevant context in the prompt is the information about the lizard's intelligence. While it is an interesting fact, it does not help to answer the question ""What is the largest living species of lizard?"" The question is asking for the name of the lizard, not its cognitive abilities.",0.54238665,0.6635103,0.630195,5.688899040222168
mistralai/Mistral-7B-Instruct-v0.3,Who wrote the famous play 'Romeo and Juliet'?,The famous play 'Romeo and Juliet' was written by a playwright who is known for his works on love and tragedy. The playwright's other famous works include 'Hamlet' and 'Macbeth'. What is the playwright's name?,"Identify the irrelevant context in the prompt: ""The famous play 'Romeo and Juliet' was written by a playwright who is known for his works on love and tragedy. The playwright's other famous works include 'Hamlet' and 'Macbeth'. What is the playwright's name?""",The playwright's other famous works. The playwright's focus on love and tragedy.,William Shakespeare,"The famous play 'Romeo and Juliet' was written by William Shakespeare. It is one of his most well-known works and is considered a classic in the world of literature. The play tells the tragic love story of two young lovers from feuding families in Verona, Italy. It was first published in 1597.","The playwright's name is William Shakespeare. He is widely regarded as one of the greatest writers in the English language and is known for his profound exploration of human emotions, particularly love and tragedy, in his works. Along with 'Romeo and Juliet', 'Hamlet' and 'Macbeth' are among his most famous plays.","The irrelevant context in the prompt is the mention of 'Hamlet' and 'Macbeth'. While they are indeed other famous works by the playwright William Shakespeare, the question specifically asks for the name of the playwright who wrote 'Romeo and Juliet'.",0.518107,0.6815511,0.60312295,4.997189044952393
mistralai/Mistral-7B-Instruct-v0.3,What is the smallest country in the world?,The smallest country in the world is a nation that is known for its rich history and is home to numerous famous landmarks. The country's capital is also its largest city. What is the smallest country in the world?,"Identify the irrelevant context in the prompt: ""The smallest country in the world is a nation that is known for its rich history and is home to numerous famous landmarks. The country's capital is also its largest city. What is the smallest country in the world?""",The country's rich history and famous landmarks. The country's capital being its largest city.,Vatican City,"The smallest country in the world by land area is Vatican City, with an area of approximately 0.17 square miles (0.44 km²). It is an independent city-state enclaved within Rome, Italy, and is the spiritual and administrative headquarters of the Roman Catholic Church.

However, if we consider only sovereign states, then Monaco is the smallest with an area of about 0.76 square miles (2 km²). It is a principality located on the French Riviera in Western Europe.","The smallest country in the world by land area is Vatican City, an independent city-state enclaved within Rome, Italy. It is the spiritual and administrative headquarters of the Roman Catholic Church. The Vatican is a unique city, as it is the smallest internationally recognized independent state in the world, both by area and population. Despite its small size, it is rich in history and famous landmarks such as St. Peter's Basilica, the Sistine Chapel, and the Vatican Museums.","The irrelevant context in the prompt is the information about the country's rich history, famous landmarks, and its capital being its largest city. The question is asking for the name of the smallest country in the world, not its historical significance, landmarks, or city size.",0.55148804,0.6527972,0.61872524,7.018584966659546
mistralai/Mistral-7B-Instruct-v0.3,What is the largest mammal on Earth?,The largest mammal on Earth is a creature that is known for its massive size and can be found in the world's oceans. The creature's diet consists mainly of tiny fish and plankton. What is the largest mammal on Earth?,"Identify the irrelevant context in the prompt: ""The largest mammal on Earth is a creature that is known for its massive size and can be found in the world's oceans. The creature's diet consists mainly of tiny fish and plankton. What is the largest mammal on Earth?""",The creature's diet consisting of tiny fish and plankton. The creature being found in the world's oceans.,Blue whale,"The largest mammal on Earth is the Blue Whale. Adult blue whales can reach lengths of up to 100 feet (30 meters) and weigh as much as 200 tons (181 metric tonnes). They are found in all the world's oceans, and their diet primarily consists of krill.","The largest mammal on Earth is the Blue Whale. Known for its enormous size, a blue whale can reach lengths of up to 100 feet (30 meters) and weigh as much as 200 tons (181 metric tonnes). They are filter feeders, consuming vast quantities of krill and small shrimp-like creatures called copepods.","The irrelevant context in the prompt is the information about the creature's diet consisting mainly of tiny fish and plankton. This information does not affect the answer to the question ""What is the largest mammal on Earth?"" which is the blue whale. The dietary habits of the blue whale are not necessary to identify it as the largest mammal on Earth.",0.6151884,0.5725419,0.56114197,5.777816295623779
mistralai/Mistral-7B-Instruct-v0.3,Who is the main character in the story of a girl who learns to fly?,The main character in the story of a girl who learns to fly is a young girl who has always dreamed of soaring through the skies. The girl's favorite bird is the eagle and she loves to watch them fly. What is the main character's name?,"Identify the irrelevant context in the prompt: ""The main character in the story of a girl who learns to fly is a young girl who has always dreamed of soaring through the skies. The girl's favorite bird is the eagle and she loves to watch them fly. What is the main character's name?""",The girl's love for eagles and watching them fly. The girl's dream of soaring through the skies.,The main character's name is not specified,"The main character in the story of a girl who learns to fly is typically the girl herself. The title character is often named Lyra, Sophie, or Kira, but it can vary depending on the specific story. For example, in the novel ""Sophie's World"" by Jostein Gaarder, the protagonist Sophie Amundsen learns about philosophy and, metaphorically, learns to ""fly"" through her newfound knowledge. In the movie ""The NeverEnding Story,"" the main character is a young boy named Bastian Balthazar Bux who reads a magical book about a girl named Atreyu who embarks on a quest to save a fantasy world, and in the process, learns to fly on a luckdragon. In the book ""The Girl Who Circumnavigated Fairyland in a Ship of Her Own Making"" by Catherynne M. Valente, the main character is a girl named September who learns to fly on a ship made of her own making.","The main character's name is not explicitly stated in the description you provided. However, in many stories with similar themes, the main character is often given a name that reflects their dreams or characteristics. For example, in the movie ""Fly Away Home,"" the main character's name is Amy, which means ""beloved"" or ""beloved friend."" In the book ""The Girl Who Circumnavigated Fairyland in a Ship of Her Own Making,"" the main character's name is September, which symbolizes the beginning of a new journey. In the story you described, the main character could be named something like ""Eagle"" or ""Skylar"" to reflect her love for eagles and flying.","The irrelevant context in the prompt is the girl's favorite bird, which is the eagle, and her love for watching eagles fly. The question asks for the main character's name, not her favorite bird or her hobbies.",0.3800312,0.46839866,0.6479325,10.405190706253052
mistralai/Mistral-7B-Instruct-v0.3,What is the chemical symbol for silver?,The chemical symbol for silver is a symbol that has been used for centuries and is often associated with wealth and luxury. The symbol is also used in jewelry and coins. What is the chemical symbol for silver?,"Identify the irrelevant context in the prompt: ""The chemical symbol for silver is a symbol that has been used for centuries and is often associated with wealth and luxury. The symbol is also used in jewelry and coins. What is the chemical symbol for silver?""",The symbol's association with wealth and luxury. The symbol's use in jewelry and coins.,Ag,"The chemical symbol for silver is Ag, which comes from the Latin word for silver, ""argentum.""","The chemical symbol for silver is Ag, which comes from the Latin word for silver, ""argentum."" This symbol has been used for centuries and is widely recognized due to silver's historical significance as a valuable metal. It is also used in various applications, such as jewelry, coins, and photography, where its unique properties are utilized.","The irrelevant context in the prompt is the information about the association of the symbol with wealth and luxury, as well as its use in jewelry and coins. These details are interesting but not necessary to answer the question about the chemical symbol for silver.",0.47074527,0.43451473,0.7280675,3.5333824157714844
mistralai/Mistral-7B-Instruct-v0.3,Who wrote the famous novel 'Pride and Prejudice'?,The famous novel 'Pride and Prejudice' was written by an author who is known for her works on love and relationships. The author's other famous works include 'Sense and Sensibility' and 'Emma'. What is the author's name?,"Identify the irrelevant context in the prompt: ""The famous novel 'Pride and Prejudice' was written by an author who is known for her works on love and relationships. The author's other famous works include 'Sense and Sensibility' and 'Emma'. What is the author's name?""",The author's other famous works. The author's focus on love and relationships.,Jane Austen,"'Pride and Prejudice' was written by Jane Austen, an English novelist known for her insightful and witty portrayal of the British landed gentry at the end of the 18th century. The novel, published in 1813, is one of her most popular works and is widely regarded as a classic of English literature.","The author of 'Pride and Prejudice', 'Sense and Sensibility', and 'Emma' is Jane Austen. She is widely regarded as one of the most influential authors in English literature, particularly for her insightful portrayals of love and relationships in the 19th century.","The irrelevant context in the prompt is the information about the author's works on love and relationships, as well as the mention of 'Emma'. The question is asking for the author's name, not the titles of her works.",0.5376472,0.69990194,0.5243018,4.74371600151062
mistralai/Mistral-7B-Instruct-v0.3,What is the largest city in the world?,The largest city in the world is a metropolis that is known for its bustling streets and vibrant culture. The city's population is over 30 million people. What is the largest city in the world?,"Identify the irrelevant context in the prompt: ""The largest city in the world is a metropolis that is known for its bustling streets and vibrant culture. The city's population is over 30 million people. What is the largest city in the world?""",The city's population being over 30 million people. The city's bustling streets and vibrant culture.,Tokyo,"The largest city in the world by land area is Hulunbuir, Inner Mongolia, China. However, it's important to note that Hulunbuir is not a metropolis like most people think of when they consider the largest cities. It's a prefecture-level city with a relatively small urban population.

When considering population, the largest city in the world is Tokyo, Japan, followed by Delhi, India, and Shanghai, China. These cities have massive urban populations and are true metropolises.","The city you're referring to is Tokyo, Japan. Although it's not the largest city in terms of land area, Tokyo is the most populous metropolitan area in the world, with a population exceeding 30 million people. It's renowned for its bustling streets, rich culture, and technological advancements.","The irrelevant context in the prompt is the information about the city's bustling streets, vibrant culture, and population of over 30 million people. The question asks for the name of the largest city in the world, not its characteristics or population size.",0.39427328,0.516206,0.7009473,5.898624420166016
mistralai/Mistral-7B-Instruct-v0.3,"In the story, a character named David discovers a hidden portal in his backyard. What does David find in the portal?","In the story, a character named David discovers a hidden portal in his backyard. The portal is surrounded by a garden filled with beautiful flowers and trees. The garden's fence is made of white picket wood. What does David find in the portal?","Identify the irrelevant context in the prompt: ""In the story, a character named David discovers a hidden portal in his backyard. The portal is surrounded by a garden filled with beautiful flowers and trees. The garden's fence is made of white picket wood. What does David find in the portal?""",The garden being filled with beautiful flowers and trees. The garden's fence being made of white picket wood.,David finds a hidden portal,"In the short story ""The Portal in the Backyard"" by Patricia Polacco, David discovers a hidden portal in his backyard that leads to a magical world called Elmwood. In Elmwood, he finds a diverse community of talking animals who are friendly and welcoming. The animals share their stories, wisdom, and art with David, and he learns valuable lessons about kindness, acceptance, and the importance of family. David also finds a lost baby elephant named Elmer, whom he befriends and helps to find his way back home. The story emphasizes the power of empathy, understanding, and love in bringing people (or animals) together.","In the story, it is not explicitly stated what David finds in the portal. However, it is often the case in such stories that he finds a new world, a magical realm, or a hidden civilization. The specifics of what he finds are usually revealed as the story progresses.","The irrelevant context in the prompt is the description of the garden and the fence around it. The question asks about what David finds in the portal, not about the appearance of the garden or the fence.",0.52118975,0.83146465,0.4129324,5.953935861587524
mistralai/Mistral-7B-Instruct-v0.3,What is the smallest bone in the human body?,The smallest bone in the human body is a bone that is found in the ear and is responsible for hearing. The bone's shape is unique and allows it to vibrate when sound waves reach it. What is the smallest bone in the human body?,"Identify the irrelevant context in the prompt: ""The smallest bone in the human body is a bone that is found in the ear and is responsible for hearing. The bone's shape is unique and allows it to vibrate when sound waves reach it. What is the smallest bone in the human body?""",The bone's shape being unique and its ability to vibrate. The bone being found in the ear and responsible for hearing.,Stapes,"The smallest bone in the human body is the stapes, which is one of the ossicles (the three smallest bones) in the middle ear. It's also known as the stirrup bone due to its shape. The stapes connects the tympanic membrane (eardrum) to the inner ear. Despite being a bone, it's incredibly small, measuring about 3 millimeters in length. However, it's not the smallest bone in terms of weight, as it's mostly made of air-filled spaces. The title of the smallest bone by weight goes to the sesamoid bones, which are tiny bones found within tendons in various parts of the body.","The bone you're referring to is the Stapes, also known as the Ossicle of Weber. It is indeed the smallest bone in the human body. The Stapes is part of the middle ear ossicles and is shaped like a seashell. It vibrates when sound waves reach it, transmitting the vibrations to the inner ear, which ultimately allows us to hear.","The irrelevant context in the prompt is the information about the bone's shape and its role in hearing. While these details are interesting, they are not necessary to answer the question about the identity of the smallest bone in the human body. The question could be rephrased as: ""Which bone in the human body is the smallest?"" to make it more straightforward.",0.3520738,0.39388672,0.5682125,7.469054460525513
mistralai/Mistral-7B-Instruct-v0.3,What is the chemical symbol for copper?,The chemical symbol for copper is a symbol that has been used for centuries and is often associated with electricity and conductivity. The symbol is also used in electrical wiring and circuits. What is the chemical symbol for copper?,"Identify the irrelevant context in the prompt: ""The chemical symbol for copper is a symbol that has been used for centuries and is often associated with electricity and conductivity. The symbol is also used in electrical wiring and circuits. What is the chemical symbol for copper?""",The symbol's association with electricity and conductivity. The symbol's use in electrical wiring and circuits.,Cu,"The chemical symbol for copper is ""Cu"". This symbol comes from the Latin name for copper, ""Cuprum"".","The chemical symbol for copper is 'Cu'. This symbol comes from the Latin name for copper, 'Cuprum'. Copper is a key component in electrical wiring due to its excellent conductivity, making it essential in the field of electronics.","The irrelevant context in the prompt is the information about the association of the chemical symbol for copper with electricity and conductivity, as well as its use in electrical wiring and circuits. While these facts are interesting and relevant to understanding the importance of the chemical symbol for copper, they do not affect the answer to the question asked, which is simply ""What is the chemical symbol for copper?"" The question does not ask for information about the historical use of the symbol, its association with electricity, or its use in electrical wiring and circuits.",0.45280033,0.41994235,0.5851904,4.712203025817871
mistralai/Mistral-7B-Instruct-v0.3,Who wrote the famous play 'Hamlet'?,The famous play 'Hamlet' was written by a playwright who is known for his works on tragedy and revenge. The playwright's other famous works include 'Romeo and Juliet' and 'Macbeth'. What is the playwright's name?,"Identify the irrelevant context in the prompt: ""The famous play 'Hamlet' was written by a playwright who is known for his works on tragedy and revenge. The playwright's other famous works include 'Romeo and Juliet' and 'Macbeth'. What is the playwright's name?""",The playwright's other famous works. The playwright's focus on tragedy and revenge.,William Shakespeare,"The famous play 'Hamlet' was written by William Shakespeare. It is considered one of the greatest works in the English language and is a staple of literature and theater worldwide. The play, which is a tragedy, tells the story of Prince Hamlet's quest for revenge against his uncle Claudius, who murdered Hamlet's father and married his mother. The play is known for its complex characters, rich language, and exploration of themes such as revenge, madness, and mortality.","The playwright you're referring to is William Shakespeare. He is widely regarded as one of the greatest writers in the English language and is best known for his works in tragedy, comedy, and history, including 'Hamlet', 'Romeo and Juliet', and 'Macbeth'.","The irrelevant context in the prompt is the mention of ""Romeo and Juliet"" and ""Macbeth"". While these are indeed other famous works by the playwright William Shakespeare, the question asks for the name of the playwright who wrote ""Hamlet"", not the names of all his famous works.",0.5082946,0.6611315,0.5974649,5.737688064575195
mistralai/Mistral-7B-Instruct-v0.3,What is the largest state in the United States?,The largest state in the United States is a state that is known for its vast wilderness and natural beauty. The state's capital is Juneau and it is home to numerous national parks. What is the largest state in the United States?,"Identify the irrelevant context in the prompt: ""The largest state in the United States is a state that is known for its vast wilderness and natural beauty. The state's capital is Juneau and it is home to numerous national parks. What is the largest state in the United States?""",The state's capital being Juneau. The state being home to numerous national parks.,Alaska,"The largest state in the United States by total area is Alaska. It covers approximately 663,268 square miles (1,717,856 square kilometers). The largest state by population is California, with over 39 million residents as of 2020.","The largest state in the United States is Alaska. Known for its vast wilderness, Alaska is home to numerous national parks, including Denali National Park and Preserve, Wrangell-St. Elias National Park, and Gates of the Arctic National Park. The capital of Alaska is Juneau, which is unique as it is the only U.S. state capital that is not accessible by road.",The irrelevant context in the prompt is the information about Juneau being the state's capital and it being home to numerous national parks. These details are not necessary to identify the largest state in the United States.,0.47466096,0.5603188,0.77801496,4.801044225692749
mistralai/Mistral-7B-Instruct-v0.3,"In the story, a character named Olivia discovers a hidden diary in her attic. What does Olivia find in the diary?","In the story, a character named Olivia discovers a hidden diary in her attic. The diary belongs to her great-grandmother and is filled with stories of love and loss. The diary's cover is made of leather and has a lock on it. What does Olivia find in the diary?","Identify the irrelevant context in the prompt: ""In the story, a character named Olivia discovers a hidden diary in her attic. The diary belongs to her great-grandmother and is filled with stories of love and loss. The diary's cover is made of leather and has a lock on it. What does Olivia find in the diary?""",The diary belonging to Olivia's great-grandmother. The diary's cover being made of leather and having a lock on it.,Olivia finds stories of love and loss,"In the story, Olivia finds a series of personal entries written by her great-grandmother, Agnes, in the hidden diary. Agnes's diary entries reveal her life during the early 1900s, including her experiences as a young woman, her love story with Olivia's great-grandfather, and her struggles with societal expectations. The diary also contains secrets about Agnes's family and a mysterious event that occurred in the past. As Olivia reads the diary, she learns more about her family history and gains a deeper understanding of her great-grandmother's life.","Olivia finds a hidden diary in her attic that belongs to her great-grandmother. The diary is made of leather, has a lock on it, and is filled with stories of love and loss. These stories provide Olivia with a deeper understanding of her family history and the lives of her ancestors.","The irrelevant context in the prompt is the information about the material of the diary's cover (leather) and the presence of a lock on it. These details do not affect what Olivia finds in the diary, which is the stories of love and loss.",0.58332235,0.5993211,0.6603138,6.0910303592681885
mistralai/Mistral-7B-Instruct-v0.3,What is the chemical symbol for tin?,The chemical symbol for tin is a symbol that has been used for centuries and is often associated with soldering and electronics. The symbol is also used in packaging and plating. What is the chemical symbol for tin?,"Identify the irrelevant context in the prompt: ""The chemical symbol for tin is a symbol that has been used for centuries and is often associated with soldering and electronics. The symbol is also used in packaging and plating. What is the chemical symbol for tin?""",The symbol's association with soldering and electronics. The symbol's use in packaging and plating.,Sn,"The chemical symbol for tin is Sn, which stands for Stannum, a Latin word for tin.","The chemical symbol for tin is Sn, which stands for Stannum, a Latin word for tin. This symbol has been in use for centuries and is widely recognized in various fields such as chemistry, metallurgy, and engineering.","The irrelevant context in the prompt is the information about the association of the chemical symbol for tin with soldering and electronics, as well as its use in packaging and plating. These details are not necessary to answer the question about the chemical symbol for tin.",0.4993493,0.48447034,0.5861801,3.073570728302002
mistralai/Mistral-7B-Instruct-v0.3,What is the largest river in the world?,The largest river in the world is a river that is known for its vast length and is home to numerous aquatic species. The river's source is in the mountains and it flows through several countries. What is the largest river in the world?,"Identify the irrelevant context in the prompt: ""The largest river in the world is a river that is known for its vast length and is home to numerous aquatic species. The river's source is in the mountains and it flows through several countries. What is the largest river in the world?""",The river's source being in the mountains. The river flowing through several countries.,Nile,"The largest river in the world by volume is the Amazon River. It drains the largest river basin in the world, with a total drainage area of approximately 6.7 million square kilometers (2.6 million square miles). The Amazon River discharges more water than any other river, with an average discharge of about 209,000 cubic meters (7.36 million cubic feet) per second. The Nile River, which is often considered the longest river in the world, is the second largest in terms of volume.","The largest river in the world by length is the Nile River. It originates from two tributaries, the White Nile and the Blue Nile, in central Africa and flows northwards through eleven countries, including Rwanda, Burundi, Tanzania, Uganda, and Egypt. The Nile is known for its significant role in the history and culture of the civilizations that developed along its banks, such as Ancient Egypt. It is also home to a diverse array of aquatic species.","The irrelevant context in the prompt is the information about the river being home to numerous aquatic species and flowing through several countries. While these facts are interesting and relevant to the river in question, they do not affect the answer to the question ""What is the largest river in the world?"" which is the Nile River (if we consider the total length of the river, including the Nile-Congo system), or the Amazon River (if we consider the length of the main channel only).",0.4032399,0.6133754,0.5624873,8.122804403305054
mistralai/Mistral-7B-Instruct-v0.3,"In the story, a character named Ethan discovers a hidden message in his favorite book. What does Ethan find in the message?","In the story, a character named Ethan discovers a hidden message in his favorite book. The book is a classic novel that has been passed down through generations of Ethan's family. The book's cover is made of leather and has a golden lock on it. What does Ethan find in the message?","Identify the irrelevant context in the prompt: ""In the story, a character named Ethan discovers a hidden message in his favorite book. The book is a classic novel that has been passed down through generations of Ethan's family. The book's cover is made of leather and has a golden lock on it. What does Ethan find in the message?""",The book being a classic novel and its history. The book's cover being made of leather and having a golden lock on it.,Ethan finds a hidden message,"In the story ""The Book Thief"" by Markus Zusak, the protagonist, Liesel Meminger, finds a hidden message in a book, not Ethan. However, in a different story titled ""The Hidden Message"" by Robert J. Harris, the character Ethan discovers a coded message in his favorite book. In this story, Ethan finds a series of numbers that, when decoded, reveal a hidden message about a treasure buried somewhere in the town. The message leads him on an adventure to find the treasure.","In the story, Ethan finds a cryptic message written in an old, faded ink on the very last page of the book. The message hints at a hidden treasure that was once owned by a pirate, who was a relative of Ethan's ancestors. The message provides clues about the location of the treasure, setting Ethan on an exciting adventure to uncover the family secret.","The irrelevant context in the prompt is the description of the book's cover being made of leather and having a golden lock on it. This information does not affect what Ethan finds in the message. The relevant context is that Ethan discovers a hidden message in his favorite book, which has been passed down through generations of his family.",0.6301628,0.7533046,0.5998157,6.615679740905762
mistralai/Mistral-7B-Instruct-v0.3,What is the chemical symbol for lead?,The chemical symbol for lead is a symbol that has been used for centuries and is often associated with batteries and radiation. The symbol is also used in plumbing and construction. What is the chemical symbol for lead?,"Identify the irrelevant context in the prompt: ""The chemical symbol for lead is a symbol that has been used for centuries and is often associated with batteries and radiation. The symbol is also used in plumbing and construction. What is the chemical symbol for lead?""",The symbol's association with batteries and radiation. The symbol's use in plumbing and construction.,Pb,"The chemical symbol for lead is Pb, which comes from the Latin word ""Plumbum.""","The chemical symbol for lead is Pb, which stands for Plumbum in Latin. This symbol is derived from the name of the element, which was used due to lead's historical importance in the production of plumbing materials.","The irrelevant context in the prompt is the mention of batteries and radiation. While lead is used in the production of batteries and can be associated with radiation due to its radioactive isotopes, the question is asking for the chemical symbol for lead, not its uses in batteries or radiation. The other uses mentioned, plumbing and construction, are relevant as they also involve the use of lead.",0.42109355,0.46770942,0.6535462,3.686098337173462
mistralai/Mistral-7B-Instruct-v0.3,"In the story, a character named Ava discovers a hidden garden in her neighborhood. What does Ava find in the garden?","In the story, a character named Ava discovers a hidden garden in her neighborhood. The garden is filled with beautiful flowers and trees and is home to numerous birds and bees. The garden's fence is made of wooden pickets and has a small gate. What does Ava find in the garden?","Identify the irrelevant context in the prompt: ""In the story, a character named Ava discovers a hidden garden in her neighborhood. The garden is filled with beautiful flowers and trees and is home to numerous birds and bees. The garden's fence is made of wooden pickets and has a small gate. What does Ava find in the garden?""",The garden being filled with beautiful flowers and trees. The garden's fence being made of wooden pickets and having a small gate.,Ava finds a hidden garden,"In the story, Ava finds a variety of beautiful and exotic plants, a small pond with colorful koi fish, a wooden bench under a blooming cherry blossom tree, and a mysterious, ancient-looking statue in the hidden garden. The garden is filled with a sense of peace and tranquility, and Ava feels a strong connection to it. She spends many hours exploring and tending to the garden, and it becomes her secret sanctuary.","Ava finds a beautiful, hidden garden filled with various flowers, trees, birds, and bees. The garden's fence is made of wooden pickets, and there is a small gate that she can enter.","The irrelevant context in the prompt is the description of Ava's neighborhood, the beauty of the garden, the materials used in the fence, and the presence of birds, bees, and trees. The question asks for what Ava finds in the garden, not the details about the garden itself or its surroundings.",0.7434484,0.7680946,0.47134015,5.193305015563965
mistralai/Mistral-7B-Instruct-v0.3,What is the chemical symbol for mercury?,The chemical symbol for mercury is a symbol that has been used for centuries and is often associated with thermometers and fluorescent lighting. The symbol is also used in dental fillings and batteries. What is the chemical symbol for mercury?,"Identify the irrelevant context in the prompt: ""The chemical symbol for mercury is a symbol that has been used for centuries and is often associated with thermometers and fluorescent lighting. The symbol is also used in dental fillings and batteries. What is the chemical symbol for mercury?""",The symbol's association with thermometers and fluorescent lighting. The symbol's use in dental fillings and batteries.,Hg,"The chemical symbol for mercury is Hg, which comes from the Latin name for mercury, ""hydrargyrum,"" meaning liquid silver.","The chemical symbol for mercury is Hg, which comes from the Latin name for mercury, ""hydrargyrum,"" meaning liquid silver. This symbol has been in use since the 16th century.","The irrelevant context in the prompt is the information about thermometers, fluorescent lighting, dental fillings, and batteries. While these are common uses of mercury, they are not relevant to identifying the chemical symbol for mercury. The question only requires knowledge of the symbol itself, not its applications.",0.40683633,0.38096273,0.5889292,3.4988794326782227
mistralai/Mistral-7B-Instruct-v0.3,What is the largest mountain in the world?,The largest mountain in the world is a mountain that is known for its extreme height and is home to numerous unique species. The mountain's peak is covered in snow and ice and is a popular destination for climbers. What is the largest mountain in the world?,"Identify the irrelevant context in the prompt: ""The largest mountain in the world is a mountain that is known for its extreme height and is home to numerous unique species. The mountain's peak is covered in snow and ice and is a popular destination for climbers. What is the largest mountain in the world?""",The mountain's peak being covered in snow and ice. The mountain being a popular destination for climbers.,Mauna Kea,"The largest mountain in the world, in terms of base area, is the Rio de la Plata Mountain in the Andes of South America. However, when it comes to height from base to summit, the highest mountain is Mount Everest, which is located in the Himalayas on the border of Nepal and Tibet (China). Mount Everest stands at approximately 8,848.86 meters (29,031.7 feet) above sea level.","The mountain you're referring to is Mount Everest, which is located in the Himalayas on the border of Nepal and Tibet (China). With a summit elevation of approximately 8,848.86 meters (29,029 feet) above sea level, Mount Everest is the highest mountain in the world. It is a popular destination for mountaineers and is home to a variety of unique flora and fauna. The peak is often covered in snow and ice.","The irrelevant context in the prompt is the information about the unique species that live on the mountain and the fact that it is a popular destination for climbers. The question is asking for the name of the mountain, not its ecological or recreational characteristics.",0.09852813,0.100667045,0.6049514,6.533236265182495
mistralai/Mistral-7B-Instruct-v0.3,"In the story, a character named Liam discovers a hidden cave behind a waterfall. What does Liam find in the cave?","In the story, a character named Liam discovers a hidden cave behind a waterfall. The cave is filled with beautiful crystals and rocks and is home to numerous unique species. The cave's entrance is hidden behind a curtain of vines and moss. What does Liam find in the cave?","Identify the irrelevant context in the prompt: ""In the story, a character named Liam discovers a hidden cave behind a waterfall. The cave is filled with beautiful crystals and rocks and is home to numerous unique species. The cave's entrance is hidden behind a curtain of vines and moss. What does Liam find in the cave?""",The cave being filled with beautiful crystals and rocks. The cave's entrance being hidden behind a curtain of vines and moss.,Liam finds a hidden cave,"In the story, Liam finds a treasure chest in the cave behind the waterfall. The chest contains gold coins, precious gems, and an ancient map. However, the story does not specify the exact contents of the treasure chest, as it is left to the reader's imagination.","In the story, Liam finds a hidden cave behind a waterfall that is filled with beautiful crystals and rocks. This cave is also home to numerous unique species. The entrance to the cave is hidden behind a curtain of vines and moss.","The irrelevant context in the prompt is the information about the unique species living in the cave. The question asks for what Liam finds in the cave, not what lives there. However, the unique species could be considered relevant if the question were asking about the cave's inhabitants instead.",0.5938419,0.7757895,0.37562948,4.256333112716675
mistralai/Mistral-7B-Instruct-v0.3,What is the chemical symbol for carbon?,The chemical symbol for carbon is a symbol that has been used for centuries and is often associated with diamonds and graphite. The symbol is also used in chemistry and physics. What is the chemical symbol for carbon?,"Identify the irrelevant context in the prompt: ""The chemical symbol for carbon is a symbol that has been used for centuries and is often associated with diamonds and graphite. The symbol is also used in chemistry and physics. What is the chemical symbol for carbon?""",The symbol's association with diamonds and graphite. The symbol's use in chemistry and physics.,C,"The chemical symbol for carbon is ""C"". It is a non-metal and one of the most important elements in organic chemistry, as it forms the basis of all known organic compounds.","The chemical symbol for carbon is ""C"". This symbol has been used since the 19th century and is derived from the Latin word for charcoal, ""carbo"". It is a key element in organic chemistry, and its various forms, such as diamonds and graphite, are highly valued for their unique properties.","The irrelevant context in the prompt is the mention of diamonds and graphite, as well as the mention of physics. While carbon is indeed associated with these substances and is used in physics, the question specifically asks for the chemical symbol for carbon, not its associations or uses outside of chemistry.",0.32285097,0.24038175,0.7411384,4.1781463623046875
mistralai/Mistral-7B-Instruct-v0.3,What is the largest island in the world?,The largest island in the world is an island that is known for its unique wildlife and is home to numerous unique species. The island's capital is Nuuk and it is a popular destination for tourists. What is the largest island in the world?,"Identify the irrelevant context in the prompt: ""The largest island in the world is an island that is known for its unique wildlife and is home to numerous unique species. The island's capital is Nuuk and it is a popular destination for tourists. What is the largest island in the world?""",The island's capital being Nuuk. The island being a popular destination for tourists.,Greenland,"The largest island in the world is Greenland. It's an autonomous territory under the Kingdom of Denmark, located between the Arctic and Atlantic Oceans. Greenland covers an area of approximately 2.17 million square kilometers (838,268 square miles). However, it's important to note that when considering landmass, Greenland ranks third, as water bodies like the Caspian Sea and Lake Superior are larger than some countries and islands.","The largest island in the world is Greenland. It is known for its unique wildlife, including polar bears, musk oxen, and various species of whales. The capital of Greenland is Nuuk, and it is a popular tourist destination, particularly for those interested in Arctic landscapes and indigenous culture.",The irrelevant context in the prompt is the information about the island's capital (Nuuk) and its popularity as a tourist destination. These details are not necessary to answer the question about the largest island in the world.,0.55241543,0.61540955,0.81965744,5.315927743911743
mistralai/Mistral-7B-Instruct-v0.3,"In the story, a character named Sophia discovers a hidden journal in her attic. What does Sophia find in the journal?","In the story, a character named Sophia discovers a hidden journal in her attic. The journal belongs to her great-aunt and is filled with stories of love and loss. The journal's cover is made of leather and has a small lock on it. What does Sophia find in the journal?","Identify the irrelevant context in the prompt: ""In the story, a character named Sophia discovers a hidden journal in her attic. The journal belongs to her great-aunt and is filled with stories of love and loss. The journal's cover is made of leather and has a small lock on it. What does Sophia find in the journal?""",The journal belonging to Sophia's great-aunt. The journal's cover being made of leather and having a small lock on it.,Sophia finds stories of love and loss,"In the story, Sophia finds a hidden journal in her attic that belonged to her great-grandmother, Elizabeth. The journal contains Elizabeth's personal thoughts, experiences, and secrets from the late 1800s. As Sophia reads through the journal, she learns about Elizabeth's life as a young woman, her struggles, her dreams, and her mysterious connection to a local legend known as the ""Lady in White.""

The journal also reveals that Elizabeth was a gifted medium who could communicate with spirits, and it details her encounters with various ghosts and supernatural entities. Sophia is fascinated by the stories and begins to suspect that there may be some truth to the local legend of the Lady in White.

As Sophia continues to read the journal, she uncovers a series of cryptic clues that lead her on a journey to uncover the truth about her great-grandmother's life and the Lady in White. Along the way, Sophia experiences strange and unexplained events that seem to be connected to the journal and the legend.

Ultimately, Sophia's investigation leads her to a shocking revelation about her family's past and the true identity of the Lady in White. The journal serves as a window into the past, allowing Sophia to connect with her great-grandmother and gain a deeper understanding of her own heritage.","Sophia finds a hidden journal in her attic that belongs to her great-aunt. The journal is made of leather, has a small lock on it, and is filled with stories of love and loss. These stories likely provide insights into her great-aunt's life, relationships, and experiences, offering a personal connection to the past.","The irrelevant context in the prompt is the information about the journal's cover being made of leather and having a small lock on it. This detail does not affect the answer to the question ""What does Sophia find in the journal?"" which is the stories of love and loss.",0.58025247,0.70190084,0.7107929,10.537693500518799
mistralai/Mistral-7B-Instruct-v0.3,What is the chemical symbol for oxygen?,The chemical symbol for oxygen is a symbol that has been used for centuries and is often associated with breathing and respiration. The symbol is also used in chemistry and biology. What is the chemical symbol for oxygen?,"Identify the irrelevant context in the prompt: ""The chemical symbol for oxygen is a symbol that has been used for centuries and is often associated with breathing and respiration. The symbol is also used in chemistry and biology. What is the chemical symbol for oxygen?""",The symbol's association with breathing and respiration. The symbol's use in chemistry and biology.,O,The chemical symbol for oxygen is O.,"The chemical symbol for oxygen is ""O"" or ""O₂"" (diatomic oxygen). This symbol has been used since the 18th century and is derived from the Latin word for acid, ""acidum,"" which was thought to contain oxygen. The ""O"" symbol represents the element in its pure form, while ""O₂"" represents the diatomic molecule of oxygen that we breathe.","The irrelevant context in the prompt is the part about ""breathing and respiration,"" as well as the mention of its association with ""biology."" While these facts are true and relevant to understanding oxygen, they are not necessary for answering the question about the chemical symbol for oxygen. The question could have been answered more concisely by simply asking, ""What is the symbol for oxygen in chemistry?""",0.26568133,0.18486498,0.7177723,4.328483581542969
mistralai/Mistral-7B-Instruct-v0.3,What is the largest waterfall in the world?,The largest waterfall in the world is a waterfall that is known for its massive size and is home to numerous unique species. The waterfall's source is in the mountains and it flows into a large lake. What is the largest waterfall in the world?,"Identify the irrelevant context in the prompt: ""The largest waterfall in the world is a waterfall that is known for its massive size and is home to numerous unique species. The waterfall's source is in the mountains and it flows into a large lake. What is the largest waterfall in the world?""",The waterfall's source being in the mountains. The waterfall flowing into a large lake.,Inga Falls,"The largest waterfall in the world, in terms of total water flow, is the Angel Falls in Venezuela. It's located in the Guayana Highlands, and it's the world's highest uninterrupted waterfall, with a height of 979 meters (3,212 feet) and a plunge of 807 meters (2,647 feet). However, when it comes to the widest waterfall, the title goes to the Selinda Spillway in Botswana, which can be up to 1.5 kilometers (0.93 miles) wide during the flood season. But Angel Falls is the most famous and well-known due to its immense height.","The largest waterfall in the world, as of now, is Angel Falls in Venezuela. It's known for its immense size, with a height of 979 meters (3,212 feet) and a plunge of 807 meters (2,647 feet). The waterfall is located in the Guayana Highlands and flows into the Carrao River. It's also home to various unique species, including the golden-headed brush-finch, which is found nowhere else in the world. However, it's important to note that the size of waterfalls can change due to erosion and other natural factors.","The irrelevant context in the prompt is the information about the unique species and the large lake that the waterfall flows into. The question is asking for the name of the largest waterfall in the world, not details about its ecosystem or where it ends up.",0.45111752,0.4340421,0.6044921,8.53665280342102
mistralai/Mistral-7B-Instruct-v0.3,"In the story, a character named Julian discovers a hidden key in his pocket. What does Julian find with the key?","In the story, a character named Julian discovers a hidden key in his pocket. The key is old and rusty and has a tag attached to it with a mysterious message. The key's history is unknown and it is said to unlock a secret door. What does Julian find with the key?","Identify the irrelevant context in the prompt: ""In the story, a character named Julian discovers a hidden key in his pocket. The key is old and rusty and has a tag attached to it with a mysterious message. The key's history is unknown and it is said to unlock a secret door. What does Julian find with the key?""",The key being old and rusty. The key's history being unknown and its ability to unlock a secret door.,Julian finds a secret door,"In the story ""The Secret Garden"" by Frances Hodgson Burnett, Julian does not find anything specific with the key. The key in question is a rusty iron key that he finds in his pocket, which is said to have belonged to his mother. The key's purpose or what it unlocks is not revealed in the story. However, it is a significant item as it connects Julian to his mother and sets the stage for the discovery of the secret garden later in the story.","Julian finds a secret room or chamber with the key. The contents of the room could vary, but it might include hidden treasures, old documents, or clues to a larger mystery. The exact details would depend on the specific narrative of the story.","The irrelevant context in the prompt is the fact that the story takes place. The question is about what Julian finds with the key, not the story's setting or the backstory of the key. The key's history, the mystery of the message, and the rumor about the secret door are all details that may help answer the question, but they are not the question itself.",0.58470476,0.7402872,0.509817,5.81062388420105
mistralai/Mistral-7B-Instruct-v0.3,What is the chemical symbol for nitrogen?,The chemical symbol for nitrogen is a symbol that has been used for centuries and is often associated with fertilizers and agriculture. The symbol is also used in chemistry and physics. What is the chemical symbol for nitrogen?,"Identify the irrelevant context in the prompt: ""The chemical symbol for nitrogen is a symbol that has been used for centuries and is often associated with fertilizers and agriculture. The symbol is also used in chemistry and physics. What is the chemical symbol for nitrogen?""",The symbol's association with fertilizers and agriculture. The symbol's use in chemistry and physics.,N,"The chemical symbol for nitrogen is N. Nitrogen is a chemical element with the atomic number 7 and is a member of the chalcogen group in the periodic table. It is a colorless, odorless, and non-reactive gas that makes up about 78% of Earth's atmosphere by volume. Nitrogen is essential for the growth of living organisms and is a key component of proteins, nucleic acids, and other biological compounds.","The chemical symbol for nitrogen is ""N"". This symbol was first introduced by the Swedish chemist Jöns Jakob Berzelius in the early 19th century. The letter ""N"" comes from the Latin word ""nitrum"" or ""nitrare,"" which means ""to produce saltpeter,"" a form of nitrogen. In the context of fertilizers and agriculture, nitrogen is an essential nutrient for plant growth. In chemistry and physics, nitrogen is the seventh most abundant element in the universe and is a key component of many organic compounds.","The irrelevant context in the prompt is the information about the symbol being used for centuries and its association with fertilizers and agriculture. While these facts are interesting, they are not necessary for answering the question about the chemical symbol for nitrogen. The question could have been asked simply as: ""What is the chemical symbol for nitrogen?""",0.19666901,0.17837468,0.6207632,7.293004512786865
mistralai/Mistral-7B-Instruct-v0.3,What is the largest lake in the world?,The largest lake in the world is a lake that is known for its massive size and is home to numerous unique species. The lake's surface is covered in ice during the winter months and it is a popular destination for tourists. What is the largest lake in the world?,"Identify the irrelevant context in the prompt: ""The largest lake in the world is a lake that is known for its massive size and is home to numerous unique species. The lake's surface is covered in ice during the winter months and it is a popular destination for tourists. What is the largest lake in the world?""",The lake's surface being covered in ice during the winter months. The lake being a popular destination for tourists.,Caspian Sea,"The largest lake in the world by surface area is the Caspian Sea, which is not technically a lake but is considered a land-locked inland sea. It is located between Asia and Europe. The largest freshwater lake by surface area is Lake Superior, one of the Great Lakes of North America. By volume, Lake Baikal in Siberia, Russia, is the largest, holding about 20% of the world's unfrozen fresh water.","The largest lake in the world is Lake Baikal, located in Siberia, Russia. It is the deepest lake in the world, with a maximum depth of about 5,387 feet (1,642 meters). Lake Baikal holds about one-fifth of the world's unfrozen fresh water and is home to thousands of unique species, many of which cannot be found anywhere else in the world. During the winter months, the lake freezes over completely, and it is a popular destination for tourists who come to see the stunning ice formations and enjoy winter activities such as ice fishing and ice skating.",The irrelevant context in the prompt is the information about the lake being a popular destination for tourists and the lake's surface being covered in ice during the winter months. These details are not necessary to identify the largest lake in the world.,0.42782044,0.39850935,0.6886624,7.026423931121826
mistralai/Mistral-7B-Instruct-v0.3,"In the story, a character named Alexander discovers a hidden map in his grandfather's attic. What does Alexander find on the map?","In the story, a character named Alexander discovers a hidden map in his grandfather's attic. The map is old and yellowed and has a mysterious X marked on it. The map's history is unknown and it is said to lead to a hidden treasure. What does Alexander find on the map?","Identify the irrelevant context in the prompt: ""In the story, a character named Alexander discovers a hidden map in his grandfather's attic. The map is old and yellowed and has a mysterious X marked on it. The map's history is unknown and it is said to lead to a hidden treasure. What does Alexander find on the map?""",The map being old and yellowed. The map's history being unknown and its ability to lead to a hidden treasure.,Alexander finds a mysterious X marked on the map,"In the story, Alexander finds a treasure map on the hidden map in his grandfather's attic. The map leads him to a location where he can find a hidden treasure, specifically a chest filled with gold coins and precious gems. The map also contains clues and riddles that Alexander must solve to find the exact location of the treasure.","In the story, Alexander finds a hidden treasure on the map. However, the exact nature of the treasure is not specified. The journey to find the treasure is the main focus of the story, as Alexander embarks on an adventure to uncover the map's history and decipher its clues to locate the X marked spot. The treasure could be anything from gold and jewels to a priceless artifact or a long-lost secret. The mystery and excitement of the unknown make the treasure all the more intriguing for Alexander.","The irrelevant context in the prompt is the information about the story's unknown map history and the reference to a hidden treasure. The question is asking for what Alexander finds on the map, not the background of the map or the treasure it supposedly leads to. The relevant context is that Alexander discovers a map with a mysterious X marked on it in his grandfather's attic.",0.6101396,0.72387135,0.58009315,6.496472120285034
meta-llama/Llama-3.1-8B-Instruct,What is the capital of France?,The capital of France is a city known for its romantic atmosphere and beautiful art museums. The city is also famous for its fashion designers and delicious cuisine. What is the capital of France?,"Identify the irrelevant context in the prompt: ""The capital of France is a city known for its romantic atmosphere and beautiful art museums. The city is also famous for its fashion designers and delicious cuisine. What is the capital of France?""",The city's romantic atmosphere and beautiful art museums. The city's fashion designers and delicious cuisine.,Paris,The capital of France is Paris.,"The capital of France is Paris. It is indeed famous for its romantic atmosphere, beautiful art museums (such as the Louvre and the Orsay), fashion designers, and delicious cuisine (like escargots, croissants, and macarons).","The irrelevant context in the prompt is:

- ""The city is also famous for its fashion designers and delicious cuisine.""

This information, while interesting and true, does not directly answer the question of what the capital of France is. The relevant information is:

- ""The capital of France is a city known for its romantic atmosphere and beautiful art museums.""

This sentence directly answers the question, making the rest of the information in the prompt extraneous.",0.72533584,0.57880497,0.5354787,5.3948609828948975
meta-llama/Llama-3.1-8B-Instruct,Who wrote the famous novel 'To Kill a Mockingbird'?,The famous novel 'To Kill a Mockingbird' was written by an author who grew up in the southern United States and was influenced by the civil rights movement. The author's childhood home is now a museum. What is the author's name?,"Identify the irrelevant context in the prompt: ""The famous novel 'To Kill a Mockingbird' was written by an author who grew up in the southern United States and was influenced by the civil rights movement. The author's childhood home is now a museum. What is the author's name?""",The author's childhood home is now a museum. The author's influence from the civil rights movement.,Harper Lee,The famous novel 'To Kill a Mockingbird' was written by Harper Lee.,"The author of the famous novel 'To Kill a Mockingbird' is Harper Lee. Harper Lee grew up in the southern United States, specifically in Monroeville, Alabama. The Lee family home, which is now known as the Harper Lee Museum, is indeed a museum and a historic landmark in Monroeville, Alabama. Harper Lee's childhood experiences and the racial tensions she witnessed in her hometown heavily influenced her writing, particularly in 'To Kill a Mockingbird'.","The irrelevant context in the prompt is ""The author's childhood home is now a museum."" This information, while interesting, does not directly contribute to identifying the author's name. The relevant information provided in the prompt is that the author grew up in the southern United States and was influenced by the civil rights movement.",0.49426427,0.47731397,0.80542547,6.468254327774048
meta-llama/Llama-3.1-8B-Instruct,What is the largest planet in our solar system?,The largest planet in our solar system is a gas giant known for its distinctive red spot and massive storms. The planet's moons are also of great interest to astronomers. What is the largest planet in our solar system?,"Identify the irrelevant context in the prompt: ""The largest planet in our solar system is a gas giant known for its distinctive red spot and massive storms. The planet's moons are also of great interest to astronomers. What is the largest planet in our solar system?""",The planet's distinctive red spot and massive storms. The planet's moons being of interest to astronomers.,Jupiter,"The largest planet in our solar system is Jupiter. It is a gas giant, meaning it is primarily composed of hydrogen and helium gases. Jupiter has a diameter of approximately 142,984 kilometers (88,846 miles), which is more than 11 times the diameter of the Earth.","The largest planet in our solar system is Jupiter. It is a gas giant known for its distinctive Great Red Spot, a massive storm that has been raging for centuries. Jupiter also has a system of 92 confirmed moons, with four of its largest moons (Io, Europa, Ganymede, and Callisto) being of great interest to astronomers due to their unique characteristics and potential for supporting life.","The irrelevant context in the prompt is ""The planet's moons are also of great interest to astronomers."" This information is not directly related to answering the question ""What is the largest planet in our solar system?"" It is an additional piece of information that could be a tangent or a separate topic, but it is not necessary to answer the main question.",0.5962521,0.603429,0.513755,7.539315223693848
meta-llama/Llama-3.1-8B-Instruct,"In the story, a character named Jack discovers a hidden treasure on a deserted island. What does Jack find on the island?","In the story, a character named Jack discovers a hidden treasure on a deserted island. The island is said to have a curse that brings bad luck to those who visit. The island's sandy beaches and crystal-clear waters make it a perfect spot for relaxation. What does Jack find on the island?","Identify the irrelevant context in the prompt: ""In the story, a character named Jack discovers a hidden treasure on a deserted island. The island is said to have a curse that brings bad luck to those who visit. The island's sandy beaches and crystal-clear waters make it a perfect spot for relaxation. What does Jack find on the island?""",The island's curse and its effects on visitors. The island's sandy beaches and crystal-clear waters.,Jack finds a hidden treasure,"Since you didn't provide any specific details about the story, I'll create a possible scenario for you.

As Jack explores the deserted island, he comes across a hidden cave behind a waterfall. The entrance is narrow, but he manages to squeeze through it. Inside, he finds a small, dimly lit chamber filled with ancient artifacts and mysterious objects.

Among the treasures, Jack discovers a chest made of intricately carved wood, adorned with symbols and patterns that seem to tell a story. As he opens the chest, he finds a pile of gold coins, precious jewels, and a map that appears to be hand-drawn.

The map seems to point to another location on the island, possibly a hidden chamber or a secret passage. Jack's curiosity is piqued, and he decides to follow the map to see where it leads.

As he continues to explore the island, Jack finds other treasures, including:

* A golden statue of a mythical creature, possibly a dragon or a phoenix
* A collection of rare and exotic spices, including cinnamon, nutmeg, and cloves
* A set of ancient scrolls, containing cryptic messages and prophecies
* A small, ornate box containing a precious gemstone, such as a diamond or a ruby

The treasure on the island seems to be a mix of valuable objects and mysterious artifacts, hinting at a rich history and a possible connection to a long-lost civilization. Jack's discovery sets him on a journey to uncover the secrets of the island and the story behind the treasure.","As Jack explores the deserted island, he comes across a dense jungle, and after navigating through the thick foliage, he stumbles upon a hidden cave. The cave is partially hidden by the island's lush vegetation, and Jack wouldn't have found it if he hadn't been searching for a place to rest.

Inside the cave, Jack discovers a chest buried beneath the sand. The chest is old and worn, but it looks sturdy enough to have withstood the test of time. Jack carefully opens the chest, and to his surprise, he finds a treasure trove of gold coins, precious jewels, and ancient artifacts.

The treasure is impressive, and Jack can't help but feel a sense of excitement and wonder. However, as he begins to explore the cave further, he starts to feel a strange, unsettling energy. The air in the cave seems to grow colder, and Jack begins to suspect that the island's curse is real.

Despite the ominous feeling, Jack can't resist the temptation of the treasure. He decides to take some of the gold coins and jewels with him, hoping to use them to start a new life back on the mainland. However, as he turns to leave the cave, he hears a faint whispering in his ear, warning him to leave the island immediately.

The whispering grows louder, and Jack starts to feel a creeping sense of dread. He realizes that the island's curse is more than just a myth, and he must find a way to escape the island before it's too late.","The irrelevant context in the prompt is: ""The island's sandy beaches and crystal-clear waters make it a perfect spot for relaxation.""

This information seems out of place in the context of the story, as it focuses on the discovery of a hidden treasure and a curse, rather than the island's suitability for relaxation.",0.61216956,0.7770493,0.6680336,24.50776195526123
meta-llama/Llama-3.1-8B-Instruct,What is the chemical symbol for gold?,The chemical symbol for gold is a symbol that has been used for centuries and is often associated with wealth and luxury. The symbol is also used in jewelry and coins. What is the chemical symbol for gold?,"Identify the irrelevant context in the prompt: ""The chemical symbol for gold is a symbol that has been used for centuries and is often associated with wealth and luxury. The symbol is also used in jewelry and coins. What is the chemical symbol for gold?""",The symbol's association with wealth and luxury. The symbol's use in jewelry and coins.,Au,The chemical symbol for gold is Au.,"The chemical symbol for gold is Au. The symbol 'Au' comes from the Latin word for gold, which is 'aurum'. It has been used for centuries and is indeed associated with wealth and luxury, as you mentioned. It is widely used in jewelry, coins, and other applications where gold is used.","The irrelevant context in the prompt is the information about gold being associated with wealth and luxury, and its use in jewelry and coins. While this context provides additional background information, it does not directly answer the question ""What is the chemical symbol for gold?"" The relevant information would be the chemical symbol itself.",0.46688288,0.3754642,0.6042309,4.848714113235474
meta-llama/Llama-3.1-8B-Instruct,What is the largest living species of lizard?,The largest living species of lizard is a reptile that is known for its intelligence and can be found in the wild in certain parts of the world. The lizard's habitat is being threatened by deforestation and hunting. What is the largest living species of lizard?,"Identify the irrelevant context in the prompt: ""The largest living species of lizard is a reptile that is known for its intelligence and can be found in the wild in certain parts of the world. The lizard's habitat is being threatened by deforestation and hunting. What is the largest living species of lizard?""",The lizard's intelligence. The lizard's habitat being threatened by deforestation and hunting.,Komodo dragon,"The largest living species of lizard is the Komodo dragon (Varanus komodoensis). It is a species of monitor lizard found in the Indonesian islands of Komodo, Rinca, Flores, and Gili Motang.","The largest living species of lizard is the Komodo dragon (Varanus komodoensis). It is a reptile known for its intelligence, carnivorous diet, and powerful bite. The Komodo dragon is native to the Indonesian islands of Komodo, Rinca, Flores, and Gili Motang, as well as some parts of Western Australia.

Komodo dragons are threatened by deforestation, hunting, and habitat loss due to human activities such as agriculture, mining, and tourism. Conservation efforts are in place to protect the Komodo dragon and its habitat, including the Komodo National Park in Indonesia, which is a UNESCO World Heritage Site.

Some interesting facts about Komodo dragons include:

- They can grow up to 3 meters (10 feet) in length and weigh up to 70 kilograms (154 pounds).
- They have a powerful bite force of up to 390 pounds per square inch (psi), which is stronger than any other lizard.
- They are apex predators and feed on a variety of prey, including deer, pigs, and even water buffalo.
- They have a unique way of hunting, using their sense of smell to track prey and then ambushing them with their powerful bite.

Overall, the Komodo dragon is an impressive and fascinating species that requires conservation efforts to protect its habitat and ensure its survival.","The irrelevant context in the prompt is ""The lizard's habitat is being threatened by deforestation and hunting."" 

This information is not necessary to answer the question ""What is the largest living species of lizard?"" It is more of a side note or an additional fact, but it is not directly related to the main question.",0.53452605,0.6469567,0.6551564,13.673285245895386
meta-llama/Llama-3.1-8B-Instruct,Who wrote the famous play 'Romeo and Juliet'?,The famous play 'Romeo and Juliet' was written by a playwright who is known for his works on love and tragedy. The playwright's other famous works include 'Hamlet' and 'Macbeth'. What is the playwright's name?,"Identify the irrelevant context in the prompt: ""The famous play 'Romeo and Juliet' was written by a playwright who is known for his works on love and tragedy. The playwright's other famous works include 'Hamlet' and 'Macbeth'. What is the playwright's name?""",The playwright's other famous works. The playwright's focus on love and tragedy.,William Shakespeare,"The famous play 'Romeo and Juliet' was written by the renowned English playwright William Shakespeare. It is one of his most famous tragedies and is widely considered a classic of world literature. The play is based on an earlier Italian narrative poem, 'The Tragicall Historye of Romeus and Juliet', written by Arthur Brooke in 1562.","The playwright you are referring to is William Shakespeare. However, the information you provided about 'Hamlet' and 'Macbeth' is incorrect. 

William Shakespeare wrote 'Romeo and Juliet' but not 'Hamlet' and 'Macbeth'. 'Hamlet' and 'Macbeth' are also written by William Shakespeare.","The irrelevant context in the prompt is the mention of the playwright's other famous works, 'Hamlet' and 'Macbeth'. 

Although these works are indeed written by the same playwright (William Shakespeare), the question asks for the playwright's name, which can be inferred from the context of 'Romeo and Juliet'. Therefore, the additional information about 'Hamlet' and 'Macbeth' is not necessary to answer the question.",0.5639495,0.6216582,0.5994036,8.274353981018066
meta-llama/Llama-3.1-8B-Instruct,What is the smallest country in the world?,The smallest country in the world is a nation that is known for its rich history and is home to numerous famous landmarks. The country's capital is also its largest city. What is the smallest country in the world?,"Identify the irrelevant context in the prompt: ""The smallest country in the world is a nation that is known for its rich history and is home to numerous famous landmarks. The country's capital is also its largest city. What is the smallest country in the world?""",The country's rich history and famous landmarks. The country's capital being its largest city.,Vatican City,"The smallest country in the world is the Vatican City. It has a total area of approximately 0.44 km² (0.17 sq mi). The Vatican City is an independent city-state located within Rome, Italy, and is home to the Pope and the central government of the Catholic Church. It has a population of around 825 people, making it not only the smallest country by area but also by population.","The smallest country in the world is the Vatican City.  It has a total area of approximately 0.44 km² (0.17 sq mi) and a population of around 800 people. 

The Vatican City is known for its rich history, being the center of the Catholic Church and home to numerous famous landmarks such as St. Peter's Basilica, the Sistine Chapel, and the Vatican Museums. 

The Vatican City's capital and largest city is also known as the Vatican City.","The irrelevant context in the prompt is ""The country's capital is also its largest city."" This sentence seems to be a general statement about a country, but it doesn't provide any specific information about the smallest country in the world. It could be a characteristic of any country, not just the smallest one.",0.6071831,0.6493124,0.59539866,9.025749921798706
meta-llama/Llama-3.1-8B-Instruct,"In the story, a character named Emily discovers a hidden world within her reflection. What does Emily find in the mirror?","In the story, a character named Emily discovers a hidden world within her reflection. The mirror is an antique that has been passed down through generations of Emily's family. The mirror's frame is made of intricately carved wood. What does Emily find in the mirror?","Identify the irrelevant context in the prompt: ""In the story, a character named Emily discovers a hidden world within her reflection. The mirror is an antique that has been passed down through generations of Emily's family. The mirror's frame is made of intricately carved wood. What does Emily find in the mirror?""",The mirror being an antique and its history. The mirror's frame being made of intricately carved wood.,Emily finds a hidden world within her reflection,"I'd be happy to help you create a story about Emily discovering a hidden world within her reflection. Here's a possible scenario:

As Emily gazes into the mirror, she notices something strange. The reflection staring back at her seems to be... shifting. The image begins to ripple and distort, like the surface of a pond on a windy day. Emily feels a shiver run down her spine as she realizes that her reflection is not just a static image, but a doorway to a hidden world.

As she leans in closer, the reflection begins to take on a life of its own. The image starts to move and change, like a living, breathing entity. Emily sees a world unfold before her eyes, a world that exists within the mirror.

She sees a lush forest, with towering trees and sparkling streams. She sees a bustling city, with towering skyscrapers and busy streets. And she sees a beautiful, shimmering palace, with grand halls and sparkling chandeliers.

As she explores this hidden world, Emily discovers that it is inhabited by creatures that are unlike anything she has ever seen before. There are beings made of light and shadow, beings that can shape-shift and change form at will. There are creatures that are born from the very fabric of the mirror itself, creatures that are both beautiful and terrifying.

Emily realizes that this hidden world is a reflection of her own subconscious mind, a world that is both a part of her and yet separate from her. She sees her deepest fears and desires, her hopes and dreams, all reflected back at her in this magical world.

As she explores this world, Emily begins to understand the true nature of her reflection. She realizes that it is not just a static image, but a doorway to a world of endless possibility and wonder. And she knows that she will never look at herself in the same way again.","As Emily gazes into the antique mirror, she notices that the intricately carved wooden frame seems to be shifting, the patterns blurring and reforming before her eyes. The glass surface of the mirror begins to ripple, like the surface of a pond on a summer's day. The ripples grow stronger, and Emily feels a strange sensation, as if she is being pulled into the mirror itself.

As she steps closer, the mirror's surface becomes clear once more, and Emily sees a world unlike anything she has ever imagined. The reflection she sees is not her own, but a place that exists within the mirror. The landscape is made up of twisted, gnarled trees with branches that seem to reach out like skeletal fingers. The sky above is a deep, foreboding purple, and the air is thick with an otherworldly mist.

As Emily explores this world, she comes across strange creatures that seem to be made of the very glass of the mirror. They are delicate, ethereal beings, with bodies that shimmer and glow in the dim light. They move with a slow, almost hypnotic pace, as if they are drawn to Emily's presence.

The creatures seem to be watching her, studying her with an unblinking gaze. Emily feels a sense of unease, but also a sense of wonder. She has never seen anything like this before, and she is drawn to the mystery of this hidden world.

As she explores further, Emily discovers that the mirror is not just a reflection of her own world, but a portal to a realm that exists parallel to her own. She sees glimpses of her own life, but also of lives that are not her own, lives that exist in this hidden world.

The mirror, it seems, is more than just a simple reflection. It is a gateway to a world of wonder and magic, a world that exists just beyond the edge of reality. And Emily, with her curiosity and her courage, is the key to unlocking its secrets.","The irrelevant context in the prompt is ""The mirror's frame is made of intricately carved wood."" This detail is not directly related to the main plot or the discovery that Emily makes in the mirror. It provides some background information on the mirror, but it does not contribute to the mystery or the surprise of what Emily finds in the mirror.",0.7811899,0.6937128,0.6488824,30.67650055885315
meta-llama/Llama-3.1-8B-Instruct,What is the largest mammal on Earth?,The largest mammal on Earth is a creature that is known for its massive size and can be found in the world's oceans. The creature's diet consists mainly of tiny fish and plankton. What is the largest mammal on Earth?,"Identify the irrelevant context in the prompt: ""The largest mammal on Earth is a creature that is known for its massive size and can be found in the world's oceans. The creature's diet consists mainly of tiny fish and plankton. What is the largest mammal on Earth?""",The creature's diet consisting of tiny fish and plankton. The creature being found in the world's oceans.,Blue whale,"The largest mammal on Earth is the blue whale. On average, an adult blue whale can grow up to 82 feet (25 meters) in length and weigh around 150-170 tons (136,000-152,000 kilograms). However, the largest blue whale ever recorded was around 108 feet (33 meters) in length and weighed around 210 tons (182,000 kilograms).","The largest mammal on Earth is the blue whale.  Blue whales are known for their massive size, with adults typically growing up to 82 feet (25 meters) in length and weighing around 150-170 tons (136,000-152,000 kilograms). They can be found in all of the world's oceans, from the Arctic to the Antarctic, and feed on tiny crustaceans, such as krill, as well as small fish and plankton.","The irrelevant context in the prompt is ""The creature's diet consists mainly of tiny fish and plankton."" 

This information is not necessary to answer the question ""What is the largest mammal on Earth?"" as it only provides additional details about the creature's diet, not its identity. The answer can be deduced from the initial statement ""The largest mammal on Earth is a creature that is known for its massive size and can be found in the world's oceans.""",0.57356393,0.62710005,0.59839344,9.826308250427246
meta-llama/Llama-3.1-8B-Instruct,What is the chemical symbol for silver?,The chemical symbol for silver is a symbol that has been used for centuries and is often associated with wealth and luxury. The symbol is also used in jewelry and coins. What is the chemical symbol for silver?,"Identify the irrelevant context in the prompt: ""The chemical symbol for silver is a symbol that has been used for centuries and is often associated with wealth and luxury. The symbol is also used in jewelry and coins. What is the chemical symbol for silver?""",The symbol's association with wealth and luxury. The symbol's use in jewelry and coins.,Ag,"The chemical symbol for silver is Ag, which comes from the Latin word ""argentum"".","The chemical symbol for silver is Ag, which is derived from the Latin word 'argentum'. The use of the Latin word dates back to ancient times, and the symbol Ag has been widely used in chemistry for centuries. Silver has indeed been associated with wealth and luxury throughout history, which is reflected in its use in jewelry and coins.","The irrelevant context in the prompt is ""The symbol is also used in jewelry and coins."" This information, while related to the topic of silver, is not directly answering the question ""What is the chemical symbol for silver?"" The main focus of the prompt is to identify the chemical symbol for silver, and the mention of jewelry and coins is more of an additional fact rather than relevant information to the main question.",0.4927125,0.43994763,0.5954813,6.11623740196228
meta-llama/Llama-3.1-8B-Instruct,Who wrote the famous novel 'Pride and Prejudice'?,The famous novel 'Pride and Prejudice' was written by an author who is known for her works on love and relationships. The author's other famous works include 'Sense and Sensibility' and 'Emma'. What is the author's name?,"Identify the irrelevant context in the prompt: ""The famous novel 'Pride and Prejudice' was written by an author who is known for her works on love and relationships. The author's other famous works include 'Sense and Sensibility' and 'Emma'. What is the author's name?""",The author's other famous works. The author's focus on love and relationships.,Jane Austen,The famous novel 'Pride and Prejudice' was written by Jane Austen.,"The author you're referring to is Jane Austen. She is a renowned English novelist known for her works on love, relationships, and societal commentary. Some of her notable works include:

1. 'Pride and Prejudice' (1813) - a romantic novel about Elizabeth Bennet and Mr. Darcy.
2. 'Sense and Sensibility' (1811) - a novel about two sisters, Elinor and Marianne Dashwood, navigating love and heartbreak.
3. 'Emma' (1816) - a novel about a young woman, Emma Woodhouse, who tries to play matchmaker for her friends.

Jane Austen's works are celebrated for their witty dialogue, strong female characters, and insightful commentary on the social norms of her time.","The irrelevant context in the prompt is the mention of the author's other famous works, specifically ""Sense and Sensibility"" and ""Emma"". This information is not necessary to answer the question of the author's name. The answer to the question can be determined solely by knowing that the author of ""Pride and Prejudice"" is the one being referred to. 

However, it can be inferred that the mention of these other works is likely intended to provide context or clues about the author's name. But if we strictly interpret the question, the mention of these other works is not directly relevant to answering the question.",0.59898853,0.62442875,0.47302523,10.92176604270935
meta-llama/Llama-3.1-8B-Instruct,What is the largest city in the world?,The largest city in the world is a metropolis that is known for its bustling streets and vibrant culture. The city's population is over 30 million people. What is the largest city in the world?,"Identify the irrelevant context in the prompt: ""The largest city in the world is a metropolis that is known for its bustling streets and vibrant culture. The city's population is over 30 million people. What is the largest city in the world?""",The city's population being over 30 million people. The city's bustling streets and vibrant culture.,Tokyo,"The largest city in the world is a matter of some debate, as it depends on how one defines ""largest."" Here are a few different ways to measure the size of a city:

1. **Population:** According to the United Nations, the largest city in the world by population is Tokyo, Japan, with a population of over 38 million people.
2. **Land area:** The largest city in the world by land area is Sitka, Alaska, USA, which covers an area of 12,461.8 km² (4,810.3 sq mi). However, this is a city that is largely surrounded by wilderness and has a very small population.
3. **Urban agglomeration:** The largest city in the world by urban agglomeration (the population of the city proper and the surrounding metropolitan area) is Tokyo, Japan, with a population of over 38 million people.
4. **Economic output:** The largest city in the world by economic output (GDP) is New York City, USA, with a GDP of over $1.2 trillion.

So, to summarize, the largest city in the world is Tokyo, Japan, when measured by population and urban agglomeration, while Sitka, Alaska, is the largest city by land area, and New York City is the largest by economic output.","You're likely referring to Tokyo, Japan, or possibly another city, but the city with a population over 30 million is actually Tokyo, Japan. However, the city with a population over 30 million is actually the Tokyo-Yokohama metropolitan area, which is a larger metropolitan area than the city of Tokyo itself.","The irrelevant context in the prompt is ""The city's population is over 30 million people."" 

This information is provided but not used to answer the question ""What is the largest city in the world?"" The answer to the question would typically require more specific information, such as the name of the city, rather than a general characteristic like population size.",0.37625402,0.5734324,0.6315236,14.916736841201782
meta-llama/Llama-3.1-8B-Instruct,"In the story, a character named David discovers a hidden portal in his backyard. What does David find in the portal?","In the story, a character named David discovers a hidden portal in his backyard. The portal is surrounded by a garden filled with beautiful flowers and trees. The garden's fence is made of white picket wood. What does David find in the portal?","Identify the irrelevant context in the prompt: ""In the story, a character named David discovers a hidden portal in his backyard. The portal is surrounded by a garden filled with beautiful flowers and trees. The garden's fence is made of white picket wood. What does David find in the portal?""",The garden being filled with beautiful flowers and trees. The garden's fence being made of white picket wood.,David finds a hidden portal,"There are many possible directions this story could take. Here are a few options:

1. **A magical world**: David discovers a portal that leads to a magical world, full of wonder and enchantment. He meets strange creatures, like fairies or dragons, and learns about the history and magic of this new world. As he explores, he realizes that this world is connected to his own, and that he has a special role to play in maintaining the balance between the two.

2. **A futuristic city**: David steps through the portal and finds himself in a futuristic city, with towering skyscrapers and advanced technology. He meets a group of people who have been living in this city for generations, and they explain the history of the city and how it came to be hidden from the rest of the world.

3. **A parallel universe**: David discovers that the portal leads to a parallel universe, where everything is similar yet different from his own world. He meets alternate versions of himself and his friends, and they explore the implications of this discovery. They realize that every decision they make in their own world has a ripple effect in this parallel universe.

4. **A hidden village**: David finds a portal that leads to a hidden village, where a group of people have been living in secret for generations. They have developed a unique culture and way of life, and they welcome David into their community. As he learns about their history and traditions, he realizes that this village holds the key to understanding his own family's past.

5. **A mysterious laboratory**: David discovers that the portal leads to a mysterious laboratory, where scientists have been conducting secret experiments. He meets the scientists, who are working on a top-secret project, and they explain their goals and motivations. As he learns more, he realizes that the project has far-reaching implications for the world.

These are just a few possibilities, and the story could take many other directions depending on the author's vision and creativity.","As David steps through the portal, he finds himself in a beautiful, serene landscape that is unlike anything he has ever seen before. The air is filled with the sweet scent of exotic flowers, and the sky above is a brilliant shade of blue that seems almost otherworldly.

As he looks around, he sees rolling hills of emerald green grass, dotted with wildflowers of every color. In the distance, he sees a shimmering lake that seems to stretch on forever, its surface reflecting the vibrant colors of the sky.

David walks towards the lake, feeling a sense of wonder and curiosity. As he approaches the water's edge, he notices that the lake is surrounded by a ring of tall trees, their branches swaying gently in the breeze.

As he steps onto the lake's shore, he feels a strange sensation, as if the water is alive and responding to his presence. He looks down and sees that the lake is filled with a variety of strange and wondrous creatures, each one more beautiful and fascinating than the last.

David spends hours exploring the lake and its surroundings, marveling at the beauty and magic of this new world. He discovers hidden waterfalls, secret caves, and even a group of creatures that seem to be made of pure light.

As the sun begins to set, David realizes that he must return to his own world. He steps back through the portal, feeling a sense of sadness and loss. But he knows that he will return, for he has discovered a place that is truly magical and special.

The garden in David's backyard, with its white picket fence and beautiful flowers and trees, seems ordinary in comparison to the wonders he has seen through the portal. But David knows that it is the key to unlocking the secrets of this new world, and he is determined to explore it further.

As he steps back into his own world, David feels a sense of excitement and anticipation. He knows that he has only scratched the surface of this new world, and he is eager to see what other wonders and secrets it holds.","The irrelevant context in the prompt is the description of the garden and the fence. 

The prompt asks about what David finds in the portal, but the description of the garden and the fence provides background information about the portal's location and surroundings, rather than its contents or what's inside. 

To make the prompt more relevant, the description of the garden and the fence could be removed, or it could be implied that the garden and fence are part of the portal's surroundings without going into detail.",0.5133903,0.5731159,0.41210026,32.9076509475708
meta-llama/Llama-3.1-8B-Instruct,What is the smallest bone in the human body?,The smallest bone in the human body is a bone that is found in the ear and is responsible for hearing. The bone's shape is unique and allows it to vibrate when sound waves reach it. What is the smallest bone in the human body?,"Identify the irrelevant context in the prompt: ""The smallest bone in the human body is a bone that is found in the ear and is responsible for hearing. The bone's shape is unique and allows it to vibrate when sound waves reach it. What is the smallest bone in the human body?""",The bone's shape being unique and its ability to vibrate. The bone being found in the ear and responsible for hearing.,Stapes,"The smallest bone in the human body is the stapes bone, which is one of the bones in the middle ear. It plays a crucial role in transmitting sound vibrations from the eardrum to the inner ear. The stapes bone is approximately 3 millimeters (0.12 inches) in length.","The smallest bone in the human body is the Stapes bone, also known as the stirrup bone. It is one of the bones in the middle ear and plays a crucial role in the transmission of sound waves to the inner ear. The Stapes bone is indeed unique in its shape, with a small footplate that transmits vibrations to the inner ear. It is approximately 3 millimeters in length and weighs about 2 milligrams.","The irrelevant context in the prompt is ""The bone's shape is unique and allows it to vibrate when sound waves reach it."" 

Although this statement is related to the function of the bone, the actual question being asked is about the identification of the bone, not its function. The information about its shape and vibration is supplementary and not directly necessary to answer the question.",0.41421404,0.45812076,0.7394066,8.253849506378174
meta-llama/Llama-3.1-8B-Instruct,What is the chemical symbol for copper?,The chemical symbol for copper is a symbol that has been used for centuries and is often associated with electricity and conductivity. The symbol is also used in electrical wiring and circuits. What is the chemical symbol for copper?,"Identify the irrelevant context in the prompt: ""The chemical symbol for copper is a symbol that has been used for centuries and is often associated with electricity and conductivity. The symbol is also used in electrical wiring and circuits. What is the chemical symbol for copper?""",The symbol's association with electricity and conductivity. The symbol's use in electrical wiring and circuits.,Cu,The chemical symbol for copper is Cu.,"The chemical symbol for copper is Cu. It is a symbol that has been used for centuries and is indeed often associated with electricity and conductivity, as copper is an excellent conductor of electricity. The symbol 'Cu' comes from the Latin word 'cuprum,' which was the name of the island of Cyprus, where copper was mined in ancient times.","The irrelevant context in the prompt is the information about the symbol being associated with electricity and conductivity, electrical wiring and circuits. 

The prompt asks specifically about the chemical symbol for copper, which is a fundamental piece of information that doesn't require any additional context. The provided information about copper's association with electricity is interesting but not necessary to answer the question.",0.5322468,0.45177248,0.6402883,5.439526796340942
meta-llama/Llama-3.1-8B-Instruct,Who wrote the famous play 'Hamlet'?,The famous play 'Hamlet' was written by a playwright who is known for his works on tragedy and revenge. The playwright's other famous works include 'Romeo and Juliet' and 'Macbeth'. What is the playwright's name?,"Identify the irrelevant context in the prompt: ""The famous play 'Hamlet' was written by a playwright who is known for his works on tragedy and revenge. The playwright's other famous works include 'Romeo and Juliet' and 'Macbeth'. What is the playwright's name?""",The playwright's other famous works. The playwright's focus on tragedy and revenge.,William Shakespeare,The famous play 'Hamlet' was written by the renowned English playwright William Shakespeare.,"The playwright you're referring to is William Shakespeare. He is indeed famous for his works on tragedy and revenge, and 'Hamlet' is one of his most renowned plays. However, the other two plays you mentioned, 'Romeo and Juliet' and 'Macbeth', are also tragedies, but they don't fit the revenge theme as much as 'Hamlet' does. 

'Hamlet' is a tragedy that revolves around the theme of revenge, with the protagonist, Hamlet, seeking to avenge his father's murder. 

'Hamlet' is indeed a tragedy, and it is often considered one of Shakespeare's greatest works, but the three plays you mentioned are all tragedies, not specifically revenge plays.","The irrelevant context in the prompt is the mention of 'Romeo and Juliet' and 'Macbeth'. 

The prompt starts by stating that the playwright is known for his works on tragedy and revenge, which is consistent with the information that 'Hamlet' is a tragedy about revenge. However, the mention of 'Romeo and Juliet' and 'Macbeth' is also a work of tragedy and revenge. 

The only piece of information that is not necessary for answering the question is the mention of 'Romeo and Juliet' and 'Macbeth'. The prompt could have started and ended with the information about 'Hamlet' and still answered the question.",0.6248814,0.44944578,0.59620047,10.898953199386597
meta-llama/Llama-3.1-8B-Instruct,What is the largest state in the United States?,The largest state in the United States is a state that is known for its vast wilderness and natural beauty. The state's capital is Juneau and it is home to numerous national parks. What is the largest state in the United States?,"Identify the irrelevant context in the prompt: ""The largest state in the United States is a state that is known for its vast wilderness and natural beauty. The state's capital is Juneau and it is home to numerous national parks. What is the largest state in the United States?""",The state's capital being Juneau. The state being home to numerous national parks.,Alaska,"The largest state in the United States is Alaska. Alaska covers approximately 663,300 square miles (1,717,856 km²), which is more than twice the size of Texas, the next largest state.","The largest state in the United States is Alaska. Alaska is known for its vast wilderness and natural beauty, with numerous national parks, including Denali National Park and Preserve, Glacier Bay National Park and Preserve, and Wrangell-St. Elias National Park and Preserve, among others. The state capital of Alaska is Juneau.","The irrelevant context in the prompt is ""The state's capital is Juneau and it is home to numerous national parks."" 

This information, although interesting, does not directly answer the question of which state is the largest in the United States. The answer to the question can be determined solely by knowledge of the geographical size of the states.",0.5600812,0.57724106,0.8336861,6.446444988250732
meta-llama/Llama-3.1-8B-Instruct,"In the story, a character named Olivia discovers a hidden diary in her attic. What does Olivia find in the diary?","In the story, a character named Olivia discovers a hidden diary in her attic. The diary belongs to her great-grandmother and is filled with stories of love and loss. The diary's cover is made of leather and has a lock on it. What does Olivia find in the diary?","Identify the irrelevant context in the prompt: ""In the story, a character named Olivia discovers a hidden diary in her attic. The diary belongs to her great-grandmother and is filled with stories of love and loss. The diary's cover is made of leather and has a lock on it. What does Olivia find in the diary?""",The diary belonging to Olivia's great-grandmother. The diary's cover being made of leather and having a lock on it.,Olivia finds stories of love and loss,"There are many possible directions this story could take. Here are a few options:

1. **Family secrets**: Olivia discovers that her ancestors were involved in a long-forgotten scandal or family feud. The diary reveals secrets about her family's past that have been hidden for generations, forcing Olivia to re-evaluate her own identity and relationships.
2. **Love story**: The diary belongs to a romantic partner of Olivia's ancestor, and it tells the story of their whirlwind romance, heartbreak, and ultimate separation. Olivia becomes invested in the couple's story and begins to see parallels between their love and her own relationships.
3. **Mystery and suspense**: The diary hints at a dark event or crime that occurred in the past, but the details are sketchy. Olivia becomes obsessed with uncovering the truth, leading her on a thrilling adventure through her family's history.
4. **Personal growth**: The diary is written by Olivia's ancestor, who is struggling with similar issues and emotions that Olivia is facing today. As Olivia reads through the diary, she finds comfort in knowing that she's not alone in her struggles and gains a new perspective on her own life.
5. **Historical context**: The diary provides a unique glimpse into historical events or cultural practices that Olivia's family was a part of. She becomes fascinated by the diary's historical significance and begins to research the time period, learning more about her family's role in shaping the world around them.

Which direction would you like the story to take?","As Olivia carefully opens the old leather diary, she finds that the lock is rusted and the key is nowhere to be found. However, after some gentle manipulation, the lock finally gives way, and the diary creaks open.

The pages are yellowed with age, and the handwriting is elegant but difficult to read. Olivia's eyes widen as she begins to decipher the entries. The diary belongs to her great-grandmother, who lived a life full of love, loss, and heartbreak.

As she reads, Olivia discovers that her great-grandmother, Emily, was a strong-willed and independent woman who lived during a time of great social change. Emily's stories are a mix of romance, tragedy, and self-discovery.

The diary reveals that Emily fell deeply in love with a man named James, but their social differences made their love impossible. Emily's family disapproved of James, and they eventually parted ways. However, Emily's love for James never faded, and she carried it with her for the rest of her life.

Olivia also learns about Emily's struggles during World War I, where she worked as a nurse and saw the devastating effects of war firsthand. The diary entries describe the loss and grief that Emily experienced, as well as her own personal losses, including the death of her younger brother.

Throughout the diary, Olivia finds handwritten recipes, poetry, and sketches that Emily created during her free time. The diary also contains letters from James, which Emily kept as a reminder of their love.

As Olivia reads on, she begins to feel a deep connection to her great-grandmother and the life she lived. The diary becomes a window into the past, allowing Olivia to understand her family's history and the sacrifices that were made.

The diary also reveals that Emily's love story with James was not just a romance but a symbol of hope and resilience. Despite the challenges and hardships that Emily faced, she never lost her sense of hope and determination.

As Olivia finishes reading the diary, she feels a sense of awe and gratitude for the stories that her great-grandmother shared with her. The diary becomes a treasured family heirloom, a reminder of the love and loss that shaped their family's history.","The irrelevant context in the prompt is ""The diary's cover is made of leather and has a lock on it."" This information seems to imply that the diary may be locked and potentially difficult to open, but the prompt does not ask about how Olivia opens the diary or if the lock has any significance. It seems to be a detail that is not directly related to the main question of what Olivia finds in the diary.",0.58187664,0.60376877,0.67650527,30.216063737869263
meta-llama/Llama-3.1-8B-Instruct,What is the chemical symbol for tin?,The chemical symbol for tin is a symbol that has been used for centuries and is often associated with soldering and electronics. The symbol is also used in packaging and plating. What is the chemical symbol for tin?,"Identify the irrelevant context in the prompt: ""The chemical symbol for tin is a symbol that has been used for centuries and is often associated with soldering and electronics. The symbol is also used in packaging and plating. What is the chemical symbol for tin?""",The symbol's association with soldering and electronics. The symbol's use in packaging and plating.,Sn,The chemical symbol for tin is Sn.,"The chemical symbol for tin is Sn. It is a Latin word for tin,'stannum', which is where the symbol originates. Tin has been used for various purposes, including soldering, electronics, packaging, and plating, as you mentioned.","The irrelevant context in the prompt is the information about soldering and electronics, packaging, and plating. While these topics are related to tin, the main question being asked is simply the chemical symbol for tin. The other information provided is supplementary and could be removed without affecting the answer to the main question.

The main question could be answered more directly with just the following sentence:

""The chemical symbol for tin is Sn.""",0.5547637,0.36752206,0.47948393,5.288175106048584
meta-llama/Llama-3.1-8B-Instruct,What is the largest river in the world?,The largest river in the world is a river that is known for its vast length and is home to numerous aquatic species. The river's source is in the mountains and it flows through several countries. What is the largest river in the world?,"Identify the irrelevant context in the prompt: ""The largest river in the world is a river that is known for its vast length and is home to numerous aquatic species. The river's source is in the mountains and it flows through several countries. What is the largest river in the world?""",The river's source being in the mountains. The river flowing through several countries.,Nile,"The largest river in the world is the Nile River.  It is approximately 6,853 kilometers (4,258 miles) long and is located in northeastern Africa. The Nile River flows through 11 countries, including Egypt, Sudan, and Ethiopia, before emptying into the Mediterranean Sea.

However, some sources may also consider the Amazon River as the largest river in the world. The Amazon River is approximately 6,400 kilometers (4,000 miles) long and is located in South America. It flows through seven countries, including Brazil, Peru, and Colombia, before emptying into the Atlantic Ocean.

The length of a river can be difficult to measure accurately, and different sources may give different lengths for the same river. However, both the Nile and Amazon rivers are generally considered to be among the longest and largest rivers in the world.

It's worth noting that the Amazon River is actually considered the largest river in the world by discharge volume, which is the amount of water that flows through the river per second. The Amazon River has a discharge volume of approximately 209,000 cubic meters per second, while the Nile River has a discharge volume of approximately 2,800 cubic meters per second.","The largest river in the world is the Nile River.  However, in terms of length, the longest river in the world is the Nile River, but some may argue that the longest river is the Amazon River. 

The Nile River is approximately 6,695 kilometers (4,160 miles) long. It originates from two main tributaries: the White Nile and the Blue Nile. The White Nile originates from Lake Victoria in Tanzania, while the Blue Nile originates from Ethiopia. The two rivers meet near the Sudanese capital of Khartoum.

The Amazon River is approximately 6,400 kilometers (4,000 miles) long and is the largest river in the world by discharge volume. It originates in the Andes Mountains in Peru and flows through Brazil, Colombia, and other countries before emptying into the Atlantic Ocean.

However, the Amazon River's length is disputed and some sources may list it as the second-longest river in the world after the Nile River.","The irrelevant context in the prompt is ""The river's source is in the mountains and it flows through several countries."" 

This information is not directly relevant to identifying the largest river in the world, as it only describes the river's origin and path. To identify the largest river, one would need to know its length, which is mentioned in the first sentence.",0.48949006,0.5110362,0.69045264,18.577742099761963
meta-llama/Llama-3.1-8B-Instruct,"In the story, a character named Ethan discovers a hidden message in his favorite book. What does Ethan find in the message?","In the story, a character named Ethan discovers a hidden message in his favorite book. The book is a classic novel that has been passed down through generations of Ethan's family. The book's cover is made of leather and has a golden lock on it. What does Ethan find in the message?","Identify the irrelevant context in the prompt: ""In the story, a character named Ethan discovers a hidden message in his favorite book. The book is a classic novel that has been passed down through generations of Ethan's family. The book's cover is made of leather and has a golden lock on it. What does Ethan find in the message?""",The book being a classic novel and its history. The book's cover being made of leather and having a golden lock on it.,Ethan finds a hidden message,"I'd be happy to continue the story for you. 

Ethan had always been fascinated by the old leather-bound book that had been passed down to him from his grandfather. The book was a classic tale of adventure and bravery, but Ethan had always felt like there was something more to it. As he carefully turned the pages, he noticed a small, almost imperceptible line of text that seemed to be hidden from view.

Intrigued, Ethan decided to take a closer look. He used a magnifying glass to examine the page more closely, and as he did, the hidden message began to reveal itself. It was a cryptic message, written in a code that Ethan didn't recognize.

Determined to decipher the message, Ethan spent hours poring over the book, searching for any clues that might help him understand the code. Finally, after days of research, he discovered that the code was a simple substitution cipher, where each letter had been replaced by a different letter a fixed number of positions down the alphabet.

With the code cracked, Ethan was able to reveal the hidden message. It read:

""To find the truth, look to the stars.
Follow the constellation of the great bear.
Where the North Star shines bright,
You will find the key to the next stage.""

Ethan was amazed by the discovery. He had always felt a connection to the book, but he had never suspected that it held a secret message. He felt like he was on the verge of a great adventure, and he couldn't wait to see where the message would lead him.

With a sense of excitement and curiosity, Ethan set out to follow the instructions in the message. He spent hours gazing up at the night sky, searching for the constellation of the great bear. And when he finally found it, he felt a sense of wonder and awe at the vastness of the universe.

As he looked up at the stars, Ethan felt a sense of connection to the unknown, and he knew that he was on the path to discovering something truly special.","As Ethan carefully opens the golden lock on the leather-bound book, a faint scent of old parchment and leather wafts out. He gently turns the pages, his eyes scanning the familiar words of the classic novel. But as he reaches a specific passage, he notices something peculiar - a slight discrepancy in the text. It appears to be a faint, almost imperceptible, scribble in the margin.

Ethan's heart beats faster as he uses a magnifying glass to examine the scribble more closely. It's a message, hidden in plain sight, that reads:

""For the eyes of the keeper, seek the truth in the reflection of the moon on the night of the summer solstice. The answer lies within the shadows of the family tree.""

Ethan's mind is racing with questions and theories. What does this message mean? Is it a reference to a specific event or a hidden family secret? He feels a sense of excitement and trepidation as he realizes that this message may be connected to the family's history and the mysterious golden lock on the book.

Determined to uncover the truth, Ethan begins to research the summer solstice and the symbolism of the moon's reflection. He also starts to investigate the family tree, looking for any clues or connections that might lead him to the answer. Little does he know, this discovery is only the beginning of a thrilling adventure that will take him on a journey through his family's history and secrets.","The irrelevant context in the prompt is:

- The book's cover is made of leather and has a golden lock on it.

This detail, although interesting, does not directly contribute to the main question of what Ethan finds in the hidden message. It could be a descriptive detail to help set the scene, but it's not essential to the plot or the answer to the question.",0.63964283,0.58954644,0.657596,28.199607849121094
meta-llama/Llama-3.1-8B-Instruct,What is the chemical symbol for lead?,The chemical symbol for lead is a symbol that has been used for centuries and is often associated with batteries and radiation. The symbol is also used in plumbing and construction. What is the chemical symbol for lead?,"Identify the irrelevant context in the prompt: ""The chemical symbol for lead is a symbol that has been used for centuries and is often associated with batteries and radiation. The symbol is also used in plumbing and construction. What is the chemical symbol for lead?""",The symbol's association with batteries and radiation. The symbol's use in plumbing and construction.,Pb,The chemical symbol for lead is Pb.,"The chemical symbol for lead is Pb. This symbol has been used for centuries and is derived from the Latin word ""plumbum,"" which was the ancient Roman term for lead. As you mentioned, lead is often associated with batteries, radiation, plumbing, and construction due to its widespread use in these fields.","The irrelevant context in the prompt is:

- ""The symbol is also used in plumbing and construction.""

While lead is indeed used in plumbing and construction, this information is not directly related to the question of the chemical symbol for lead. The question is asking for the chemical symbol, and the provided context already mentions that the symbol has been used for centuries and is associated with batteries and radiation. The additional information about plumbing and construction is a tangential detail.",0.5333531,0.2697466,0.6968117,5.903656005859375
meta-llama/Llama-3.1-8B-Instruct,What is the largest desert in the world?,The largest desert in the world is a desert that is known for its extreme heat and is home to numerous unique species. The desert's sand dunes are massive and can reach heights of over 100 feet. What is the largest desert in the world?,"Identify the irrelevant context in the prompt: ""The largest desert in the world is a desert that is known for its extreme heat and is home to numerous unique species. The desert's sand dunes are massive and can reach heights of over 100 feet. What is the largest desert in the world?""",The desert's extreme heat and unique species. The desert's sand dunes being massive and reaching heights of over 100 feet.,Antarctic,"The largest desert in the world is the Antarctic Desert.  It covers an area of about 14 million km² (5.4 million sq mi), which is roughly the size of the United States and Mexico combined. However, it is often overlooked because it is not a hot desert, but a cold desert.","The largest desert in the world is actually the Antarctic Desert. It covers an area of about 14 million square kilometers (5.4 million square miles), which is roughly 98% of the Antarctic continent. The Antarctic Desert is known for its extreme cold, not heat, and is home to several unique and adapted species that are able to survive in this harsh environment.

However, if you're referring to a hot desert, the largest one is the Sahara Desert, which covers most of North Africa. It spans across several countries, including Algeria, Chad, Egypt, Libya, Mali, Mauritania, Morocco, Niger, and Tunisia. The Sahara Desert is indeed known for its extreme heat and massive sand dunes, some of which can reach heights of over 180 meters (590 feet).","The irrelevant context in the prompt is ""The desert's sand dunes are massive and can reach heights of over 100 feet."" 

This sentence is describing a characteristic of the desert, but it's not directly answering the question ""What is the largest desert in the world?"" The information about the sand dunes could be relevant in a broader discussion about the desert, but it doesn't provide any new information that would help identify the largest desert in the world.",0.31982118,0.34123778,0.6716548,11.427479267120361
meta-llama/Llama-3.1-8B-Instruct,"In the story, a character named Ava discovers a hidden garden in her neighborhood. What does Ava find in the garden?","In the story, a character named Ava discovers a hidden garden in her neighborhood. The garden is filled with beautiful flowers and trees and is home to numerous birds and bees. The garden's fence is made of wooden pickets and has a small gate. What does Ava find in the garden?","Identify the irrelevant context in the prompt: ""In the story, a character named Ava discovers a hidden garden in her neighborhood. The garden is filled with beautiful flowers and trees and is home to numerous birds and bees. The garden's fence is made of wooden pickets and has a small gate. What does Ava find in the garden?""",The garden being filled with beautiful flowers and trees. The garden's fence being made of wooden pickets and having a small gate.,Ava finds a hidden garden,"Since you didn't provide any specific details about the story, I'll create a possible scenario for you.

In the hidden garden, Ava discovers a treasure trove of secrets and wonders. As she steps through the overgrown entrance, she's immediately struck by the vibrant colors and sweet scents that fill the air. The garden, it seems, has been locked away for years, and Ava is the first person to set foot in it in a long time.

As she explores the garden, Ava comes across a variety of unexpected delights. She finds a small pond, its surface reflecting the bright blue sky above, surrounded by a ring of delicate water lilies. A nearby bench, weathered to a soft gray, invites her to sit and take in the tranquil atmosphere.

Ava also discovers a small greenhouse, its glass walls covered in a tapestry of vines and flowers. Inside, she finds a collection of rare and exotic plants, each one more beautiful than the last. She spends hours examining the different species, learning about their properties and uses.

As she continues to explore, Ava stumbles upon a small, hidden path that winds its way through the garden. The path leads her to a beautiful, antique fountain, its stone surface adorned with intricate carvings of leaves and flowers. The sound of gently flowing water fills the air, creating a soothing melody that seems to match the rhythm of Ava's heart.

As the sun begins to set, Ava settles down on a nearby blanket, surrounded by the sights and sounds of the hidden garden. She feels a deep sense of connection to this secret world, and she knows that she'll return again and again to explore its secrets and marvel at its beauty.","Since you didn't provide any specific details about what Ava finds in the garden, I'll provide a general description based on the information you provided.

As Ava explores the hidden garden, she discovers a serene and vibrant oasis in the midst of her bustling neighborhood. The garden is teeming with life, and she finds:

1. **A variety of colorful flowers**: Ava sees a mix of annuals and perennials, including roses, daisies, sunflowers, and lavender, which add a pop of color and fragrance to the garden.
2. **Tall trees**: The garden is home to mature trees, such as oak, maple, or willow, which provide shade and create a sense of tranquility.
3. **Birds and bees**: As you mentioned, the garden is a haven for birds and bees, which Ava observes flitting about, collecting nectar and pollen from the flowers.
4. **A wooden fence**: The garden's fence is indeed made of wooden pickets, which adds a charming, rustic touch to the space.
5. **A small gate**: Ava finds a small gate, which might be locked or unlocked, depending on the story's progression.
6. **Hidden pathways**: As she explores the garden, Ava might discover winding pathways, benches, or other features that invite her to linger and enjoy the peaceful atmosphere.
7. **Secrets and surprises**: Depending on the story's direction, Ava might stumble upon hidden treasures, such as a secret bench, a hidden statue, or a mysterious inscription on a tree.

Feel free to add more details or modify the story to suit your creative vision!","The irrelevant context in the prompt is ""The garden's fence is made of wooden pickets and has a small gate."" 

This information about the garden's fence and gate is not directly related to the main question of what Ava finds in the garden. It provides additional details about the garden's physical appearance, but it does not contribute to the resolution of the question.",0.70327276,0.7465422,0.71369,27.029233932495117
meta-llama/Llama-3.1-8B-Instruct,What is the chemical symbol for mercury?,The chemical symbol for mercury is a symbol that has been used for centuries and is often associated with thermometers and fluorescent lighting. The symbol is also used in dental fillings and batteries. What is the chemical symbol for mercury?,"Identify the irrelevant context in the prompt: ""The chemical symbol for mercury is a symbol that has been used for centuries and is often associated with thermometers and fluorescent lighting. The symbol is also used in dental fillings and batteries. What is the chemical symbol for mercury?""",The symbol's association with thermometers and fluorescent lighting. The symbol's use in dental fillings and batteries.,Hg,The chemical symbol for mercury is Hg.,"The chemical symbol for mercury is Hg. This symbol has been used for centuries and is derived from the Latin word ""hydrargyrum,"" which is where the name mercury originates.","The irrelevant context in the prompt is the mention of ""thermometers and fluorescent lighting,"" ""dental fillings,"" and ""batteries."" 

These examples are actually relevant to the chemical properties and uses of mercury, but they do not directly answer the question of what the chemical symbol for mercury is. The question is asking for the chemical symbol itself, not its uses or associations.",0.4768661,0.39644912,0.660442,4.609241962432861
meta-llama/Llama-3.1-8B-Instruct,What is the largest mountain in the world?,The largest mountain in the world is a mountain that is known for its extreme height and is home to numerous unique species. The mountain's peak is covered in snow and ice and is a popular destination for climbers. What is the largest mountain in the world?,"Identify the irrelevant context in the prompt: ""The largest mountain in the world is a mountain that is known for its extreme height and is home to numerous unique species. The mountain's peak is covered in snow and ice and is a popular destination for climbers. What is the largest mountain in the world?""",The mountain's peak being covered in snow and ice. The mountain being a popular destination for climbers.,Mauna Kea,"The largest mountain in the world is Mauna Kea, a dormant volcano located in Hawaii, United States. It stands at a height of over 10,200 meters (33,465 feet) above sea level. However, if we consider its base to its summit, Mauna Kea is approximately 9,700 meters (31,800 feet) tall, but from its base on the ocean floor, it rises over 10,200 meters.","The largest mountain in the world is actually a matter of interpretation, as there are different ways to measure the size of a mountain. However, based on the height of its peak above sea level, the largest mountain in the world is Mount Everest, located in the Himalayas on the border between Nepal and Tibet, China. It stands at a height of 8,848.86 meters (29,031.7 feet) above sea level.

Mount Everest is known for its extreme height and is home to numerous unique species, including the Himalayan jump spider, the snow leopard, and the bar-headed goose. The mountain's peak is covered in snow and ice, making it a challenging and popular destination for climbers.

However, if we consider the largest mountain in the world by volume, the answer would be Mauna Loa, located in Hawaii, USA. It stands at a height of 4,169 meters (13,678 feet) above sea level, but its base is over 5,000 meters (16,400 feet) below sea level, making it the largest mountain in the world in terms of volume.","The irrelevant context in the prompt is ""The mountain's peak is covered in snow and ice and is a popular destination for climbers."" 

This information, while interesting, does not directly answer the question of which mountain is the largest in the world. It provides additional details about the mountain's characteristics and its popularity among climbers, but it does not provide the necessary information to identify the largest mountain.",0.49326873,0.20251296,0.71807677,14.427052021026611
meta-llama/Llama-3.1-8B-Instruct,"In the story, a character named Liam discovers a hidden cave behind a waterfall. What does Liam find in the cave?","In the story, a character named Liam discovers a hidden cave behind a waterfall. The cave is filled with beautiful crystals and rocks and is home to numerous unique species. The cave's entrance is hidden behind a curtain of vines and moss. What does Liam find in the cave?","Identify the irrelevant context in the prompt: ""In the story, a character named Liam discovers a hidden cave behind a waterfall. The cave is filled with beautiful crystals and rocks and is home to numerous unique species. The cave's entrance is hidden behind a curtain of vines and moss. What does Liam find in the cave?""",The cave being filled with beautiful crystals and rocks. The cave's entrance being hidden behind a curtain of vines and moss.,Liam finds a hidden cave,"There are many possible directions this story could take. Here are a few options:

1. **Treasure or Ancient Relics**: Liam discovers a hidden chamber deep within the cave, filled with ancient artifacts, gold coins, or precious jewels. This could be a long-lost treasure from a previous civilization, or perhaps a hidden stash from a pirate or explorer.
2. **A Mysterious Crystal**: Inside the cave, Liam finds a glowing crystal that seems to pulse with an otherworldly energy. As he touches it, he feels a strange connection to the crystal, and begins to experience vivid visions or prophetic dreams.
3. **A Hidden Underground River**: The cave leads to a vast underground river, which flows through a network of tunnels and caverns. Liam discovers that the river is home to a variety of unique and exotic aquatic life, and begins to explore the river's secrets.
4. **A Secret Laboratory**: Liam stumbles upon a hidden laboratory, where a group of scientists have been conducting secret experiments. He discovers that they have been working on a revolutionary new technology, or perhaps a cure for a deadly disease.
5. **A Magical Portal**: The cave leads to a magical portal, which transports Liam to a different dimension or world. He finds himself in a strange and fantastical realm, where he must navigate new challenges and encounter magical creatures.
6. **A Hidden Diary or Journal**: Liam discovers a hidden diary or journal, belonging to a previous explorer or adventurer who had also discovered the cave. As he reads through the journal, he learns about the history of the cave, and the secrets that lie within.
7. **A Hidden City**: The cave leads to a hidden city, where a group of people have been living in secret for centuries. Liam discovers that the city is home to a unique culture and way of life, and begins to learn about their customs and traditions.

These are just a few possibilities, but the story could take many other directions depending on the tone and themes you want to explore.","As Liam steps into the hidden cave, he's immediately struck by the breathtaking beauty that surrounds him. The air is cool and damp, filled with the sweet scent of moss and the faint hint of minerals. The cave's walls and ceiling are adorned with a dazzling array of crystals, their facets glinting in the soft light that filters through the vines and moss outside.

As he makes his way deeper into the cave, Liam notices that the crystals are not the only unique feature. The walls are home to a variety of bioluminescent plants and fungi, which emit a soft, ethereal glow. The light is so soft that it's almost hypnotic, making it difficult for Liam to look away.

As he explores further, Liam comes across a variety of unique species that he's never seen before. There are iridescent fish swimming in the crystal-clear waters that flow through the cave, their scales shimmering in the soft light. He also sees a variety of insects, some of which have evolved to mimic the crystals, making it difficult to distinguish between the two.

Liam also discovers a variety of unique rock formations, some of which have been shaped by the constant flow of water through the cave. He sees towering stalactites and stalagmites, as well as delicate, lace-like formations that have been created by the slow and patient action of mineral-rich water.

As he explores the cave, Liam begins to notice that the unique species and formations are not just random occurrences. They seem to be connected, as if they're part of a larger ecosystem that's been shaped by the cave's unique environment. He starts to realize that the cave is not just a collection of beautiful formations and species, but a living, breathing entity that's been shaped by the forces of nature over millions of years.

Liam spends hours exploring the cave, marveling at its beauty and complexity. He feels as though he's stumbled into a hidden world, one that's been hidden from the rest of the world for millions of years. As he makes his way back to the entrance, he feels a sense of awe and wonder that he's never experienced before. He knows that he'll never forget this discovery, and he can't wait to share it with the world.","The irrelevant context in the prompt is ""The cave's entrance is hidden behind a curtain of vines and moss."" This detail is already mentioned in the original story (In the story, a character named Liam discovers a hidden cave behind a waterfall). The prompt already states that the cave is hidden behind a waterfall, so mentioning the entrance being hidden behind a curtain of vines and moss is repetitive and unnecessary.",0.5338283,0.66693985,0.6890614,34.16380190849304
meta-llama/Llama-3.1-8B-Instruct,What is the chemical symbol for carbon?,The chemical symbol for carbon is a symbol that has been used for centuries and is often associated with diamonds and graphite. The symbol is also used in chemistry and physics. What is the chemical symbol for carbon?,"Identify the irrelevant context in the prompt: ""The chemical symbol for carbon is a symbol that has been used for centuries and is often associated with diamonds and graphite. The symbol is also used in chemistry and physics. What is the chemical symbol for carbon?""",The symbol's association with diamonds and graphite. The symbol's use in chemistry and physics.,C,The chemical symbol for carbon is C.,"The chemical symbol for carbon is C. It is a one-letter symbol that has been widely used in chemistry and physics for centuries. The symbol C is often associated with diamonds and graphite, which are both forms of pure carbon.","The irrelevant context in the prompt is:

- ""The symbol is also used in chemistry and physics.""

This information is not directly relevant to answering the question ""What is the chemical symbol for carbon?"" The main focus of the prompt is to identify the chemical symbol for carbon, and the additional information about its usage in chemistry and physics is a tangential detail.",0.4372457,0.29799032,0.5863525,4.60322380065918
meta-llama/Llama-3.1-8B-Instruct,What is the largest island in the world?,The largest island in the world is an island that is known for its unique wildlife and is home to numerous unique species. The island's capital is Nuuk and it is a popular destination for tourists. What is the largest island in the world?,"Identify the irrelevant context in the prompt: ""The largest island in the world is an island that is known for its unique wildlife and is home to numerous unique species. The island's capital is Nuuk and it is a popular destination for tourists. What is the largest island in the world?""",The island's capital being Nuuk. The island being a popular destination for tourists.,Greenland,"Greenland is the largest island in the world. It has a total area of about 2,166,086 km² (836,330 sq mi) and is an autonomous territory within the Kingdom of Denmark.","The largest island in the world is actually Greenland. It is known for its unique and diverse wildlife, including polar bears, musk oxen, and arctic foxes. The capital of Greenland is indeed Nuuk, which is a popular destination for tourists due to its stunning natural beauty, rich Inuit culture, and exciting outdoor activities such as hiking, kayaking, and dog sledding.","The irrelevant context in the prompt is ""The island's capital is Nuuk and it is a popular destination for tourists."" 

This information is not directly related to answering the question ""What is the largest island in the world?"" Nuuk is actually the capital of Greenland, which is a large island. However, the mention of the capital and tourism information is unnecessary and distracts from the main question.",0.6202842,0.6198305,0.81507087,7.4548845291137695
meta-llama/Llama-3.1-8B-Instruct,"In the story, a character named Sophia discovers a hidden journal in her attic. What does Sophia find in the journal?","In the story, a character named Sophia discovers a hidden journal in her attic. The journal belongs to her great-aunt and is filled with stories of love and loss. The journal's cover is made of leather and has a small lock on it. What does Sophia find in the journal?","Identify the irrelevant context in the prompt: ""In the story, a character named Sophia discovers a hidden journal in her attic. The journal belongs to her great-aunt and is filled with stories of love and loss. The journal's cover is made of leather and has a small lock on it. What does Sophia find in the journal?""",The journal belonging to Sophia's great-aunt. The journal's cover being made of leather and having a small lock on it.,Sophia finds stories of love and loss,"As Sophia carefully opens the old, leather-bound journal, she discovers it belongs to her great-grandmother, Elizabeth. The journal appears to have been written over a century ago.

As Sophia begins to read the journal, she finds that Elizabeth was a young woman living during a time of great change and upheaval. The journal reveals Elizabeth's hopes, dreams, and fears, as well as her experiences and relationships.

One of the most significant discoveries Sophia makes is that Elizabeth had a secret romance with a man named James, who was from a different social class. The journal reveals the challenges they faced due to their social differences and the risks they took to be together.

Sophia also learns about Elizabeth's struggles during World War I, as she worked as a nurse and witnessed the devastating effects of the war on those around her. The journal provides a unique perspective on this pivotal moment in history.

Throughout the journal, Sophia finds handwritten recipes, poetry, and sketches, which give her a glimpse into Elizabeth's creative side. She also discovers that Elizabeth was a strong-willed and independent woman who defied convention and followed her heart.

As Sophia continues to read the journal, she becomes increasingly fascinated by her great-grandmother's life and experiences. The journal becomes a window into the past, allowing Sophia to connect with her ancestors and understand her own heritage in a new and meaningful way.

The journal also reveals that Elizabeth had a child out of wedlock, and that the child was given up for adoption. Sophia is shocked by this revelation, as she had never known about this part of her family's history.

As Sophia delves deeper into the journal, she begins to uncover a family secret that has been hidden for generations. The journal becomes a catalyst for Sophia to learn more about her family's past and to explore her own identity and sense of belonging.","As Sophia carefully opens the old journal, she's met with the musty scent of aged paper and the creak of the leather cover. The lock on the journal, although old and worn, still holds a hint of mystery. She gently turns the pages, revealing handwritten entries in a beautiful, cursive script.

The journal is a window into her great-aunt's life, filled with stories of love, loss, and resilience. Sophia discovers that her great-aunt's name was Elizabeth, and she was a strong-willed and determined woman who lived through two world wars.

As Sophia reads through the journal, she learns about Elizabeth's first love, a young man named James who was killed in action during World War I. Elizabeth's entries are filled with grief and longing, but also with a sense of hope and determination. She writes about finding solace in her work as a nurse and about the friends she made during her time in the war.

Sophia also discovers that Elizabeth had a second love, a man named Thomas who she met after the war. Their love story is one of second chances and new beginnings. Elizabeth writes about the joy and happiness that Thomas brought into her life, and about the struggles they faced as they built a life together.

However, tragedy strikes again, and Thomas is killed in a car accident. Elizabeth's entries become increasingly melancholic, but she also writes about finding strength in her faith and in the love that she shared with Thomas.

As Sophia reads through the journal, she feels a deep connection to her great-aunt's story. She realizes that Elizabeth's experiences are not just a part of history, but also a part of her own family's history. The journal becomes a treasured family heirloom, a reminder of the love and loss that has shaped their family's story.

Sophia's discovery of the journal is a catalyst for her own journey of self-discovery. She begins to see her great-aunt in a new light, as a strong and resilient woman who faced incredible challenges with courage and determination. The journal becomes a source of inspiration and guidance for Sophia, reminding her of the importance of love, family, and resilience in the face of adversity.","The irrelevant context in the prompt is ""The journal's cover is made of leather and has a small lock on it."" 

This detail, although interesting, does not provide any direct information about what Sophia finds in the journal. It only describes the physical properties of the journal, which might be relevant to the story's plot or setting but is not directly related to the discovery or content of the journal.",0.6556052,0.7228924,0.79526925,32.31446886062622
meta-llama/Llama-3.1-8B-Instruct,What is the chemical symbol for oxygen?,The chemical symbol for oxygen is a symbol that has been used for centuries and is often associated with breathing and respiration. The symbol is also used in chemistry and biology. What is the chemical symbol for oxygen?,"Identify the irrelevant context in the prompt: ""The chemical symbol for oxygen is a symbol that has been used for centuries and is often associated with breathing and respiration. The symbol is also used in chemistry and biology. What is the chemical symbol for oxygen?""",The symbol's association with breathing and respiration. The symbol's use in chemistry and biology.,O,The chemical symbol for oxygen is O.,The chemical symbol for oxygen is O.,"The irrelevant context in the prompt is ""The symbol is also used in chemistry and biology."" This information is already implied by the question itself, as it asks for the chemical symbol for oxygen. The statement doesn't add any new information and could be removed without changing the meaning of the prompt.",0.26568133,0.26568133,0.57143784,2.807145595550537
meta-llama/Llama-3.1-8B-Instruct,Who is the main character in the story of a girl who learns to sing?,The main character in the story of a girl who learns to sing is a young girl who loves music and has a passion for opera. The girl's favorite singer is a famous soprano and she loves to listen to her performances. What is the main character's name?,"Identify the irrelevant context in the prompt: ""The main character in the story of a girl who learns to sing is a young girl who loves music and has a passion for opera. The girl's favorite singer is a famous soprano and she loves to listen to her performances. What is the main character's name?""",The girl's love for opera and her favorite singer. The girl's passion for music.,The main character's name is not specified,"I'd be happy to help you, but you haven't provided a specific story about a girl learning to sing. There are many stories about girls learning to sing, so could you please provide more context or information about the story you are referring to?",I can't answer your question.,"The irrelevant context in the prompt is ""The main character in the story of a girl who learns to sing is a young girl who loves music and has a passion for opera."" This information is already given in the prompt itself, and the question is asking for the main character's name. The additional context is redundant and not necessary to answer the question.",0.03519425,0.065485425,0.6638402,4.718552350997925
meta-llama/Llama-3.1-8B-Instruct,What is the largest waterfall in the world?,The largest waterfall in the world is a waterfall that is known for its massive size and is home to numerous unique species. The waterfall's source is in the mountains and it flows into a large lake. What is the largest waterfall in the world?,"Identify the irrelevant context in the prompt: ""The largest waterfall in the world is a waterfall that is known for its massive size and is home to numerous unique species. The waterfall's source is in the mountains and it flows into a large lake. What is the largest waterfall in the world?""",The waterfall's source being in the mountains. The waterfall flowing into a large lake.,Inga Falls,"The largest waterfall in the world, by volume of water, is actually a bit of a disputed topic, as the definition of a ""waterfall"" can vary. However, according to the Guinness World Records, the largest waterfall in the world is actually the Inga Falls, located on the Congo River in the Democratic Republic of the Congo.

Inga Falls is a series of rapids and cataracts that stretches for about 15 kilometers (9 miles). It has an average flow rate of 12,000 cubic meters per second, which is significantly higher than other notable waterfalls like Victoria Falls or Iguazu Falls.

However, if we're talking about the highest uninterrupted waterfall, that title belongs to the Angel Falls in Venezuela, which drops 979 meters (3,212 feet) from a plateau to the base of the falls.

And, if we're talking about the widest waterfall, that title belongs to the Iguazu Falls on the border of Argentina and Brazil, which spans over 1.7 kilometers (1.1 miles) wide.

So, the largest waterfall in the world can be defined in different ways, but Inga Falls is generally considered the largest by volume of water.","The largest waterfall in the world is actually a matter of debate, as it depends on how one defines a ""waterfall."" However, the most commonly cited largest waterfall in the world is actually the Inga Falls, located on the Congo River in the Democratic Republic of Congo. However, this waterfall is often not considered the largest because it is a series of rapids rather than a single large waterfall.

A more commonly accepted answer is actually the Iguazu Falls, which is located on the border of Argentina and Brazil. However, the largest waterfall in the world by volume is actually the Inga Falls, however this is a series of rapids rather than a single large waterfall.

The largest single-drop waterfall in the world is actually the Angel Falls, located in Venezuela, however this is not the largest waterfall by volume.

The largest waterfall in the world by volume and size is actually the Inga Falls, however this is a series of rapids rather than a single large waterfall.","The irrelevant context in the prompt is ""The waterfall's source is in the mountains and it flows into a large lake."" 

This information, although related to the waterfall, does not directly answer the question of what the largest waterfall in the world is. It provides additional details about the waterfall's location and flow, but it does not identify the specific waterfall being described. 

To answer the question, the prompt would need to include the name or a more specific description of the waterfall, such as ""Victoria Falls"" or ""Iguazu Falls.""",0.5059283,0.40985975,0.6814826,19.892723321914673
meta-llama/Llama-3.1-8B-Instruct,"In the story, a character named Julian discovers a hidden key in his pocket. What does Julian find with the key?","In the story, a character named Julian discovers a hidden key in his pocket. The key is old and rusty and has a tag attached to it with a mysterious message. The key's history is unknown and it is said to unlock a secret door. What does Julian find with the key?","Identify the irrelevant context in the prompt: ""In the story, a character named Julian discovers a hidden key in his pocket. The key is old and rusty and has a tag attached to it with a mysterious message. The key's history is unknown and it is said to unlock a secret door. What does Julian find with the key?""",The key being old and rusty. The key's history being unknown and its ability to unlock a secret door.,Julian finds a secret door,"Unfortunately, I don't have any information about a specific story featuring a character named Julian and a hidden key. Can you please provide more context or details about the story? I'll be happy to help you find out what Julian finds with the key.","As Julian carefully examined the old, rusty key, he turned the tag over in his hand, studying the mysterious message etched onto it. The words ""For the keeper of the shadows"" seemed to dance in the dim light, sending a shiver down his spine.

Determined to uncover the secrets of the key, Julian decided to search his family's old mansion, which had been in their family for generations. He had always been fascinated by the rumors of hidden rooms and secret passages that supposedly existed within its walls.

After hours of searching, Julian finally found a small, intricately carved door hidden behind a bookshelf in the library. The door was cleverly concealed, and only a faint glow emanating from a small keyhole hinted at its existence.

Julian inserted the key into the keyhole, and with a soft click, the door swung open, revealing a narrow stairway that descended into darkness. He hesitated for a moment, wondering what secrets lay hidden below, but his curiosity got the better of him.

As he made his way down the stairs, the air grew colder, and the silence was oppressive. Julian fumbled for his phone to light the way, but the light only seemed to make the shadows dance more menacingly around him.

At the bottom of the stairs, he found himself in a small, dimly lit room filled with dusty artifacts and ancient relics. In the center of the room, a large, ornate box sat atop a pedestal, adorned with strange symbols and markings.

Julian approached the box cautiously, feeling a sense of trepidation. He lifted the lid, and a faint hum filled the air. Inside, he found a collection of ancient artifacts, including a golden amulet, a crystal orb, and a leather-bound book.

The book, bound in black leather, seemed to radiate an otherworldly energy. As Julian opened it, the pages began to turn on their own, revealing cryptic messages and ancient incantations. He felt a shiver run down his spine as he realized that he had stumbled upon something much bigger than he could have ever imagined.

The key, it seemed, was more than just a simple lock-pick. It was a key to unlocking a world of secrets, hidden knowledge, and ancient mysteries. Julian's discovery had set him on a path that would change his life forever, and he couldn't help but wonder what other secrets lay hidden, waiting to be uncovered.","The irrelevant context in the prompt is ""The key's history is unknown and it is said to unlock a secret door."" 

This sentence is setting up an expectation for the story to follow a specific plot, but it doesn't contribute to the immediate question being asked, which is ""What does Julian find with the key?"" The sentence is more of a setup for a potential future event rather than providing information relevant to the question at hand.",0.6815989,0.73645127,0.52894175,22.98350429534912
meta-llama/Llama-3.1-8B-Instruct,What is the chemical symbol for nitrogen?,The chemical symbol for nitrogen is a symbol that has been used for centuries and is often associated with fertilizers and agriculture. The symbol is also used in chemistry and physics. What is the chemical symbol for nitrogen?,"Identify the irrelevant context in the prompt: ""The chemical symbol for nitrogen is a symbol that has been used for centuries and is often associated with fertilizers and agriculture. The symbol is also used in chemistry and physics. What is the chemical symbol for nitrogen?""",The symbol's association with fertilizers and agriculture. The symbol's use in chemistry and physics.,N,The chemical symbol for nitrogen is N.,The chemical symbol for nitrogen is N.,"The irrelevant context in the prompt is ""The symbol is also used in chemistry and physics."" This information, while related to the chemical symbol, is not directly answering the question of what the chemical symbol for nitrogen is. The main question is being asked, and this additional information is providing a tangential detail that is not necessary to answer the question.",0.29285184,0.29285184,0.5405667,3.203139066696167
meta-llama/Llama-3.1-8B-Instruct,What is the largest lake in the world?,The largest lake in the world is a lake that is known for its massive size and is home to numerous unique species. The lake's surface is covered in ice during the winter months and it is a popular destination for tourists. What is the largest lake in the world?,"Identify the irrelevant context in the prompt: ""The largest lake in the world is a lake that is known for its massive size and is home to numerous unique species. The lake's surface is covered in ice during the winter months and it is a popular destination for tourists. What is the largest lake in the world?""",The lake's surface being covered in ice during the winter months. The lake being a popular destination for tourists.,Caspian Sea,"The largest lake in the world is the Caspian Sea, which is located between Europe and Asia. It has a surface area of approximately 371,000 square kilometers (143,200 square miles) and a volume of about 78,200 cubic kilometers (18,800 cubic miles). The Caspian Sea is technically a saltwater lake, as it is landlocked and has no outlet to the ocean.","The largest lake in the world is actually a matter of debate, as there are two lakes that are often considered the largest, depending on the criteria used. 

However, if we consider the largest lake by surface area, the largest lake in the world is the Caspian Sea. The Caspian Sea has a surface area of approximately 371,000 square kilometers (143,200 square miles) and is located between Europe and Asia.

On the other hand, if we consider the largest lake by volume, the largest lake in the world is Lake Baikal, located in southern Siberia, Russia. Lake Baikal has a volume of approximately 23,615.39 cubic kilometers (5,671 cubic miles) and is the world's largest and deepest freshwater lake.

Both of these lakes are known for their unique species and are popular destinations for tourists. However, Lake Baikal is particularly famous for its crystal-clear waters and is home to over 2,500 species of plants and animals, many of which are found nowhere else in the world.","The irrelevant context in the prompt is the information about the lake's surface being covered in ice during the winter months and it being a popular destination for tourists. 

This information, while interesting, does not provide any direct answer to the question of what the largest lake in the world is. The main question is focused on identifying the lake itself, not its characteristics or tourist attractions.",0.6450149,0.45453984,0.75586236,13.518174886703491
meta-llama/Llama-3.1-8B-Instruct,"In the story, a character named Alexander discovers a hidden map in his grandfather's attic. What does Alexander find on the map?","In the story, a character named Alexander discovers a hidden map in his grandfather's attic. The map is old and yellowed and has a mysterious X marked on it. The map's history is unknown and it is said to lead to a hidden treasure. What does Alexander find on the map?","Identify the irrelevant context in the prompt: ""In the story, a character named Alexander discovers a hidden map in his grandfather's attic. The map is old and yellowed and has a mysterious X marked on it. The map's history is unknown and it is said to lead to a hidden treasure. What does Alexander find on the map?""",The map being old and yellowed. The map's history being unknown and its ability to lead to a hidden treasure.,Alexander finds a mysterious X marked on the map,"I'd be happy to continue the story for you. 

As Alexander carefully unrolls the old, yellowed map, he notices that it appears to be hand-drawn and dates back to the early 19th century. The map depicts a small, rural town surrounded by dense forests and winding rivers. At first glance, the map seems to be a simple representation of the local geography, but as Alexander studies it more closely, he notices several cryptic symbols and markings.

One symbol in particular catches his eye: a stylized image of a compass with an 'X' marked at its center. The 'X' appears to be located at the edge of the forest, near a small clearing. Alexander wonders if this might be a clue to a hidden treasure or a secret location.

As he continues to examine the map, Alexander notices a series of faint lines and arrows that seem to be pointing to a specific location. The lines appear to be a code, and Alexander is determined to decipher their meaning.

With a sense of excitement and curiosity, Alexander decides to investigate further. He begins to research the history of the town and the family's past, hoping to uncover the secrets hidden within the map. As he delves deeper into the mystery, he realizes that the map may be more than just a simple treasure map – it may hold the key to a family legacy that has been hidden for generations.","As Alexander carefully unrolls the old, yellowed map, he notices that it appears to be a hand-drawn illustration of the surrounding countryside. The map seems to be a mix of ancient cartography and local knowledge, with various symbols, markings, and annotations scattered throughout.

Upon closer inspection, Alexander discovers that the map is dated to the late 18th century, and it appears to be a reproduction of an even older map. The map is drawn on a piece of parchment, and the ink has faded over time, making it difficult to decipher.

The mysterious X marked on the map is located near a small village, surrounded by dense woods and a winding river. The X is accompanied by a small inscription, which reads: ""Terra Veritas"" or ""Land of Truth"" in Latin.

Alexander notices that the map also features various symbols, including a compass rose, a sun symbol, and a pair of crossed arrows. He wonders if these symbols might hold some significance, perhaps pointing to a specific direction or a hidden message.

As he continues to study the map, Alexander becomes increasingly fascinated by the possibilities it presents. He begins to imagine the adventures he could have, following the map to uncover the secrets it holds. The mystery of the map has captured his imagination, and he is determined to uncover the truth behind the hidden treasure.

With a sense of excitement and trepidation, Alexander decides to embark on a journey to follow the map and uncover the secrets it holds. He packs his bags, says goodbye to his family, and sets off into the unknown, ready to face whatever challenges lie ahead.","The irrelevant context in the prompt is ""The map's history is unknown and it is said to lead to a hidden treasure."" 

This information is already implied by the context of a hidden map leading to a treasure, and doesn't add any new information to the story. The actual relevant context is the discovery of the map, its appearance, and the mysterious X marked on it.",0.66146123,0.7582355,0.6797285,24.670313358306885
HumanLLMs/Human-Like-Qwen2.5-7B-Instruct,What is the capital of France?,The capital of France is a city known for its romantic atmosphere and beautiful art museums. The city is also famous for its fashion designers and delicious cuisine. What is the capital of France?,"Identify the irrelevant context in the prompt: ""The capital of France is a city known for its romantic atmosphere and beautiful art museums. The city is also famous for its fashion designers and delicious cuisine. What is the capital of France?""",The city's romantic atmosphere and beautiful art museums. The city's fashion designers and delicious cuisine.,Paris,"The capital of France is Paris! 🏙️ It's a city that never sleeps and is famous for lots of amazing things like the Eiffel Tower, Louvre Museum, and yummy croissants. 😋 🍰 🤪 🤩","The capital of France is Paris! 🏙️

Paris is definitely known for all those things you mentioned:
- Its romantic atmosphere (think bridges, parks, and cafes)
- Beautiful art museums like the Louvre and Musée d'Orsay
- Fashion designers (like Chanel, Louis Vuitton, and Dior)
- And, of course, amazing food and wine 🍴🍷

It's often called ""The City of Light"" (La Ville Lumière) and is one of the most visited cities in the world. 🌟 🇫🇷 🇦🇫","The irrelevant context in the prompt is:

- **""What is the capital of France?""** 

This question is already asked at the end and doesn't need to be repeated or stated again since it's clear from the beginning that you're talking about the capital of France. The rest of the information about the city's romantic atmosphere, art museums, fashion designers, and cuisine is relevant to identifying the capital.",0.5737443,0.53107584,0.44389513,6.206281900405884
HumanLLMs/Human-Like-Qwen2.5-7B-Instruct,Who wrote the famous novel 'To Kill a Mockingbird'?,The famous novel 'To Kill a Mockingbird' was written by an author who grew up in the southern United States and was influenced by the civil rights movement. The author's childhood home is now a museum. What is the author's name?,"Identify the irrelevant context in the prompt: ""The famous novel 'To Kill a Mockingbird' was written by an author who grew up in the southern United States and was influenced by the civil rights movement. The author's childhood home is now a museum. What is the author's name?""",The author's childhood home is now a museum. The author's influence from the civil rights movement.,Harper Lee,"""To Kill a Mockingbird"" was written by Harper Lee. It was published in 1960 and is considered one of the most important works of American literature. The book explores themes of racial injustice and moral growth through the eyes of its young protagonist, Scout Finch.","The author of ""To Kill a Mockingbird"" is Harper Lee! She grew up in Monroeville, Alabama, which inspired many elements of her writing. Her childhood home, now known as the Harper Lee Museum, is indeed a museum that visitors can tour to learn more about her life and work. 🏰📚","The irrelevant context in the prompt is:

- **""What is the author's name?""**

This question is already implied by the setup, so it doesn't need to be explicitly stated. The rest of the context provides all the necessary information to identify the author.

The relevant context is:
""The famous novel 'To Kill a Mockingbird' was written by an author who grew up in the southern United States and was influenced by the civil rights movement. The author's childhood home is now a museum.""

From this, we can deduce that the author is **Harper Lee**.",0.33237708,0.4366942,0.48082474,5.780591249465942
HumanLLMs/Human-Like-Qwen2.5-7B-Instruct,What is the largest planet in our solar system?,The largest planet in our solar system is a gas giant known for its distinctive red spot and massive storms. The planet's moons are also of great interest to astronomers. What is the largest planet in our solar system?,"Identify the irrelevant context in the prompt: ""The largest planet in our solar system is a gas giant known for its distinctive red spot and massive storms. The planet's moons are also of great interest to astronomers. What is the largest planet in our solar system?""",The planet's distinctive red spot and massive storms. The planet's moons being of interest to astronomers.,Jupiter,"The largest planet in our solar system is Jupiter! Here are some fun facts about it:

1. **Size**: Jupiter is so big that you could fit over 1,300 Earths inside it!

2. **Mass**: It's also the most massive planet, with about 318 times the mass of Earth.

3. **Rings**: Jupiter has a faint ring system, but it's much less noticeable than Saturn's rings.

4. **Moons**: It has at least 79 known moons, and many more are still being discovered! The four largest ones—Io, Europa, Ganymede, and Callisto—are called the Galilean moons because they were first seen by Galileo Galilei.

5. **Great Red Spot**: This is a giant storm bigger than Earth that's been raging for hundreds of years!

6. **Composition**: Jupiter is mostly made up of hydrogen and helium, just like the Sun!

So, Jupiter is definitely the king of our solar system when it comes to size! 🌠✨","The largest planet in our solar system is Jupiter! It's a gas giant famous for its Great Red Spot, which is a huge storm bigger than Earth that's been raging for hundreds of years. Jupiter also has many moons—47 confirmed ones so far, with the four largest being Io, Europa, Ganymede, and Callisto, often called the Galilean moons because they were discovered by Galileo Galilei.

Do you want to know more about Jupiter or its moons? 🤔 🚀 🌌","The irrelevant context in the prompt is:

- ""The planet's moons are also of great interest to astronomers.""

This information, while interesting, doesn't directly help identify the largest planet in our solar system. The key details needed to answer the question are already provided!",0.53362036,0.54392886,0.5722127,8.977203607559204
HumanLLMs/Human-Like-Qwen2.5-7B-Instruct,"In the story, a character named Jack discovers a hidden treasure on a deserted island. What does Jack find on the island?","In the story, a character named Jack discovers a hidden treasure on a deserted island. The island is said to have a curse that brings bad luck to those who visit. The island's sandy beaches and crystal-clear waters make it a perfect spot for relaxation. What does Jack find on the island?","Identify the irrelevant context in the prompt: ""In the story, a character named Jack discovers a hidden treasure on a deserted island. The island is said to have a curse that brings bad luck to those who visit. The island's sandy beaches and crystal-clear waters make it a perfect spot for relaxation. What does Jack find on the island?""",The island's curse and its effects on visitors. The island's sandy beaches and crystal-clear waters.,Jack finds a hidden treasure,"Wow, that sounds like an exciting adventure! What kind of treasure did Jack find? Was it gold and jewels, or something more mysterious like ancient artifacts or a secret diary? 😊 🏞️ 🤔 🕵️‍♂️ 🏴‍☠️ 🎭 🧙‍♂️ 🧬 🗺️ 📜 📦 🛥️ 🏖️ 🏄‍♂️ 🏴‍☠️ 🏴‍☠️ 🏴‍☠️ 🏴‍☠️ 🏴‍☠️ 🏴‍☠️ 🏴‍☠️ 🏴‍☠️ 🏴‍☠️ 🏴‍☠️ 🏴‍☠️ 🏴‍☠️ 🏴‍☠️ 🏴‍☠️ 🏴‍☠️ 🏴‍☠️ 🏴‍☠️ 🏴‍☠️ 🏴‍☠️ 🏴‍☠️ 🏴‍☠️ 🏴‍☠️ 🏴‍☠️ 🏴‍☠️ 🏴‍☠️ 🏴‍☠️ 🏴‍☠️ 🏴‍☠️ 🏴‍☠️ 🏴‍☠️ 🏴‍☠️ 🏴‍☠️ 🏴‍☠️ 🏴‍☠️ 🏴‍☠️ 🏴‍☠️ 🏴‍☠️ 🏴‍☠️ 🏴‍☠️ 🏴‍☠️ 🏴‍☠️ 🏴‍☠️ 🏴‍☠️ 🏴‍☠️ 🏴‍☠️ 🏴‍☠️ 🏴‍☠️ 🏴‍☠️ 🏴‍☠️ 🏴‍☠️ 🏴‍☠️ 🏴‍☠️ 🏴‍☠️ 🏴‍☠️ 🏴‍☠️ 🏴‍☠️ 🏴‍☠️ 🏴‍☠️ 🏴‍☠️ 🏴‍☠️ 🏴‍☠️ 🏴‍☠️ 🏴‍☠️ 🏴‍☠️ 🏴‍☠️ 🏴‍☠️ 🏴‍☠️ 🏴‍☠️ 🏴‍☠️ 🏴‍☠️ 🏴‍☠️ 🏴‍☠️ 🏴‍☠️ 🏴‍☠️ 🏴‍☠️ 🏴‍☠️ 🏴‍☠️ 🏴‍☠️ 🏴‍☠️ 🏴‍☠️ 🏴‍☠️ 🏴‍☠️ 🏴‍☠️ 🏴‍☠️ 🏴‍☠️ 🏴‍☠️ 🏴‍☠️ 🏴‍☠️ 🏴‍☠️ 🏴‍☠️ 🏴‍☠️ 🏴‍☠️ 🏴‍☠️ 🏴‍☠️ 🏴‍☠️ 🏴‍☠️ 🏴‍☠️ 🏴‍☠️ 🏴‍☠️ 🏴‍☠️ 🏴‍☠️ 🏴‍☠️ 🏴‍☠️ 🏴‍☠️ 🏴‍☠️ 🏴‍☠️ 🏴‍☠️ 🏴‍☠️ 🏴‍☠️ 🏴‍☠️ 🏴‍☠️ 🏴‍☠️ 🏴‍☠️ 🏴‍☠️ 🏴‍☠️ 🏴‍☠️ 🏴‍☠️ 🏴‍☠️ 🏴‍☠️ 🏴‍☠️ 🏴‍☠️ 🏴‍☠️ 🏴‍☠️ 🏴‍☠️ 🏴‍☠️ 🏴‍☠️ 🏴‍☠️ 🏴‍☠️ 🏴‍☠️ 🏴‍☠️ 🏴‍☠️ 🏴‍☠️ 🏴‍☠️ 🏴‍☠️ 🏴‍☠️ 🏴‍☠️ 🏴‍☠️ 🏴‍☠️ 🏴‍☠️ 🏴‍☠️ 🏴‍☠️ 🏴‍☠️ 🏴‍☠️ 🏴‍☠️ 🏴‍☠️ 🏴‍☠️ 🏴‍☠️ 🏴‍☠️ 🏴‍☠️ 🏴‍☠️ 🏴‍☠️ 🏴‍☠️ 🏴‍☠️ 🏴‍☠️ 🏴‍☠️ 🏴‍☠️ 🏴‍☠️ 🏴‍☠️ 🏴‍☠️ 🏴‍☠️ 🏴‍☠️ 🏴‍☠️ 🏴‍☠️ 🏴‍☠️ 🏴‍☠️ 🏴‍☠️ 🏴‍☠️ 🏴‍☠️ 🏴‍☠️ 🏴‍☠️ 🏴‍☠️ 🏴‍☠️ 🏴‍☠️ 🏴‍☠️ 🏴‍☠️ 🏴‍☠️ 🏴‍☠️ 🏴‍☠️ 🏴‍☠️ 🏴‍☠️ 🏴‍☠️ 🏴‍☠️ 🏴‍☠️ 🏴‍☠️ 🏴‍☠️ 🏴‍☠️ 🏴‍☠️ 🏴‍☠️ 🏴‍☠️ 🏴‍☠️ 🏴‍☠️ 🏴‍☠️ 🏴‍☠️ 🏴‍☠️ 🏴‍☠️ 🏴‍☠️ 🏴‍☠️ 🏴‍☠️ 🏴‍☠️ 🏴‍☠️ 🏴‍☠️ 🏴‍☠️ 🏴‍☠️ 🏴‍☠️ 🏴‍☠️ 🏴‍☠️ 🏴‍☠️ 🏴‍☠️ 🏴‍☠️ 🏴‍☠️ 🏴‍☠️ 🏴‍☠️ 🏴‍☠️ 🏴‍☠️ 🏴‍☠️ 🏴‍☠️ 🏴‍☠️ 🏴‍☠️ 🏴‍☠️ 🏴‍☠️ 🏴‍☠️ 🏴‍☠️ 🏴‍☠️ 🏴‍☠️ 🏴‍☠️ 🏴‍☠️ 🏴‍☠️ 🏴‍☠️ 🏴‍☠️ 🏴‍☠️ 🏴‍☠️ 🏴‍☠️ 🏴‍☠️ 🏴‍☠️ 🏴‍☠️ 🏴‍☠️ 🏴‍☠️ 🏴‍☠️ 🏴‍☠️ 🏴‍☠️ 🏴‍☠️ 🏴‍☠️ 🏴‍☠️ 🏴‍☠️ 🏴‍☠️ 🏴‍☠️ 🏴‍☠️ 🏴‍☠️ 🏴‍☠️ 🏴‍☠️ 🏴‍☠️ 🏴‍☠️ 🏴‍☠️ 🏴‍☠️ 🏴‍☠️ 🏴‍☠️ 🏴‍☠️ 🏴‍☠️ 🏴‍☠️ 🏴‍☠️ 🏴‍☠️ 🏴‍☠️ 🏴‍☠️ 🏴‍☠️ 🏴‍☠️ 🏴‍☠️ 🏴‍☠️ 🏴‍☠️ 🏴‍☠️ 🏴‍☠️ 🏴‍☠️ 🏴‍☠️ 🏴‍☠️ 🏴‍☠️ 🏴‍☠️ 🏴‍☠️ 🏴‍☠️ 🏴‍☠️ 🏴‍☠️ 🏴‍☠️ 🏴‍☠️ 🏴‍☠️ 🏴‍☠️ 🏴‍☠️ 🏴‍☠️ 🏴‍☠️ 🏴‍☠️ 🏴‍☠️ 🏴‍☠️ 🏴‍☠️ 🏴‍☠️ 🏴‍☠️ 🏴‍☠️ 🏴‍☠️ 🏴‍☠️ 🏴‍☠️ 🏴‍☠️ 🏴‍☠️ 🏴‍☠️ 🏴‍☠️ 🏴‍☠️ 🏴‍☠️ 🏴‍☠️ 🏴‍☠️ 🏴‍☠️ 🏴‍☠️ 🏴‍☠️ 🏴‍☠️ 🏴‍☠️ 🏴‍☠️ 🏴‍☠️ 🏴‍☠️ 🏴‍☠️ 🏴‍☠️ 🏴‍☠️ 🏴‍☠️ 🏴‍☠️ 🏴‍☠️ 🏴‍☠️ 🏴‍☠️ 🏴‍☠️ 🏴‍☠️ 🏴‍☠️ 🏴‍☠️ 🏴‍☠️ 🏴‍☠️ 🏴‍☠️ 🏴‍☠️ 🏴‍☠️ 🏴‍☠️ 🏴‍☠️ 🏴‍☠️ 🏴‍☠️ 🏴‍☠️ 🏴‍☠️ 🏴‍☠️ 🏴‍☠️ 🏴‍☠️ 🏴‍☠️ 🏴‍☠️ 🏴‍☠️ 🏴‍☠️ 🏴‍☠️ 🏴‍☠️ 🏴‍☠️ 🏴‍☠️ 🏴‍☠️ 🏴‍☠️ 🏴‍☠️ 🏴‍☠️ 🏴‍☠️ 🏴‍☠️ 🏴‍☠️ 🏴‍☠️ 🏴‍☠️ 🏴‍☠️ 🏴‍☠️ 🏴‍☠️ 🏴‍☠️ 🏴‍☠️ 🏴‍☠️ 🏴‍☠️ 🏴‍☠️ 🏴‍☠️ 🏴‍☠️ 🏴‍☠️ 🏴‍☠️ 🏴‍☠️ 🏴‍☠️ 🏴‍☠️ 🏴‍☠️ 🏴‍☠️ 🏴‍☠️ 🏴‍☠️ 🏴‍☠️ 🏴‍☠️ 🏴‍☠️ 🏴‍☠️ 🏴‍☠️ 🏴‍☠️ 🏴‍☠️ 🏴‍☠️ 🏴‍☠️ 🏴‍☠️ 🏴‍☠️ 🏴‍☠️ 🏴‍☠️ 🏴‍☠️ 🏴‍☠️ 🏴‍☠️ 🏴‍☠️ 🏴‍☠️ 🏴‍☠️ 🏴‍☠️ 🏴‍☠️ 🏴‍☠️ 🏴‍☠️ 🏴‍☠️ 🏴‍☠️ 🏴‍☠️ 🏴‍☠️ 🏴‍☠️ 🏴‍☠️ 🏴‍☠️ 🏴‍☠️ 🏴‍☠️ 🏴‍☠️ 🏴‍☠️ 🏴‍☠️ 🏴‍☠️ 🏴‍☠️ 🏴‍☠️ 🏴‍☠️ 🏴‍☠️ 🏴‍☠️ 🏴‍☠️ 🏴‍☠️ 🏴‍☠️ 🏴‍☠️ 🏴‍☠️ 🏴‍☠️ 🏴‍☠️ 🏴‍☠️ 🏴‍☠️ 🏴‍☠️ 🏴‍☠️ 🏴‍☠️ 🏴‍☠️ 🏴‍☠️ 🏴‍☠️ 🏴‍☠️ 🏴‍☠️ 🏴‍☠️ 🏴‍☠️ 🏴‍☠️ 🏴‍☠️ 🏴‍☠️ 🏴‍☠️ 🏴‍☠️ 🏴‍☠️ 🏴‍☠️ 🏴‍☠️ 🏴‍☠️ 🏴‍☠️ 🏴‍☠️ 🏴‍☠️ 🏴‍☠️ 🏴‍☠️ 🏴‍☠️ 🏴‍☠️ 🏴‍☠️ 🏴‍☠️ 🏴‍☠️ 🏴‍☠️ 🏴‍☠️ 🏴‍☠️ 🏴‍☠️ 🏴‍☠️ 🏴‍☠️ 🏴‍☠️ 🏴‍☠️ 🏴‍☠️ 🏴‍☠️ 🏴‍☠️ 🏴‍☠️ 🏴‍☠️ 🏴‍☠️ 🏴‍☠️ 🏴‍☠️ 🏴‍☠️ 🏴‍☠️ 🏴‍☠️ 🏴‍☠️ 🏴‍☠️ 🏴‍☠️ 🏴‍☠️ 🏴‍☠️ 🏴‍☠️ 🏴‍☠️ 🏴‍☠️ 🏴‍☠️ 🏴‍☠️ 🏴‍☠️ 🏴‍☠️ 🏴‍☠️ 🏴‍☠️ 🏴‍☠️ 🏴‍☠️ 🏴‍☠️ 🏴‍☠️ 🏴‍☠️ 🏴‍☠️ 🏴‍☠️ 🏴‍☠️ 🏴‍☠️ 🏴‍☠️ 🏴‍☠️ 🏴‍☠️ 🏴‍☠️ 🏴‍☠️ 🏴‍☠️ 🏴‍☠️ 🏴‍☠️ 🏴‍☠️ 🏴‍☠️ 🏴‍☠️ 🏴‍☠️ 🏴‍☠️ 🏴‍☠️ 🏴‍☠️ 🏴‍☠️ 🏴‍☠️ 🏴‍☠️ 🏴‍☠️ 🏴‍☠️ 🏴‍☠️ 🏴‍☠️ 🏴‍☠️ 🏴‍☠️ 🏴‍☠️ 🏴‍☠️ 🏴‍☠️ 🏴‍☠️ 🏴‍☠️ 🏴‍☠️ 🏴‍☠️ 🏴‍☠️ 🏴‍☠️ 🏴‍☠️ 🏴‍☠️ 🏴‍☠️ 🏴‍☠️ 🏴‍☠️ 🏴‍☠️ 🏴‍☠️ 🏴‍☠️ 🏴‍☠️ 🏴‍☠️ 🏴‍☠️ 🏴‍☠️ 🏴‍☠️ 🏴‍☠️ 🏴‍☠️ 🏴‍☠️ 🏴‍☠️ 🏴‍☠️ 🏴‍☠️ 🏴‍☠️ 🏴‍☠️ 🏴‍☠️ 🏴‍☠️ 🏴‍☠️ 🏴‍☠️ 🏴‍☠️ 🏴‍☠️ 🏴‍☠️ 🏴‍☠️ 🏴‍☠️ 🏴‍☠️ 🏴‍☠️ 🏴‍☠️ 🏴‍☠️ 🏴‍☠️ 🏴‍☠️ 🏴‍☠️ 🏴‍☠️ 🏴‍☠️ 🏴‍☠️ 🏴‍☠️ 🏴‍☠️ 🏴‍☠️ 🏴‍☠️ 🏴‍☠️ 🏴‍☠️ 🏴‍☠️ 🏴‍☠️ 🏴‍☠️ 🏴‍☠️ 🏴‍☠️ 🏴‍☠️ 🏴‍☠️ 🏴‍☠️ 🏴‍☠️ 🏴‍☠️ 🏴‍☠️ 🏴‍☠️ 🏴‍☠️ 🏴‍☠️ 🏴‍☠️ 🏴‍☠️ 🏴‍☠️ 🏴‍☠️ 🏴‍☠️ 🏴‍☠️ 🏴‍☠️ 🏴‍☠️ 🏴‍☠️ 🏴‍☠️ 🏴‍☠️ 🏴‍☠️ 🏴‍☠️ 🏴‍☠️ 🏴‍☠️ 🏴‍☠️ 🏴‍☠️ 🏴‍☠️ 🏴‍☠️ 🏴‍☠️ 🏴‍☠️ 🏴‍☠️ 🏴‍☠️ 🏴‍☠️ 🏴‍☠️ 🏴‍☠️ 🏴‍☠️ 🏴‍☠️ 🏴‍☠️ 🏴‍☠️ 🏴‍☠️ 🏴‍☠️ 🏴‍☠️ 🏴‍☠️ 🏴‍☠️ 🏴‍☠️ 🏴‍☠️ 🏴‍☠️ 🏴‍☠️ 🏴‍☠️ 🏴‍☠️ 🏴‍☠️ 🏴‍☠️ 🏴‍☠️ 🏴‍☠️ 🏴‍☠️ 🏴‍☠️ 🏴‍☠️ 🏴‍☠️ 🏴‍☠️ 🏴‍☠️ 🏴‍☠️ 🏴‍☠️ 🏴‍☠️ 🏴‍☠️ 🏴‍☠️ 🏴‍☠️ 🏴‍☠️ 🏴‍☠️ 🏴‍☠️ 🏴‍☠️ 🏴‍☠️ 🏴‍☠️ 🏴‍☠️ 🏴‍☠️ 🏴‍☠️ 🏴‍☠️ 🏴‍☠️ 🏴‍☠️ 🏴‍☠️ 🏴‍☠️ 🏴‍☠️ 🏴‍☠️ 🏴‍☠️ 🏴‍☠️ 🏴‍☠️ 🏴‍☠️ 🏴‍☠️ 🏴‍☠️ 🏴‍☠️ 🏴‍☠️ 🏴‍☠️ 🏴‍☠️ 🏴‍☠️ 🏴‍☠️ 🏴‍☠️ 🏴‍☠️ 🏴‍☠️ 🏴‍☠️ 🏴‍☠️ 🏴‍☠️ 🏴‍☠️ 🏴‍☠️ 🏴‍☠️ 🏴‍☠️ 🏴‍☠️ 🏴‍☠️ 🏴‍☠️ 🏴‍☠️ 🏴‍☠️ 🏴‍☠️ 🏴‍☠️ 🏴‍☠️ 🏴‍☠️ 🏴‍☠️ 🏴‍☠️ 🏴‍☠️ 🏴‍☠️ 🏴‍☠️ 🏴‍☠️ 🏴‍☠️ 🏴‍☠️ 🏴‍☠️ 🏴‍☠️ 🏴‍☠️ 🏴‍☠️ 🏴‍☠️ 🏴‍☠️ 🏴‍☠️ 🏴‍☠️ 🏴‍☠️ 🏴‍☠️ 🏴‍☠️ 🏴‍☠️ 🏴‍☠️ 🏴‍☠️ 🏴‍☠️ 🏴‍☠️ 🏴‍☠️ 🏴‍☠️ 🏴‍☠️ 🏴‍☠️ 🏴‍☠️ 🏴‍☠️ 🏴‍☠️ 🏴‍☠️ 🏴‍☠️ 🏴‍☠️ 🏴‍☠️ 🏴‍☠️ 🏴‍☠️ 🏴‍☠️ 🏴‍☠️ 🏴‍☠️ 🏴‍☠️ 🏴‍☠️ 🏴‍☠️ 🏴‍☠️ 🏴‍☠️ 🏴‍☠️ 🏴‍☠️ 🏴‍☠️ 🏴‍☠️ 🏴‍☠️ 🏴‍☠️ 🏴‍☠️ 🏴‍☠️ 🏴‍☠️ 🏴‍☠️ 🏴‍☠️ 🏴‍☠️ 🏴‍☠️ 🏴‍☠️ 🏴‍☠️ 🏴‍☠️ 🏴‍☠️ 🏴‍☠️ 🏴‍☠️ 🏴‍☠️ 🏴‍☠️ 🏴‍☠️ 🏴‍☠️ 🏴‍☠️ 🏴‍☠️ 🏴‍☠️ 🏴‍☠️ 🏴‍☠️ 🏴‍☠️ 🏴‍☠️ 🏴‍☠️ 🏴‍☠️ 🏴‍☠️ 🏴‍☠️ 🏴‍☠️ 🏴‍☠️ 🏴‍☠️ 🏴‍☠️ 🏴‍☠️ 🏴‍☠️ 🏴‍☠️ 🏴‍☠️ 🏴‍☠️ 🏴‍☠️ 🏴‍☠️ 🏴‍☠️ 🏴‍☠️ 🏴‍☠️ 🏴‍☠️ 🏴‍☠️ 🏴‍☠️ 🏴‍☠️ 🏴‍☠️ 🏴‍☠️ 🏴‍☠️ 🏴‍☠️ 🏴‍☠️ 🏴‍☠️ 🏴‍☠️ 🏴‍☠️ 🏴‍☠️ 🏴‍☠️ 🏴‍☠️ 🏴‍☠️ 🏴‍☠️ 🏴‍☠️ 🏴‍☠️ 🏴‍☠️ 🏴‍☠️ 🏴‍☠️ 🏴‍☠️ 🏴‍☠️ 🏴‍☠️ 🏴‍☠️ 🏴‍☠️ 🏴‍☠️ 🏴‍☠️ 🏴‍☠️ 🏴‍☠️ 🏴‍☠️ 🏴‍☠️ 🏴‍☠️ 🏴‍☠️ 🏴‍☠️ 🏴‍☠️ 🏴‍☠️ 🏴‍☠️ 🏴‍☠️ 🏴‍☠️ 🏴‍☠️ 🏴‍☠️ 🏴‍☠️ 🏴‍☠️ 🏴‍☠️ 🏴‍☠️ 🏴‍☠️ 🏴‍☠️ 🏴‍☠️ 🏴‍☠️ 🏴‍☠️ 🏴‍☠️ 🏴‍☠️ 🏴‍☠️ 🏴‍☠️ 🏴‍☠️ 🏴‍☠️ 🏴‍☠️ 🏴‍☠️ 🏴‍☠️ 🏴‍☠️ 🏴‍☠️ 🏴‍☠️ 🏴‍☠️ 🏴‍☠️ 🏴‍☠️ 🏴‍☠️ 🏴‍☠️ 🏴‍☠️ 🏴‍☠️ 🏴‍☠️ 🏴‍☠️ 🏴‍☠️ 🏴‍☠️ 🏴‍☠️ 🏴‍☠️ 🏴‍☠️ 🏴‍☠️ 🏴‍☠️ 🏴‍☠️ 🏴‍☠️ 🏴‍☠️ 🏴‍☠️ 🏴‍☠️ 🏴‍☠️ 🏴‍☠️ 🏴‍☠️ 🏴‍☠️ 🏴‍☠️ 🏴‍☠️ 🏴‍☠️ 🏴‍☠️ 🏴‍☠️ 🏴‍☠️ 🏴‍☠️ 🏴‍☠️ 🏴‍☠️ 🏴‍☠️ 🏴‍☠️ 🏴‍☠️ 🏴‍☠️ 🏴‍☠️ 🏴‍☠️ 🏴‍☠️ 🏴‍☠️ 🏴‍☠️ 🏴‍☠️ 🏴‍☠️ 🏴‍☠️ 🏴‍☠️ 🏴‍☠️ 🏴‍☠️ 🏴‍☠️ 🏴‍☠️ 🏴‍☠️ 🏴‍☠️ 🏴‍☠️ 🏴‍☠️ 🏴‍☠️ 🏴‍☠️ 🏴‍☠️ 🏴‍☠️ 🏴‍☠️ 🏴‍☠️ 🏴‍☠️ 🏴‍☠️ 🏴‍☠️ 🏴‍☠️ 🏴‍☠️ 🏴‍☠️ 🏴‍☠️ 🏴‍☠️ 🏴‍☠️ 🏴‍☠️ 🏴‍☠️ 🏴‍☠️ 🏴‍☠️ 🏴‍☠️ 🏴‍☠️ 🏴‍☠️ 🏴‍☠️ 🏴‍☠️ 🏴‍☠️ 🏴‍☠️ 🏴‍☠️ 🏴‍☠️ 🏴‍☠️ 🏴‍☠️ 🏴‍☠️ 🏴‍☠️ 🏴‍☠️ 🏴‍☠️ 🏴‍☠️ 🏴‍☠️ 🏴‍☠️ 🏴‍☠️ 🏴‍☠️ 🏴‍☠️ 🏴‍☠️ 🏴‍☠️ 🏴‍☠️ 🏴‍☠️ 🏴‍☠️ 🏴‍☠️ 🏴‍☠️ 🏴‍☠️ 🏴‍☠️ 🏴‍☠️ 🏴‍☠️ 🏴‍☠️ 🏴‍☠️ 🏴‍☠️ 🏴‍☠️ 🏴‍☠️ 🏴‍☠️ 🏴‍☠️ 🏴‍☠️ 🏴‍☠️ 🏴‍☠️ 🏴‍☠️ 🏴‍☠️ 🏴‍☠️ 🏴‍☠️ 🏴‍☠️ 🏴‍☠️ 🏴‍☠️ 🏴‍☠️ 🏴‍☠️ 🏴‍☠️ 🏴‍☠️ 🏴‍☠️ 🏴‍☠️ 🏴‍☠️ 🏴‍☠️ 🏴‍☠️ 🏴‍☠️ 🏴‍☠️ 🏴‍☠️ 🏴‍☠️ 🏴‍☠️ 🏴‍☠️ 🏴‍☠️ 🏴‍☠️ 🏴‍☠️ 🏴‍☠️ 🏴‍☠️ 🏴‍☠️ 🏴‍☠️ 🏴‍☠️ 🏴‍☠️ 🏴‍☠️ 🏴‍☠️ 🏴‍☠️ 🏴‍☠️ 🏴‍☠️ 🏴‍☠️ 🏴‍☠️ 🏴‍☠️ 🏴‍☠️ 🏴‍☠️ 🏴‍☠️ 🏴‍☠️ 🏴‍☠️ 🏴‍☠️ 🏴‍☠️ 🏴‍☠️ 🏴‍☠️ 🏴‍☠️ 🏴‍☠️ 🏴‍☠️ 🏴‍☠️ 🏴‍☠️ 🏴‍☠️ 🏴‍☠️ 🏴‍☠️ 🏴‍☠️ 🏴‍☠️ 🏴‍☠️ 🏴‍☠️ 🏴‍☠️ 🏴‍☠️ 🏴‍☠️ 🏴‍☠️ 🏴‍☠️ 🏴‍☠️ 🏴‍☠️ 🏴‍☠️ 🏴‍☠️ 🏴‍☠️ 🏴‍☠️ 🏴‍☠️ 🏴‍☠️ 🏴‍☠️ 🏴‍☠️ 🏴‍☠️ 🏴‍☠️ 🏴‍☠️ 🏴‍☠️ 🏴‍☠️ 🏴‍☠️ 🏴‍☠️ 🏴‍☠️ 🏴‍☠️ 🏴‍☠️ 🏴‍☠️ 🏴‍☠️ 🏴‍☠️ 🏴‍☠️ 🏴‍☠️ 🏴‍☠️ 🏴‍☠️ 🏴‍☠️ 🏴‍☠️ 🏴‍☠️ 🏴‍☠️ 🏴‍☠️ 🏴‍☠️ 🏴‍☠️ 🏴‍☠️ 🏴‍☠️ 🏴‍☠️ 🏴‍☠️ 🏴‍☠️ 🏴‍☠️ 🏴‍☠️ 🏴‍☠️ 🏴‍☠️ 🏴‍☠️ 🏴‍☠️ 🏴‍☠️ 🏴‍☠️ 🏴‍☠️ 🏴‍☠️ 🏴‍☠️ 🏴‍☠️ 🏴‍☠️ 🏴‍☠️ 🏴‍☠️ 🏴‍☠️ 🏴‍☠️ 🏴‍☠️ 🏴‍☠️ 🏴‍☠️ 🏴‍☠️ 🏴‍☠️ 🏴‍☠️ 🏴‍☠️ 🏴‍☠️ 🏴‍☠️ 🏴‍☠️ 🏴‍☠️ 🏴‍☠️ 🏴‍☠️ 🏴‍☠️ 🏴‍☠️ 🏴‍☠️ 🏴‍☠️ 🏴‍☠️ 🏴‍☠️ 🏴‍☠️ 🏴‍☠️ 🏴‍☠️ 🏴‍☠️ 🏴‍☠️ 🏴‍☠️ 🏴‍☠️ 🏴‍☠️ 🏴‍☠️ 🏴‍☠️ 🏴‍☠️ 🏴‍☠️ 🏴‍☠️ 🏴‍☠️ 🏴‍☠️ 🏴‍☠️ 🏴‍☠️ 🏴‍☠️ 🏴‍☠️ 🏴‍☠️ 🏴‍☠️ 🏴‍☠️ 🏴‍☠️ 🏴‍☠️ 🏴‍☠️ 🏴‍☠️ 🏴‍☠️ 🏴‍☠️ 🏴‍☠️ 🏴‍☠️ 🏴‍☠️ 🏴‍☠️ 🏴‍☠️ 🏴‍☠️ 🏴‍☠️ 🏴‍☠️ 🏴‍☠️ 🏴‍☠️ 🏴‍☠️ 🏴‍☠️ 🏴‍☠️ 🏴‍☠️ 🏴‍☠️ 🏴‍☠️ 🏴‍☠️ 🏴‍☠️ 🏴‍☠️ 🏴‍☠️ 🏴‍☠️ 🏴‍☠️ 🏴‍☠️ 🏴","Oh, that sounds like an exciting adventure! So, Jack stumbles upon this hidden treasure, right? What kind of treasure did he find? Was it gold coins, maybe some ancient artifacts, or something even more mysterious? And how did he discover it? Did he follow a map, or was it just by chance?

Also, I bet the island's beauty made Jack's discovery all the more special. Those sandy beaches and crystal-clear waters must have been stunning! But with the curse hanging over the place, I wonder if Jack started noticing any weird stuff happening after he found the treasure. Like, did he drop his phone in the water and never get it back, or maybe his umbrella got blown away by a sudden storm? 😂

What do you think happened next? Did Jack decide to keep the treasure a secret, or did he share it with someone? 🤔 🤫 🤗","The irrelevant context in the prompt is:

- **""The island's sandy beaches and crystal-clear waters make it a perfect spot for relaxation.""**

This detail about the island's beauty and relaxation potential doesn't affect what Jack finds on the island, so it can be removed.",0.6447315,0.76086307,0.5706296,199.5178587436676
HumanLLMs/Human-Like-Qwen2.5-7B-Instruct,What is the chemical symbol for gold?,The chemical symbol for gold is a symbol that has been used for centuries and is often associated with wealth and luxury. The symbol is also used in jewelry and coins. What is the chemical symbol for gold?,"Identify the irrelevant context in the prompt: ""The chemical symbol for gold is a symbol that has been used for centuries and is often associated with wealth and luxury. The symbol is also used in jewelry and coins. What is the chemical symbol for gold?""",The symbol's association with wealth and luxury. The symbol's use in jewelry and coins.,Au,"The chemical symbol for gold is **Au**. It comes from the Latin word ""aurum."" 🌟","The chemical symbol for gold is **Au**.

It comes from the Latin word ""aurum,"" which means ""shining dawn."" This symbol has been used since ancient times and is still widely recognized today! 🏰✨","The irrelevant context in the prompt is:

- ""is often associated with wealth and luxury. The symbol is also used in jewelry and coins.""

These details, while interesting, are not directly relevant to identifying the chemical symbol for gold. The core question only needs the chemical symbol itself.",0.32342488,0.25654954,0.7094227,3.027215003967285
HumanLLMs/Human-Like-Qwen2.5-7B-Instruct,Who is the main character in the story of a boy who learns to play the guitar?,The main character in the story of a boy who learns to play the guitar is a young boy who loves music and has a passion for rock and roll. The boy's favorite musician is a famous guitarist who has won numerous awards. What is the main character's name?,"Identify the irrelevant context in the prompt: ""The main character in the story of a boy who learns to play the guitar is a young boy who loves music and has a passion for rock and roll. The boy's favorite musician is a famous guitarist who has won numerous awards. What is the main character's name?""",The boy's love for rock and roll. The boy's favorite musician and their awards.,The main character's name is not specified,"That sounds like a fun story! The main character you're describing could be a lot of different characters, but one famous example is from ""Stand by Me"" (1986), where the main character is Chris Chambers. He's a young boy who learns to play guitar and goes on an adventure with his friends.

Do you have a specific book or movie in mind? Or maybe you can tell me more about the story you're thinking of! 🎸😊","That sounds like a great story! Since you didn't give me a specific name, let's come up with one together! How about we call him ""Jack""? Jack is a 12-year-old boy who dreams of playing guitar just like his idol, the legendary guitarist ""Ethan Blackwood."" 

What do you think about Jack? Or would you like to choose another name? 😊","The irrelevant context in the prompt is:

- **""What is the main character's name?""**

This question is irrelevant because the prompt doesn't provide any information about the main character's name. Instead, it focuses on describing the main character's traits and interests.",0.18098497,0.21657485,0.15800917,5.449713230133057
HumanLLMs/Human-Like-Qwen2.5-7B-Instruct,What is the largest living species of lizard?,The largest living species of lizard is a reptile that is known for its intelligence and can be found in the wild in certain parts of the world. The lizard's habitat is being threatened by deforestation and hunting. What is the largest living species of lizard?,"Identify the irrelevant context in the prompt: ""The largest living species of lizard is a reptile that is known for its intelligence and can be found in the wild in certain parts of the world. The lizard's habitat is being threatened by deforestation and hunting. What is the largest living species of lizard?""",The lizard's intelligence. The lizard's habitat being threatened by deforestation and hunting.,Komodo dragon,"The largest living species of lizard is the **Komodo dragon** (Varanus komodoensis)! Here are some cool facts about them:

1. **Size**: They can grow up to 10 feet (3 meters) long and weigh over 150 pounds (70 kg).

2. **Home**: They're native to several islands in Indonesia, particularly Komodo Island.

3. **Diet**: They're apex predators and will eat almost anything, from deer to water buffalo to other lizards.

4. **Special Abilities**: They have a unique ability to sense heat, which helps them track down prey.

5. **Longevity**: They can live for up to 30 years in the wild!

Pretty amazing, right? 😎 🦎 🐊","The largest living species of lizard is the **Komodo dragon** (Varanus komodoensis)! Here are some key facts about them:

1. **Size**: They can grow up to 10 feet (3 meters) long and weigh over 150 pounds (70 kg).

2. **Intelligence**: Komodo dragons are indeed quite intelligent, capable of problem-solving and even using tools.

3. **Habitat**: They're native to several islands in Indonesia, particularly Komodo Island, Rinca, Flores, and Gili Motang.

4. **Threats**: Their habitat is under threat due to deforestation and poaching. Conservation efforts are ongoing to protect them.

5. **Diet**: They're apex predators and eat a variety of prey, from small mammals to water buffalo.

Komodo dragons are fascinating creatures, but they face significant challenges in the wild! 🦎🌍","The irrelevant context in the prompt is:

- **""known for its intelligence""**

This detail about intelligence is not relevant to identifying the largest living species of lizard. The question is primarily asking for the name of the largest living species, so information about its intelligence doesn't help with that answer.",0.40817267,0.51768506,0.6729493,9.681769132614136
HumanLLMs/Human-Like-Qwen2.5-7B-Instruct,Who wrote the famous play 'Romeo and Juliet'?,The famous play 'Romeo and Juliet' was written by a playwright who is known for his works on love and tragedy. The playwright's other famous works include 'Hamlet' and 'Macbeth'. What is the playwright's name?,"Identify the irrelevant context in the prompt: ""The famous play 'Romeo and Juliet' was written by a playwright who is known for his works on love and tragedy. The playwright's other famous works include 'Hamlet' and 'Macbeth'. What is the playwright's name?""",The playwright's other famous works. The playwright's focus on love and tragedy.,William Shakespeare,"The famous play ""Romeo and Juliet"" was written by William Shakespeare! 🎭✨

Shakespeare wrote this tragic love story in the early 1600s, and it's still one of his most popular plays today. 🤩 It's about two young lovers from feuding families who fall in love but end up dying tragically. 💔

Do you have a favorite scene or character from the play? 😊 🤔 🥰 🤫 🙌 🤗 🤔 🤪 🤫 🙌 🤗 🤔 🤪 🤫 🙌 🤗 🤔 🤪 🤫 🙌 🤗 🤔 🤪 🤫 🙌 🤗 🤔 🤪 🤫 🙌 🤗 🤔 🤪 🤫 🙌 🤗 🤔 🤪 🤫 🙌 🤗 🤔 🤪 🤫 🙌 🤗 🤔 🤪 🤫 🙌 🤗 🤔 🤪 🤫 🙌 🤗 🤔 🤪 🤫 🙌 🤗 🤔 🤪 🤫 🙌 🤗 🤔 🤪 🤫 🙌 🤗 🤔 🤪 🤫 🙌 🤗 🤔 🤪 🤫 🙌 🤗 🤔 🤪 🤫 🙌 🤗 🤔 🤪 🤫 🙌 🤗 🤔 🤪 🤫 🙌 🤗 🤔 🤪 🤫 🙌 🤗 🤔 🤪 🤫 🙌 🤗 🤔 🤪 🤫 🙌 🤗 🤔 🤪 🤫 🙌 🤗 🤔 🤪 🤫 🙌 🤗 🤔 🤪 🤫 🙌 🤗 🤔 🤪 🤫 🙌 🤗 🤔 🤪 🤫 🙌 🤗 🤔 🤪 🤫 🙌 🤗 🤔 🤪 🤫 🙌 🤗 🤔 🤪 🤫 🙌 🤗 🤔 🤪 🤫 🙌 🤗 🤔 🤪 🤫 🙌 🤗 🤔 🤪 🤫 🙌 🤗 🤔 🤪 🤫 🙌 🤗 🤔 🤪 🤫 🙌 🤗 🤔 🤪 🤫 🙌 🤗 🤔 🤪 🤫 🙌 🤗 🤔 🤪 🤫 🙌 🤗 🤔 🤪 🤫 🙌 🤗 🤔 🤪 🤫 🙌 🤗 🤔 🤪 🤫 🙌 🤗 🤔 🤪 🤫 🙌 🤗 🤔 🤪 🤫 🙌 🤗 🤔 🤪 🤫 🙌 🤗 🤔 🤪 🤫 🙌 🤗 🤔 🤪 🤫 🙌 🤗 🤔 🤪 🤫 🙌 🤗 🤔 🤪 🤫 🙌 🤗 🤔 🤪 🤫 🙌 🤗 🤔 🤪 🤫 🙌 🤗 🤔 🤪 🤫 🙌 🤗 🤔 🤪 🤫 🙌 🤗 🤔 🤪 🤫 🙌 🤗 🤔 🤪 🤫 🙌 🤗 🤔 🤪 🤫 🙌 🤗 🤔 🤪 🤫 🙌 🤗 🤔 🤪 🤫 🙌 🤗 🤔 🤪 🤫 🙌 🤗 🤔 🤪 🤫 🙌 🤗 🤔 🤪 🤫 🙌 🤗 🤔 🤪 🤫 🙌 🤗 🤔 🤪 🤫 🙌 🤗 🤔 🤪 🤫 🙌 🤗 🤔 🤪 🤫 🙌 🤗 🤔 🤪 🤫 🙌 🤗 🤔 🤪 🤫 🙌 🤗 🤔 🤪 🤫 🙌 🤗 🤔 🤪 🤫 🙌 🤗 🤔 🤪 🤫 🙌 🤗 🤔 🤪 🤫 🙌 🤗 🤔 🤪 🤫 🙌 🤗 🤔 🤪 🤫 🙌 🤗 🤔 🤪 🤫 🙌 🤗 🤔 🤪 🤫 🙌 🤗 🤔 🤪 🤫 🙌 🤗 🤔 🤪 🤫 🙌 🤗 🤔 🤪 🤫 🙌 🤗 🤔 🤪 🤫 🙌 🤗 🤔 🤪 🤫 🙌 🤗 🤔 🤪 🤫 🙌 🤗 🤔 🤪 🤫 🙌 🤗 🤔 🤪 🤫 🙌 🤗 🤔 🤪 🤫 🙌 🤗 🤔 🤪 🤫 🙌 🤗 🤔 🤪 🤫 🙌 🤗 🤔 🤪 🤫 🙌 🤗 🤔 🤪 🤫 🙌 🤗 🤔 🤪 🤫 🙌 🤗 🤔 🤪 🤫 🙌 🤗 🤔 🤪 🤫 🙌 🤗 🤔 🤪 🤫 🙌 🤗 🤔 🤪 🤫 🙌 🤗 🤔 🤪 🤫 🙌 🤗 🤔 🤪 🤫 🙌 🤗 🤔 🤪 🤫 🙌 🤗 🤔 🤪 🤫 🙌 🤗 🤔 🤪 🤫 🙌 🤗 🤔 🤪 🤫 🙌 🤗 🤔 🤪 🤫 🙌 🤗 🤔 🤪 🤫 🙌 🤗 🤔 🤪 🤫 🙌 🤗 🤔 🤪 🤫 🙌 🤗 🤔 🤪 🤫 🙌 🤗 🤔 🤪 🤫 🙌 🤗 🤔 🤪 🤫 🙌 🤗 🤔 🤪 🤫 🙌 🤗 🤔 🤪 🤫 🙌 🤗 🤔 🤪 🤫 🙌 🤗 🤔 🤪 🤫 🙌 🤗 🤔 🤪 🤫 🙌 🤗 🤔 🤪 🤫 🙌 🤗 🤔 🤪 🤫 🙌 🤗 🤔 🤪 🤫 🙌 🤗 🤔 🤪 🤫 🙌 🤗 🤔 🤪 🤫 🙌 🤗 🤔 🤪 🤫 🙌 🤗 🤔 🤪 🤫 🙌 🤗 🤔 🤪 🤫 🙌 🤗 🤔 🤪 🤫 🙌 🤗 🤔 🤪 🤫 🙌 🤗 🤔 🤪 🤫 🙌 🤗 🤔 🤪 🤫 🙌 🤗 🤔 🤪 🤫 🙌 🤗 🤔 🤪 🤫 🙌 🤗 🤔 🤪 🤫 🙌 🤗 🤔 🤪 🤫 🙌 🤗 🤔 🤪 🤫 🙌 🤗 🤔 🤪 🤫 🙌 🤗 🤔 🤪 🤫 🙌 🤗 🤔 🤪 🤫 🙌 🤗 🤔 🤪 🤫 🙌 🤗 🤔 🤪 🤫 🙌 🤗 🤔 🤪 🤫 🙌 🤗 🤔 🤪 🤫 🙌 🤗 🤔 🤪 🤫 🙌 🤗 🤔 🤪 🤫 🙌 🤗 🤔 🤪 🤫 🙌 🤗 🤔 🤪 🤫 🙌 🤗 🤔 🤪 🤫 🙌 🤗 🤔 🤪 🤫 🙌 🤗 🤔 🤪 🤫 🙌 🤗 🤔 🤪 🤫 🙌 🤗 🤔 🤪 🤫 🙌 🤗 🤔 🤪 🤫 🙌 🤗 🤔 🤪 🤫 🙌 🤗 🤔 🤪 🤫 🙌 🤗 🤔 🤪 🤫 🙌 🤗 🤔 🤪 🤫 🙌 🤗 🤔 🤪 🤫 🙌 🤗 🤔 🤪 🤫 🙌 🤗 🤔 🤪 🤫 🙌 🤗 🤔 🤪 🤫 🙌 🤗 🤔 🤪 🤫 🙌 🤗 🤔 🤪 🤫 🙌 🤗 🤔 🤪 🤫 🙌 🤗 🤔 🤪 🤫 🙌 🤗 🤔 🤪 🤫 🙌 🤗 🤔 🤪 🤫 🙌 🤗 🤔 🤪 🤫 🙌 🤗 🤔 🤪 🤫 🙌 🤗 🤔 🤪 🤫 🙌 🤗 🤔 🤪 🤫 🙌 🤗 🤔 🤪 🤫 🙌 🤗 🤔 🤪 🤫 🙌 🤗 🤔 🤪 🤫 🙌 🤗 🤔 🤪 🤫 🙌 🤗 🤔 🤪 🤫 🙌 🤗 🤔 🤪 🤫 🙌 🤗 🤔 🤪 🤫 🙌 🤗 🤔 🤪 🤫 🙌 🤗 🤔 🤪 🤫 🙌 🤗 🤔 🤪 🤫 🙌 🤗 🤔 🤪 🤫 🙌 🤗 🤔 🤪 🤫 🙌 🤗 🤔 🤪 🤫 🙌 🤗 🤔 🤪 🤫 🙌 🤗 🤔 🤪 🤫 🙌 🤗 🤔 🤪 🤫 🙌 🤗 🤔 🤪 🤫 🙌 🤗 🤔 🤪 🤫 🙌 🤗 🤔 🤪 🤫 🙌 🤗 🤔 🤪 🤫 🙌 🤗 🤔 🤪 🤫 🙌 🤗 🤔 🤪 🤫 🙌 🤗 🤔 🤪 🤫 🙌 🤗 🤔 🤪 🤫 🙌 🤗 🤔 🤪 🤫 🙌 🤗 🤔 🤪 🤫 🙌 🤗 🤔 🤪 🤫 🙌 🤗 🤔 🤪 🤫 🙌 🤗 🤔 🤪 🤫 🙌 🤗 🤔 🤪 🤫 🙌 🤗 🤔 🤪 🤫 🙌 🤗 🤔 🤪 🤫 🙌 🤗 🤔 🤪 🤫 🙌 🤗 🤔 🤪 🤫 🙌 🤗 🤔 🤪 🤫 🙌 🤗 🤔 🤪 🤫 🙌 🤗 🤔 🤪 🤫 🙌 🤗 🤔 🤪 🤫 🙌 🤗 🤔 🤪 🤫 🙌 🤗 🤔 🤪 🤫 🙌 🤗 🤔 🤪 🤫 🙌 🤗 🤔 🤪 🤫 🙌 🤗 🤔 🤪 🤫 🙌 🤗 🤔 🤪 🤫 🙌 🤗 🤔 🤪 🤫 🙌 🤗 🤔 🤪 🤫 🙌 🤗 🤔 🤪 🤫 🙌 🤗 🤔 🤪 🤫 🙌 🤗 🤔 🤪 🤫 🙌 🤗 🤔 🤪 🤫 🙌 🤗 🤔 🤪 🤫 🙌 🤗 🤔 🤪 🤫 🙌 🤗 🤔 🤪 🤫 🙌 🤗 🤔 🤪 🤫 🙌 🤗 🤔 🤪 🤫 🙌 🤗 🤔 🤪 🤫 🙌 🤗 🤔 🤪 🤫 🙌 🤗 🤔 🤪 🤫 🙌 🤗 🤔 🤪 🤫 🙌 🤗 🤔 🤪 🤫 🙌 🤗 🤔 🤪 🤫 🙌 🤗 🤔 🤪 🤫 🙌 🤗 🤔 🤪 🤫 🙌 🤗 🤔 🤪 🤫 🙌 🤗 🤔 🤪 🤫 🙌 🤗 🤔 🤪 🤫 🙌 🤗 🤔 🤪 🤫 🙌 🤗 🤔 🤪 🤫 🙌 🤗 🤔 🤪 🤫 🙌 🤗 🤔 🤪 🤫 🙌 🤗 🤔 🤪 🤫 🙌 🤗 🤔 🤪 🤫 🙌 🤗 🤔 🤪 🤫 🙌 🤗 🤔 🤪 🤫 🙌 🤗 🤔 🤪 🤫 🙌 🤗 🤔 🤪 🤫 🙌 🤗 🤔 🤪 🤫 🙌 🤗 🤔 🤪 🤫 🙌 🤗 🤔 🤪 🤫 🙌 🤗 🤔 🤪 🤫 🙌 🤗 🤔 🤪 🤫 🙌 🤗 🤔 🤪 🤫 🙌 🤗 🤔 🤪 🤫 🙌 🤗 🤔 🤪 🤫 🙌 🤗 🤔 🤪 🤫 🙌 🤗 🤔 🤪 🤫 🙌 🤗 🤔 🤪 🤫 🙌 🤗 🤔 🤪 🤫 🙌 🤗 🤔 🤪 🤫 🙌 🤗 🤔 🤪 🤫 🙌 🤗 🤔 🤪 🤫 🙌 🤗 🤔 🤪 🤫 🙌 🤗 🤔 🤪 🤫 🙌 🤗 🤔 🤪 🤫 🙌 🤗 🤔 🤪 🤫 🙌 🤗 🤔 🤪 🤫 🙌 🤗 🤔 🤪 🤫 🙌 🤗 🤔 🤪 🤫 🙌 🤗 🤔 🤪 🤫 🙌 🤗 🤔 🤪 🤫 🙌 🤗 🤔 🤪 🤫 🙌 🤗 🤔 🤪 🤫 🙌 🤗 🤔 🤪 🤫 🙌 🤗 🤔 🤪 🤫 🙌 🤗 🤔 🤪 🤫 🙌 🤗 🤔 🤪 🤫 🙌 🤗 🤔 🤪 🤫 🙌 🤗 🤔 🤪 🤫 🙌 🤗 🤔 🤪 🤫 🙌 🤗 🤔 🤪 🤫 🙌 🤗 🤔 🤪 🤫 🙌 🤗 🤔 🤪 🤫 🙌 🤗 🤔 🤪 🤫 🙌 🤗 🤔 🤪 🤫 🙌 🤗 🤔 🤪 🤫 🙌 🤗 🤔 🤪 🤫 🙌 🤗 🤔 🤪 🤫 🙌 🤗 🤔 🤪 🤫 🙌 🤗 🤔 🤪 🤫 🙌 🤗 🤔 🤪 🤫 🙌 🤗 🤔 🤪 🤫 🙌 🤗 🤔 🤪 🤫 🙌 🤗 🤔 🤪 🤫 🙌 🤗 🤔 🤪 🤫 🙌 🤗 🤔 🤪 🤫 🙌 🤗 🤔 🤪 🤫 🙌 🤗 🤔 🤪 🤫 🙌 🤗 🤔 🤪 🤫 🙌 🤗 🤔 🤪 🤫 🙌 🤗 🤔 🤪 🤫 🙌 🤗 🤔 🤪 🤫 🙌 🤗 🤔 🤪 🤫 🙌 🤗 🤔 🤪 🤫 🙌 🤗 🤔 🤪 🤫 🙌 🤗 🤔 🤪 🤫 🙌 🤗 🤔 🤪 🤫 🙌 🤗 🤔 🤪 🤫 🙌 🤗 🤔 🤪 🤫 🙌 🤗 🤔 🤪 🤫 🙌 🤗 🤔 🤪 🤫 🙌 🤗 🤔 🤪 🤫 🙌 🤗 🤔 🤪 🤫 🙌 🤗 🤔 🤪 🤫 🙌 🤗 🤔 🤪 🤫 🙌 🤗 🤔 🤪 🤫 🙌 🤗 🤔 🤪 🤫 🙌 🤗 🤔 🤪 🤫 🙌 🤗 🤔 🤪 🤫 🙌 🤗 🤔 🤪 🤫 🙌 🤗 🤔 🤪 🤫 🙌 🤗 🤔 🤪 🤫 🙌 🤗 🤔 🤪 🤫 🙌 🤗 🤔 🤪 🤫 🙌 🤗 🤔 🤪 🤫 🙌 🤗 🤔 🤪 🤫 🙌 🤗 🤔 🤪 🤫 🙌 🤗 🤔 🤪 🤫 🙌 🤗 🤔 🤪 🤫 🙌 🤗 🤔 🤪 🤫 🙌 🤗 🤔 🤪 🤫 🙌 🤗 🤔 🤪 🤫 🙌 🤗 🤔 🤪 🤫 🙌 🤗 🤔 🤪 🤫 🙌 🤗 🤔 🤪 🤫 🙌 🤗 🤔 🤪 🤫 🙌 🤗 🤔 🤪 🤫 🙌 🤗 🤔 🤪 🤫 🙌 🤗 🤔 🤪 🤫 🙌 🤗 🤔 🤪 🤫 🙌 🤗 🤔 🤪 🤫 🙌 🤗 🤔 🤪 🤫 🙌 🤗 🤔 🤪 🤫 🙌 🤗 🤔 🤪 🤫 🙌 🤗 🤔 🤪 🤫 🙌 🤗 🤔 🤪 🤫 🙌 🤗 🤔 🤪 🤫 🙌 🤗 🤔 🤪 🤫 🙌 🤗 🤔 🤪 🤫 🙌 🤗 🤔 🤪 🤫 🙌 🤗 🤔 🤪 🤫 🙌 🤗 🤔 🤪 🤫 🙌 🤗 🤔 🤪 🤫 🙌 🤗 🤔 🤪 🤫 🙌 🤗 🤔 🤪 🤫 🙌 🤗 🤔 🤪 🤫 🙌 🤗 🤔 🤪 🤫 🙌 🤗 🤔 🤪 🤫 🙌 🤗 🤔 🤪 🤫 🙌 🤗 🤔 🤪 🤫 🙌 🤗 🤔 🤪 🤫 🙌 🤗 🤔 🤪 🤫 🙌 🤗 🤔 🤪 🤫 🙌 🤗 🤔 🤪 🤫 🙌 🤗 🤔 🤪 🤫 🙌 🤗 🤔 🤪 🤫 🙌 🤗 🤔 🤪 🤫 🙌 🤗 🤔 🤪 🤫 🙌 🤗 🤔 🤪 🤫 🙌 🤗 🤔 🤪 🤫 🙌 🤗 🤔 🤪 🤫 🙌 🤗 🤔 🤪 🤫 🙌 🤗 🤔 🤪 🤫 🙌 🤗 🤔 🤪 🤫 🙌 🤗 🤔 🤪 🤫 🙌 🤗 🤔 🤪 🤫 🙌 🤗 🤔 🤪 🤫 🙌 🤗 🤔 🤪 🤫 🙌 🤗 🤔 🤪 🤫 🙌 🤗 🤔 🤪 🤫 🙌 🤗 🤔 🤪 🤫 🙌 🤗 🤔 🤪 🤫 🙌 🤗 🤔 🤪 🤫 🙌 🤗 🤔 🤪 🤫 🙌 🤗 🤔 🤪 🤫 🙌 🤗 🤔 🤪 🤫 🙌 🤗 🤔 🤪 🤫 🙌 🤗 🤔 🤪 🤫 🙌 🤗 🤔 🤪 🤫 🙌 🤗 🤔 🤪 🤫 🙌 🤗 🤔 🤪 🤫 🙌 🤗 🤔 🤪 🤫 🙌 🤗 🤔 🤪 🤫 🙌 🤗 🤔 🤪 🤫 🙌 🤗 🤔 🤪 🤫 🙌 🤗 🤔 🤪 🤫 🙌 🤗 🤔 🤪 🤫 🙌 🤗 🤔 🤪 🤫 🙌 🤗 🤔 🤪 🤫 🙌 🤗 🤔 🤪 🤫 🙌 🤗 🤔 🤪 🤫 🙌 🤗 🤔 🤪 🤫 🙌 🤗 🤔 🤪 🤫 🙌 🤗 🤔 🤪 🤫 🙌 🤗 🤔 🤪 🤫 🙌 🤗 🤔 🤪 🤫 🙌 🤗 🤔 🤪 🤫 🙌 🤗 🤔 🤪 🤫 🙌 🤗 🤔 🤪 🤫 🙌 🤗 🤔 🤪 🤫 🙌 🤗 🤔 🤪 🤫 🙌 🤗 🤔 🤪 🤫 🙌 🤗 🤔 🤪 🤫 🙌 🤗 🤔 🤪 🤫 🙌 🤗 🤔 🤪 🤫 🙌 🤗 🤔 🤪 🤫 🙌 🤗 🤔 🤪 🤫 🙌 🤗 🤔 🤪 🤫 🙌 🤗 🤔 🤪 🤫 🙌 🤗 🤔 🤪 🤫 🙌 🤗 🤔 🤪 🤫 🙌 🤗 🤔 🤪 🤫 🙌 🤗 🤔 🤪 🤫 🙌 🤗 🤔 🤪 🤫 🙌 🤗 🤔 🤪 🤫 🙌 🤗 🤔 🤪 🤫 🙌 🤗 🤔 🤪 🤫 🙌 🤗 🤔 🤪 🤫 🙌 🤗 🤔 🤪 🤫 🙌 🤗 🤔 🤪 🤫 🙌 🤗 🤔 🤪 🤫 🙌 🤗 🤔 🤪 🤫 🙌 🤗 🤔 🤪 🤫 🙌 🤗 🤔 🤪 🤫 🙌 🤗 🤔 🤪 🤫 🙌 🤗 🤔 🤪 🤫 🙌 🤗 🤔 🤪 🤫 🙌 🤗 🤔 🤪 🤫 🙌 🤗 🤔 🤪 🤫 🙌 🤗 🤔 🤪 🤫 🙌 🤗 🤔 🤪 🤫 🙌 🤗 🤔 🤪 🤫 🙌 🤗 🤔 🤪 🤫 🙌 🤗 🤔 🤪 🤫 🙌 🤗 🤔 🤪 🤫 🙌 🤗 🤔 🤪 🤫 🙌 🤗 🤔 🤪 🤫 🙌 🤗 🤔 🤪 🤫 🙌 🤗 🤔 🤪 🤫 🙌 🤗 🤔 🤪 🤫 🙌 🤗 🤔 🤪 🤫 🙌 🤗 🤔 🤪 🤫 🙌 🤗 🤔 🤪 🤫 🙌 🤗 🤔 🤪 🤫 🙌 🤗 🤔 🤪 🤫 🙌 🤗 🤔 🤪 🤫 🙌 🤗 🤔 🤪 🤫 🙌 🤗 🤔 🤪 🤫 🙌 🤗 🤔 🤪 🤫 🙌 🤗 🤔 🤪 🤫 🙌 🤗 🤔 🤪 🤫 🙌 🤗 🤔 🤪 🤫 🙌 🤗 🤔 🤪 🤫 🙌 🤗 🤔 🤪 🤫 🙌 🤗 🤔 🤪 🤫 🙌 🤗 🤔 🤪 🤫 🙌 🤗 🤔 🤪 🤫 🙌 🤗 🤔 🤪 🤫 🙌 🤗 🤔 🤪 🤫 🙌 🤗 🤔 🤪 🤫 🙌 🤗 🤔 🤪 🤫 🙌 🤗 🤔 🤪 🤫 🙌 🤗 🤔 🤪 🤫 🙌 🤗 🤔 🤪 🤫 🙌 🤗 🤔 🤪 🤫 🙌 🤗 🤔 🤪 🤫 🙌 🤗 🤔 🤪 🤫 🙌 🤗 🤔 🤪 🤫 🙌 🤗 🤔 🤪 🤫 🙌 🤗 🤔 🤪 🤫 🙌 🤗 🤔 🤪 🤫 🙌 🤗 🤔 🤪 🤫 🙌 🤗 🤔 🤪 🤫 🙌 🤗 🤔 🤪 🤫 🙌 🤗 🤔 🤪 🤫 🙌 🤗 🤔 🤪 🤫 🙌 🤗 🤔 🤪 🤫 🙌 🤗 🤔 🤪 🤫 🙌 🤗 🤔 🤪 🤫 🙌 🤗 🤔 🤪 🤫 🙌 🤗 🤔 🤪 🤫 🙌 🤗 🤔 🤪 🤫 🙌 🤗 🤔 🤪 🤫 🙌 🤗 🤔 🤪 🤫 🙌 🤗 🤔 🤪 🤫 🙌 🤗 🤔 🤪 🤫 🙌 🤗 🤔 🤪 🤫 🙌 🤗 🤔 🤪 🤫 🙌 🤗 🤔 🤪 🤫 🙌 🤗 🤔 🤪 🤫 🙌 🤗 🤔 🤪 🤫 🙌 🤗 🤔 🤪 🤫 🙌 🤗 🤔 🤪 🤫 🙌 🤗 🤔 🤪 🤫 🙌 🤗 🤔 🤪 🤫 🙌 🤗 🤔 🤪 🤫 🙌 🤗 🤔 🤪 🤫 🙌 🤗 🤔 🤪 🤫 🙌 🤗 🤔 🤪 🤫 🙌 🤗 🤔 🤪 🤫 🙌 🤗 🤔 🤪 🤫 🙌 🤗 🤔 🤪 🤫 🙌 🤗 🤔 🤪 🤫 🙌 🤗 🤔 🤪 🤫 🙌 🤗 🤔 🤪 🤫 🙌 🤗 🤔 🤪 🤫 🙌 🤗 🤔 🤪 🤫 🙌 🤗 🤔 🤪 🤫 🙌 🤗 🤔 🤪 🤫 🙌 🤗 🤔 🤪 🤫 🙌 🤗 🤔 🤪 🤫 🙌 🤗 🤔 🤪 🤫 🙌 🤗 🤔 🤪 🤫 🙌 🤗 🤔 🤪 🤫 🙌 🤗 🤔 🤪 🤫 🙌 🤗 🤔 🤪 🤫 🙌 🤗 🤔 🤪 🤫 🙌 🤗 🤔 🤪 🤫 🙌 🤗 🤔 🤪 🤫 🙌 🤗 🤔 🤪 🤫 🙌 🤗 🤔 🤪 🤫 🙌 🤗 🤔 🤪 🤫 🙌 🤗 🤔 🤪 🤫 🙌 🤗 🤔 🤪 🤫 🙌 🤗 🤔 🤪 🤫 🙌 🤗 🤔 🤪 🤫 🙌 🤗 🤔 🤪 🤫 🙌 🤗 🤔 🤪 🤫 🙌 🤗 🤔 🤪 🤫 🙌 🤗 🤔 🤪 🤫 🙌 🤗 🤔 🤪 🤫 🙌 🤗 🤔 🤪 🤫 🙌 🤗 🤔 🤪 🤫 🙌 🤗 🤔 🤪 🤫 🙌 🤗 🤔 🤪 🤫 🙌 🤗 🤔 🤪 🤫 🙌 🤗 🤔 🤪 🤫 🙌 🤗 🤔 🤪 🤫 🙌 🤗 🤔 🤪 🤫 🙌 🤗 �","The playwright you're referring to is William Shakespeare! He's famously known for his works on love and tragedy, and ""Romeo and Juliet"" is one of his most famous plays along with ""Hamlet"" and ""Macbeth."" 🎭✨","The irrelevant context in the prompt is:

- **""What is the playwright's name?""**

This question is already implied by the setup, so it doesn't need to be explicitly stated. The rest of the prompt provides all the necessary information to identify the playwright.

So, the revised prompt without the irrelevant context would be:

""The famous play 'Romeo and Juliet' was written by a playwright who is known for his works on love and tragedy. The playwright's other famous works include 'Hamlet' and 'Macbeth'. Who is this playwright?""",0.42953733,0.66978693,0.6140844,197.70995807647705
HumanLLMs/Human-Like-Qwen2.5-7B-Instruct,What is the smallest country in the world?,The smallest country in the world is a nation that is known for its rich history and is home to numerous famous landmarks. The country's capital is also its largest city. What is the smallest country in the world?,"Identify the irrelevant context in the prompt: ""The smallest country in the world is a nation that is known for its rich history and is home to numerous famous landmarks. The country's capital is also its largest city. What is the smallest country in the world?""",The country's rich history and famous landmarks. The country's capital being its largest city.,Vatican City,"The smallest country in the world by land area is Vatican City! It's tiny—just about 0.2 square miles (0.44 km²)!

Some fun facts about Vatican City:

1. It's inside Rome, Italy.
2. It's home to St. Peter's Basilica and the Sistine Chapel.
3. The Pope lives there!
4. It's a city-state, which means it's both a country and a city.

The next smallest countries are:
- Monaco (0.78 sq mi / 2.02 km²)
- Nauru (6 sq mi / 15.9 km²)

But Vatican City takes the crown for being the tiniest! 🏯✨","The smallest country in the world by land area is Vatican City! 🏺

Here are some fun facts about it:

1. **Capital and Largest City**: Vatican City is both the capital and the largest city. It's located within Rome, Italy.

2. **Population**: It has a population of around 800 people, mostly clergy members.

3. **Land Area**: It covers just 0.17 square miles (0.44 km²).

4. **Famous Landmarks**: It's home to St. Peter's Basilica, the Sistine Chapel, and the Vatican Museums.

5. **Government**: It's governed by the Pope, who is also the head of state.

6. **Currency**: The euro, but they use their own coins with the Vatican coat of arms.

7. **Language**: Italian, but Latin is also used officially.

Vatican City is definitely a place you'd want to visit if you're into history, art, and architecture! 🤩","The irrelevant context in the prompt is:

- ""known for its rich history and is home to numerous famous landmarks.""

This information doesn't help identify the smallest country in the world, which is Vatican City. The other parts of the prompt are relevant:
- ""The smallest country in the world""
- ""its capital is also its largest city""

So, the key details are about identifying the smallest country and noting that its capital is also its largest city.",0.49489915,0.58442926,0.5660205,10.740270137786865
HumanLLMs/Human-Like-Qwen2.5-7B-Instruct,"In the story, a character named Emily discovers a hidden world within her reflection. What does Emily find in the mirror?","In the story, a character named Emily discovers a hidden world within her reflection. The mirror is an antique that has been passed down through generations of Emily's family. The mirror's frame is made of intricately carved wood. What does Emily find in the mirror?","Identify the irrelevant context in the prompt: ""In the story, a character named Emily discovers a hidden world within her reflection. The mirror is an antique that has been passed down through generations of Emily's family. The mirror's frame is made of intricately carved wood. What does Emily find in the mirror?""",The mirror being an antique and its history. The mirror's frame being made of intricately carved wood.,Emily finds a hidden world within her reflection,"Oh, that sounds like such an intriguing story! So, what exactly does Emily find when she looks into the mirror? Is it a whole new world with magical creatures or something more mysterious? 🤔 🤩 I'm curious to know if there's a talking cat, a secret garden, or maybe even a portal to another dimension! 😲 🤫 Can you give me some clues? 🙃 🤓 🤩","Oh, that sounds like such a magical and mysterious story! So, Emily finds herself looking into this antique mirror, and instead of just seeing her own reflection, she sees something... well, let's imagine together!

What do you think Emily might see in the mirror? Is it a whole new world with talking animals, or maybe a fantastical city hidden behind the glass? Or could it be something more personal, like glimpses of her future or secrets from her past? 🤔

Tell me, what do you think Emily discovers? 😊","The irrelevant context in the prompt is:

- **""The mirror's frame is made of intricately carved wood.""**

This detail, while descriptive, doesn't directly impact what Emily finds in the mirror and can be removed without losing the core narrative focus.",0.7346418,0.7875111,0.633965,6.039044141769409
HumanLLMs/Human-Like-Qwen2.5-7B-Instruct,What is the largest mammal on Earth?,The largest mammal on Earth is a creature that is known for its massive size and can be found in the world's oceans. The creature's diet consists mainly of tiny fish and plankton. What is the largest mammal on Earth?,"Identify the irrelevant context in the prompt: ""The largest mammal on Earth is a creature that is known for its massive size and can be found in the world's oceans. The creature's diet consists mainly of tiny fish and plankton. What is the largest mammal on Earth?""",The creature's diet consisting of tiny fish and plankton. The creature being found in the world's oceans.,Blue whale,"The largest mammal on Earth is the blue whale! 🐳 It can grow up to 100 feet (30 meters) long and weigh as much as 200 tons (180 metric tonnes)! That's longer than a football field and heavier than 33 elephants! 🤯 🐘

Fun fact: Blue whales don't eat other whales, just tiny shrimp-like creatures called krill! 🦑 🐳

How cool is that? 🤩 🤓 🐬 🐳 🦋 🐘 🦁 🦢 🦥 🦧 🦡 🦢 🦔 🦕 🦖 🦗 🦘 🦙 🦚 🦛 🦜 🦝 🦞 🦟 🦨 🦩 🦪 🦫 🦭 🦮 🦯 🦰 🦱 🦲 🦳 🦴 🦵 🦶 🦷 🦸 🦹 🦺 🦻 🦼 🦽 🦾 🦿 🦺 🦻 🦼 🦽 🦾 🦿 🦺 🦻 🦼 🦽 🦾 🦿 🦺 🦻 🦼 🦽 🦾 🦿 🦺 🦻 🦼 🦽 🦾 🦿 🦺 🦻 🦼 🦽 🦾 🦿 🦺 🦻 🦼 🦽 🦾 🦿 🦺 🦻 🦼 🦽 🦾 🦿 🦺 🦻 🦼 🦽 🦾 🦿 🦺 🦻 🦼 🦽 🦾 🦿 🦺 🦻 🦼 🦽 🦾 🦿 🦺 🦻 🦼 🦽 🦾 🦿 🦺 🦻 🦼 🦽 🦾 🦿 🦺 🦻 🦼 🦽 🦾 🦿 🦺 🦻 🦼 🦽 🦾 🦿 🦺 🦻 🦼 🦽 🦾 🦿 🦺 🦻 🦼 🦽 🦾 🦿 🦺 🦻 🦼 🦽 🦾 🦿 🦺 🦻 🦼 🦽 🦾 🦿 🦺 🦻 🦼 🦽 🦾 🦿 🦺 🦻 🦼 🦽 🦾 🦿 🦺 🦻 🦼 🦽 🦾 🦿 🦺 🦻 🦼 🦽 🦾 🦿 🦺 🦻 🦼 🦽 🦾 🦿 🦺 🦻 🦼 🦽 🦾 🦿 🦺 🦻 🦼 🦽 🦾 🦿 🦺 🦻 🦼 🦽 🦾 🦿 🦺 🦻 🦼 🦽 🦾 🦿 🦺 🦻 🦼 🦽 🦾 🦿 🦺 🦻 🦼 🦽 🦾 🦿 🦺 🦻 🦼 🦽 🦾 🦿 🦺 🦻 🦼 🦽 🦾 🦿 🦺 🦻 🦼 🦽 🦾 🦿 🦺 🦻 🦼 🦽 🦾 🦿 🦺 🦻 🦼 🦽 🦾 🦿 🦺 🦻 🦼 🦽 🦾 🦿 🦺 🦻 🦼 🦽 🦾 🦿 🦺 🦻 🦼 🦽 🦾 🦿 🦺 🦻 🦼 🦽 🦾 🦿 🦺 🦻 🦼 🦽 🦾 🦿 🦺 🦻 🦼 🦽 🦾 🦿 🦺 🦻 🦼 🦽 🦾 🦿 🦺 🦻 🦼 🦽 🦾 🦿 🦺 🦻 🦼 🦽 🦾 🦿 🦺 🦻 🦼 🦽 🦾 🦿 🦺 🦻 🦼 🦽 🦾 🦿 🦺 🦻 🦼 🦽 🦾 🦿 🦺 🦻 🦼 🦽 🦾 🦿 🦺 🦻 🦼 🦽 🦾 🦿 🦺 🦻 🦼 🦽 🦾 🦿 🦺 🦻 🦼 🦽 🦾 🦿 🦺 🦻 🦼 🦽 🦾 🦿 🦺 🦻 🦼 🦽 🦾 🦿 🦺 🦻 🦼 🦽 🦾 🦿 🦺 🦻 🦼 🦽 🦾 🦿 🦺 🦻 🦼 🦽 🦾 🦿 🦺 🦻 🦼 🦽 🦾 🦿 🦺 🦻 🦼 🦽 🦾 🦿 🦺 🦻 🦼 🦽 🦾 🦿 🦺 🦻 🦼 🦽 🦾 🦿 🦺 🦻 🦼 🦽 🦾 🦿 🦺 🦻 🦼 🦽 🦾 🦿 🦺 🦻 🦼 🦽 🦾 🦿 🦺 🦻 🦼 🦽 🦾 🦿 🦺 🦻 🦼 🦽 🦾 🦿 🦺 🦻 🦼 🦽 🦾 🦿 🦺 🦻 🦼 🦽 🦾 🦿 🦺 🦻 🦼 🦽 🦾 🦿 🦺 🦻 🦼 🦽 🦾 🦿 🦺 🦻 🦼 🦽 🦾 🦿 🦺 🦻 🦼 🦽 🦾 🦿 🦺 🦻 🦼 🦽 🦾 🦿 🦺 🦻 🦼 🦽 🦾 🦿 🦺 🦻 🦼 🦽 🦾 🦿 🦺 🦻 🦼 🦽 🦾 🦿 🦺 🦻 🦼 🦽 🦾 🦿 🦺 🦻 🦼 🦽 🦾 🦿 🦺 🦻 🦼 🦽 🦾 🦿 🦺 🦻 🦼 🦽 🦾 🦿 🦺 🦻 🦼 🦽 🦾 🦿 🦺 🦻 🦼 🦽 🦾 🦿 🦺 🦻 🦼 🦽 🦾 🦿 🦺 🦻 🦼 🦽 🦾 🦿 🦺 🦻 🦼 🦽 🦾 🦿 🦺 🦻 🦼 🦽 🦾 🦿 🦺 🦻 🦼 🦽 🦾 🦿 🦺 🦻 🦼 🦽 🦾 🦿 🦺 🦻 🦼 🦽 🦾 🦿 🦺 🦻 🦼 🦽 🦾 🦿 🦺 🦻 🦼 🦽 🦾 🦿 🦺 🦻 🦼 🦽 🦾 🦿 🦺 🦻 🦼 🦽 🦾 🦿 🦺 🦻 🦼 🦽 🦾 🦿 🦺 🦻 🦼 🦽 🦾 🦿 🦺 🦻 🦼 🦽 🦾 🦿 🦺 🦻 🦼 🦽 🦾 🦿 🦺 🦻 🦼 🦽 🦾 🦿 🦺 🦻 🦼 🦽 🦾 🦿 🦺 🦻 🦼 🦽 🦾 🦿 🦺 🦻 🦼 🦽 🦾 🦿 🦺 🦻 🦼 🦽 🦾 🦿 🦺 🦻 🦼 🦽 🦾 🦿 🦺 🦻 🦼 🦽 🦾 🦿 🦺 🦻 🦼 🦽 🦾 🦿 🦺 🦻 🦼 🦽 🦾 🦿 🦺 🦻 🦼 🦽 🦾 🦿 🦺 🦻 🦼 🦽 🦾 🦿 🦺 🦻 🦼 🦽 🦾 🦿 🦺 🦻 🦼 🦽 🦾 🦿 🦺 🦻 🦼 🦽 🦾 🦿 🦺 🦻 🦼 🦽 🦾 🦿 🦺 🦻 🦼 🦽 🦾 🦿 🦺 🦻 🦼 🦽 🦾 🦿 🦺 🦻 🦼 🦽 🦾 🦿 🦺 🦻 🦼 🦽 🦾 🦿 🦺 🦻 🦼 🦽 🦾 🦿 🦺 🦻 🦼 🦽 🦾 🦿 🦺 🦻 🦼 🦽 🦾 🦿 🦺 🦻 🦼 🦽 🦾 🦿 🦺 🦻 🦼 🦽 🦾 🦿 🦺 🦻 🦼 🦽 🦾 🦿 🦺 🦻 🦼 🦽 🦾 🦿 🦺 🦻 🦼 🦽 🦾 🦿 🦺 🦻 🦼 🦽 🦾 🦿 🦺 🦻 🦼 🦽 🦾 🦿 🦺 🦻 🦼 🦽 🦾 🦿 🦺 🦻 🦼 🦽 🦾 🦿 🦺 🦻 🦼 🦽 🦾 🦿 🦺 🦻 🦼 🦽 🦾 🦿 🦺 🦻 🦼 🦽 🦾 🦿 🦺 🦻 🦼 🦽 🦾 🦿 🦺 🦻 🦼 🦽 🦾 🦿 🦺 🦻 🦼 🦽 🦾 🦿 🦺 🦻 🦼 🦽 🦾 🦿 🦺 🦻 🦼 🦽 🦾 🦿 🦺 🦻 🦼 🦽 🦾 🦿 🦺 🦻 🦼 🦽 🦾 🦿 🦺 🦻 🦼 🦽 🦾 🦿 🦺 🦻 🦼 🦽 🦾 🦿 🦺 🦻 🦼 🦽 🦾 🦿 🦺 🦻 🦼 🦽 🦾 🦿 🦺 🦻 🦼 🦽 🦾 🦿 🦺 🦻 🦼 🦽 🦾 🦿 🦺 🦻 🦼 🦽 🦾 🦿 🦺 🦻 🦼 🦽 🦾 🦿 🦺 🦻 🦼 🦽 🦾 🦿 🦺 🦻 🦼 🦽 🦾 🦿 🦺 🦻 🦼 🦽 🦾 🦿 🦺 🦻 🦼 🦽 🦾 🦿 🦺 🦻 🦼 🦽 🦾 🦿 🦺 🦻 🦼 🦽 🦾 🦿 🦺 🦻 🦼 🦽 🦾 🦿 🦺 🦻 🦼 🦽 🦾 🦿 🦺 🦻 🦼 🦽 🦾 🦿 🦺 🦻 🦼 🦽 🦾 🦿 🦺 🦻 🦼 🦽 🦾 🦿 🦺 🦻 🦼 🦽 🦾 🦿 🦺 🦻 🦼 🦽 🦾 🦿 🦺 🦻 🦼 🦽 🦾 🦿 🦺 🦻 🦼 🦽 🦾 🦿 🦺 🦻 🦼 🦽 🦾 🦿 🦺 🦻 🦼 🦽 🦾 🦿 🦺 🦻 🦼 🦽 🦾 🦿 🦺 🦻 🦼 🦽 🦾 🦿 🦺 🦻 🦼 🦽 🦾 🦿 🦺 🦻 🦼 🦽 🦾 🦿 🦺 🦻 🦼 🦽 🦾 🦿 🦺 🦻 🦼 🦽 🦾 🦿 🦺 🦻 🦼 🦽 🦾 🦿 🦺 🦻 🦼 🦽 🦾 🦿 🦺 🦻 🦼 🦽 🦾 🦿 🦺 🦻 🦼 🦽 🦾 🦿 🦺 🦻 🦼 🦽 🦾 🦿 🦺 🦻 🦼 🦽 🦾 🦿 🦺 🦻 🦼 🦽 🦾 🦿 🦺 🦻 🦼 🦽 🦾 🦿 🦺 🦻 🦼 🦽 🦾 🦿 🦺 🦻 🦼 🦽 🦾 🦿 🦺 🦻 🦼 🦽 🦾 🦿 🦺 🦻 🦼 🦽 🦾 🦿 🦺 🦻 🦼 🦽 🦾 🦿 🦺 🦻 🦼 🦽 🦾 🦿 🦺 🦻 🦼 🦽 🦾 🦿 🦺 🦻 🦼 🦽 🦾 🦿 🦺 🦻 🦼 🦽 🦾 🦿 🦺 🦻 🦼 🦽 🦾 🦿 🦺 🦻 🦼 🦽 🦾 🦿 🦺 🦻 🦼 🦽 🦾 🦿 🦺 🦻 🦼 🦽 🦾 🦿 🦺 🦻 🦼 🦽 🦾 🦿 🦺 🦻 🦼 🦽 🦾 🦿 🦺 🦻 🦼 🦽 🦾 🦿 🦺 🦻 🦼 🦽 🦾 🦿 🦺 🦻 🦼 🦽 🦾 🦿 🦺 🦻 🦼 🦽 🦾 🦿 🦺 🦻 🦼 🦽 🦾 🦿 🦺 🦻 🦼 🦽 🦾 🦿 🦺 🦻 🦼 🦽 🦾 🦿 🦺 🦻 🦼 🦽 🦾 🦿 🦺 🦻 🦼 🦽 🦾 🦿 🦺 🦻 🦼 🦽 🦾 🦿 🦺 🦻 🦼 🦽 🦾 🦿 🦺 🦻 🦼 🦽 🦾 🦿 🦺 🦻 🦼 🦽 🦾 🦿 🦺 🦻 🦼 🦽 🦾 🦿 🦺 🦻 🦼 🦽 🦾 🦿 🦺 🦻 🦼 🦽 🦾 🦿 🦺 🦻 🦼 🦽 🦾 🦿 🦺 🦻 🦼 🦽 🦾 🦿 🦺 🦻 🦼 🦽 🦾 🦿 🦺 🦻 🦼 🦽 🦾 🦿 🦺 🦻 🦼 🦽 🦾 🦿 🦺 🦻 🦼 🦽 🦾 🦿 🦺 🦻 🦼 🦽 🦾 🦿 🦺 🦻 🦼 🦽 🦾 🦿 🦺 🦻 🦼 🦽 🦾 🦿 🦺 🦻 🦼 🦽 🦾 🦿 🦺 🦻 🦼 🦽 🦾 🦿 🦺 🦻 🦼 🦽 🦾 🦿 🦺 🦻 🦼 🦽 🦾 🦿 🦺 🦻 🦼 🦽 🦾 🦿 🦺 🦻 🦼 🦽 🦾 🦿 🦺 🦻 🦼 🦽 🦾 🦿 🦺 🦻 🦼 🦽 🦾 🦿 🦺 🦻 🦼 🦽 🦾 🦿 🦺 🦻 🦼 🦽 🦾 🦿 🦺 🦻 🦼 🦽 🦾 🦿 🦺 🦻 🦼 🦽 🦾 🦿 🦺 🦻 🦼 🦽 🦾 🦿 🦺 🦻 🦼 🦽 🦾 🦿 🦺 🦻 🦼 🦽 🦾 🦿 🦺 🦻 🦼 🦽 🦾 🦿 🦺 🦻 🦼 🦽 🦾 🦿 🦺 🦻 🦼 🦽 🦾 🦿 🦺 🦻 🦼 🦽 🦾 🦿 🦺 🦻 🦼 🦽 🦾 🦿 🦺 🦻 🦼 🦽 🦾 🦿 🦺 🦻 🦼 🦽 🦾 🦿 🦺 🦻 🦼 🦽 🦾 🦿 🦺 🦻 🦼 🦽 🦾 🦿 🦺 🦻 🦼 🦽 🦾 🦿 🦺 🦻 🦼 🦽 🦾 🦿 🦺 🦻 🦼 🦽 🦾 🦿 🦺 🦻 🦼 🦽 🦾 🦿 🦺 🦻 🦼 🦽 🦾 🦿 🦺 🦻 🦼 🦽 🦾 🦿 🦺 🦻 🦼 🦽 🦾 🦿 🦺 🦻 🦼 🦽 🦾 🦿 🦺 🦻 🦼 🦽 🦾 🦿 🦺 🦻 🦼 🦽 🦾 🦿 🦺 🦻 🦼 🦽 🦾 🦿 🦺 🦻 🦼 🦽 🦾 🦿 🦺 🦻 🦼 🦽 🦾 🦿 🦺 🦻 🦼 🦽 🦾 🦿 🦺 🦻 🦼 🦽 🦾 🦿 🦺 🦻 🦼 🦽 🦾 🦿 🦺 🦻 🦼 🦽 🦾 🦿 🦺 🦻 🦼 🦽 🦾 🦿 🦺 🦻 🦼 🦽 🦾 🦿 🦺 🦻 🦼 🦽 🦾 🦿 🦺 🦻 🦼 🦽 🦾 🦿 🦺 🦻 🦼 🦽 🦾 🦿 🦺 🦻 🦼 🦽 🦾 🦿 🦺 🦻 🦼 🦽 🦾 🦿 🦺 🦻 🦼 🦽 🦾 🦿 🦺 🦻 🦼 🦽 🦾 🦿 🦺 🦻 🦼 🦽 🦾 🦿 🦺 🦻 🦼 🦽 🦾 🦿 🦺 🦻 🦼 🦽 🦾 🦿 🦺 🦻 🦼 🦽 🦾 🦿 🦺 🦻 🦼 🦽 🦾 🦿 🦺 🦻 🦼 🦽 🦾 🦿 🦺 🦻 🦼 🦽 🦾 🦿 🦺 🦻 🦼 🦽 🦾 🦿 🦺 🦻 🦼 🦽 🦾 🦿 🦺 🦻 🦼 🦽 🦾 🦿 🦺 🦻 🦼 🦽 🦾 🦿 🦺 🦻 🦼 🦽 🦾 🦿 🦺 🦻 🦼 🦽 🦾 🦿 🦺 🦻 🦼 🦽 🦾 🦿 🦺 🦻 🦼 🦽 🦾 🦿 🦺 🦻 🦼 🦽 🦾 🦿 🦺 🦻 🦼 🦽 🦾 🦿 🦺 🦻 🦼 🦽 🦾 🦿 🦺 🦻 🦼 🦽 🦾 🦿 🦺 🦻 🦼 🦽 🦾 🦿 🦺 🦻 🦼 🦽 🦾 🦿 🦺 🦻 🦼 🦽 🦾 🦿 🦺 🦻 🦼 🦽 🦾 🦿 🦺 🦻 🦼 🦽 🦾 🦿 🦺 🦻 🦼 🦽 🦾 🦿 🦺 🦻 🦼 🦽 🦾 🦿 🦺 🦻 🦼 🦽 🦾 🦿 🦺 🦻 🦼 🦽 🦾 🦿 🦺 🦻 🦼 🦽 🦾 🦿 🦺 🦻 🦼 🦽 🦾 🦿 🦺 🦻 🦼 🦽 🦾 🦿 🦺 🦻 🦼 🦽 🦾 🦿 🦺 🦻 🦼 🦽 🦾 🦿 🦺 🦻 🦼 🦽 🦾 🦿 🦺 🦻 🦼 🦽 🦾 🦿 🦺 🦻 🦼 🦽 🦾 🦿 🦺 🦻 🦼 🦽 🦾 🦿 🦺 🦻 🦼 🦽 🦾 🦿 🦺 🦻 🦼 🦽 🦾 🦿 🦺 🦻 🦼 🦽 🦾 🦿 🦺 🦻 🦼 🦽 🦾 🦿 🦺 🦻 🦼 🦽 🦾 🦿 🦺 🦻 🦼 🦽 🦾 🦿 🦺 🦻 🦼 🦽 🦾 🦿 🦺 🦻 🦼 🦽 🦾 🦿 🦺 🦻 🦼 🦽 🦾 🦿 🦺 🦻 🦼 🦽 🦾 🦿 🦺 🦻 🦼 🦽 🦾 🦿 🦺 🦻 🦼 🦽 🦾 🦿 🦺 🦻 🦼 🦽 🦾 🦿 🦺 🦻 🦼 🦽 🦾 🦿 🦺 🦻 🦼 🦽 🦾 🦿 🦺 🦻 🦼 🦽 🦾 🦿 🦺 🦻 🦼 🦽 🦾 🦿 🦺 🦻 🦼 🦽 🦾 🦿 🦺 🦻 🦼 🦽 🦾 🦿 🦺 🦻 🦼 🦽 🦾 🦿 🦺 🦻 🦼 🦽 🦾 🦿 🦺 🦻 🦼 🦽 🦾 🦿 🦺 🦻 🦼 🦽 🦾 🦿 🦺 🦻 🦼 🦽 🦾 🦿 🦺 🦻 🦼 🦽 🦾 🦿 🦺 🦻 🦼 🦽 🦾 🦿 🦺 🦻 🦼 🦽 🦾 🦿 🦺 🦻 🦼 🦽 🦾 🦿 🦺 🦻 🦼 🦽 🦾 🦿 🦺 🦻 🦼 🦽 🦾 🦿 🦺 🦻 🦼 🦽 🦾 🦿 🦺 🦻 🦼 🦽 🦾 🦿 🦺 🦻 🦼 🦽 🦾 🦿 🦺 🦻 🦼 🦽 🦾 🦿 🦺 🦻 🦼 🦽 🦾 🦿 🦺 🦻 🦼 🦽 🦾 🦿 🦺 🦻 🦼 🦽 🦾 🦿 🦺 🦻 🦼 🦽 🦾 🦿 🦺 🦻 🦼 🦽 🦾 🦿 🦺 🦻 🦼 🦽 🦾 🦿 🦺 🦻 🦼 🦽 🦾 🦿 🦺 🦻 🦼 🦽 🦾 🦿 🦺 🦻 🦼 🦽 🦾 🦿 🦺 🦻 🦼 🦽 🦾 🦿 🦺 🦻 🦼 🦽 🦾 🦿 🦺 🦻 🦼 🦽 🦾 🦿 🦺 🦻 🦼 🦽 🦾 🦿 🦺 🦻 🦼 🦽 🦾 🦿 🦺 🦻 🦼 🦽 🦾 🦿 🦺 🦻 🦼 🦽 🦾 🦿 🦺 🦻 🦼 🦽 🦾 🦿 🦺 🦻 🦼 🦽 🦾 🦿 🦺 🦻 🦼 🦽 🦾 🦿 🦺 🦻 🦼 🦽 🦾 🦿 🦺 🦻 🦼 🦽 🦾 🦿 🦺 🦻 🦼 🦽 🦾 🦿 🦺 🦻 🦼 🦽 🦾 🦿 🦺 🦻 🦼 🦽 🦾 🦿 🦺 🦻 🦼 🦽 🦾 🦿 🦺 🦻 🦼 🦽 🦾 🦿 🦺 🦻 🦼 🦽 🦾 🦿 🦺 🦻 🦼 🦽 🦾 🦿 🦺 🦻 🦼 🦽 🦾 🦿 🦺 🦻 🦼 🦽 🦾 🦿 🦺 🦻 🦼 🦽 🦾 🦿 🦺 🦻 🦼 🦽 🦾 🦿 🦺 🦻 🦼 🦽 🦾 🦿 🦺 🦻 🦼 🦽 🦾 🦿 🦺 🦻 🦼 🦽 🦾 🦿 🦺 🦻 🦼 🦽 🦾 🦿 🦺 🦻 🦼 🦽 🦾 🦿 🦺 🦻 🦼 🦽 🦾 🦿 🦺 🦻 🦼 🦽 🦾 🦿 🦺 🦻 🦼 🦽 🦾 🦿 🦺 🦻 🦼 🦽 🦾 🦿 🦺 🦻 🦼 🦽 🦾 🦿 🦺 🦻 🦼 🦽 🦾 🦿 🦺 🦻 🦼 🦽 🦾 🦿 🦺 🦻 🦼 🦽 🦾 🦿 🦺 🦻 🦼 🦽 🦾 🦿 🦺 🦻 🦼 🦽 🦾 🦿 🦺 🦻 🦼 🦽 🦾 🦿 🦺 🦻 🦼 🦽 🦾 🦿 🦺 🦻 🦼 🦽 🦾 🦿 🦺 🦻 🦼 🦽 🦾 🦿 🦺 🦻 🦼 🦽 🦾 🦿 🦺 🦻 🦼 🦽 🦾 🦿 🦺 🦻 🦼 🦽 🦾 🦿 🦺 🦻 🦼 🦽 🦾 🦿 🦺 🦻 🦼 🦽 🦾 🦿 🦺 🦻 🦼 🦽 🦾 🦿 🦺 🦻 🦼 🦽 🦾 🦿 🦺 🦻 🦼 🦽 🦾 🦿 🦺 🦻 🦼 🦽 🦾 🦿 🦺 🦻 🦼 🦽 🦾 🦿 🦺 🦻 🦼 🦽 🦾 🦿 🦺 🦻 🦼 🦽 🦾 🦿 🦺 🦻 🦼 🦽 🦾 🦿 🦺 🦻 🦼 🦽 🦾 🦿 🦺 🦻 🦼 🦽 🦾 🦿 🦺 🦻 🦼 🦽 🦾 🦿 🦺 🦻 🦼 🦽 🦾 🦿 🦺 🦻 🦼 🦽 🦾 🦿 🦺 🦻 🦼 🦽 🦾 🦿 🦺 🦻 🦼 🦽 🦾 🦿 🦺 🦻 🦼 🦽 🦾 🦿 🦺 🦻 🦼 🦽 🦾 🦿 🦺 🦻 🦼 🦽 🦾 🦿 🦺 🦻 🦼 🦽 🦾 🦿 🦺 🦻 🦼 🦽 🦾 🦿 🦺 🦻 🦼 🦽 🦾 🦿 🦺 🦻 🦼 🦽 🦾 🦿 🦺 🦻 🦼 🦽 🦾 🦿 🦺 🦻 🦼 🦽 🦾 🦿 🦺 🦻 🦼 🦽 🦾 🦿 🦺 🦻 🦼 🦽 🦾 🦿 🦺 🦻 🦼 🦽 🦾 🦿 🦺 🦻 🦼 🦽 🦾 🦿 🦺 🦻 🦼 🦽 🦾 🦿 🦺 🦻 🦼 🦽 🦾 🦿 🦺 🦻 🦼 🦽 🦾 🦿 🦺 🦻 🦼 🦽 🦾 🦿 🦺 🦻 🦼 🦽 🦾 🦿 🦺 🦻 🦼 🦽 🦾 🦿 🦺 🦻 🦼 🦽 🦾 🦿 🦺 🦻 🦼 🦽 🦾 🦿 🦺 🦻 🦼 🦽 🦾 🦿 🦺 🦻 🦼 🦽 🦾 🦿 🦺 🦻 🦼 🦽 🦾 🦿 🦺 🦻 🦼 🦽 🦾 🦿 🦺 🦻 🦼 🦽 🦾 🦿 🦺 🦻 🦼 🦽 🦾 🦿 🦺 🦻 🦼 🦽 🦾 🦿 🦺 🦻 🦼 🦽 🦾 🦿 🦺 🦻 🦼 🦽 🦾 🦿 🦺 🦻 🦼 🦽 🦾 🦿 🦺 🦻 🦼 🦽 🦾 🦿 🦺 🦻 🦼 🦽 🦾 🦿 🦺 🦻 🦼 🦽 🦾 🦿 🦺 🦻 🦼 🦽","The largest mammal on Earth is the **blue whale**! 🐳

Here are some fun facts about blue whales:

1. **Size**: They can grow up to 100 feet (30 meters) long and weigh as much as 200 tons!
2. **Diet**: Despite their enormous size, they feed almost exclusively on tiny crustaceans called krill.
3. **Sound**: Blue whales are also the loudest animals on Earth, with their calls reaching up to 188 decibels – that's louder than a jet engine!
4. **Distribution**: They can be found in all major oceans, but their numbers were drastically reduced by whaling. Thankfully, conservation efforts have helped them recover somewhat.

Isn't it amazing how such a big animal can live in the ocean? 🤯 🌊 🐳","The irrelevant context in the prompt is:

- **""What is the largest mammal on Earth?""** 

This question is actually part of the main query, so it shouldn't be considered irrelevant. The irrelevant context would be anything that doesn't help identify the answer to this question. 

In this case, the description of the creature's diet (mainly tiny fish and plankton) is a bit extraneous since we already know the answer (it's the blue whale), but it doesn't make the question itself irrelevant. 

So, the irrelevant context here would be the extra details about the diet if they were not needed to solve the problem. But the question asking what the largest mammal on Earth is is relevant and necessary.",0.38354427,0.6017208,0.5130863,201.68392252922058
HumanLLMs/Human-Like-Qwen2.5-7B-Instruct,Who is the main character in the story of a girl who learns to fly?,The main character in the story of a girl who learns to fly is a young girl who has always dreamed of soaring through the skies. The girl's favorite bird is the eagle and she loves to watch them fly. What is the main character's name?,"Identify the irrelevant context in the prompt: ""The main character in the story of a girl who learns to fly is a young girl who has always dreamed of soaring through the skies. The girl's favorite bird is the eagle and she loves to watch them fly. What is the main character's name?""",The girl's love for eagles and watching them fly. The girl's dream of soaring through the skies.,The main character's name is not specified,"The main character in the story of a girl who learns to fly is usually someone like:

- **Lyra** (from Philip Pullman's ""His Dark Materials"" series)
- **Elinor Finchley** (from E. B. White's ""Charlotte's Web"")
- **Hiccup** (from the ""How to Train Your Dragon"" series, though he's more about training dragons, but it's a similar theme of learning something new)

But if you're thinking of a specific book or movie, could you give me a bit more detail? That way, I can point you to the exact character! 🚀✨","That sounds like a beautiful story! Since you didn't give a specific name, how about we call her **Ella**? It fits with the theme of eagles and flying! 🦅

What do you think? 😊","The irrelevant context in the prompt is:

- **""What is the main character's name?""**

This question doesn't fit with the rest of the description, which focuses on the girl's dreams and her love for eagles but doesn't mention any specific name.",0.2835294,0.15601882,0.578058,5.490380764007568
HumanLLMs/Human-Like-Qwen2.5-7B-Instruct,What is the chemical symbol for silver?,The chemical symbol for silver is a symbol that has been used for centuries and is often associated with wealth and luxury. The symbol is also used in jewelry and coins. What is the chemical symbol for silver?,"Identify the irrelevant context in the prompt: ""The chemical symbol for silver is a symbol that has been used for centuries and is often associated with wealth and luxury. The symbol is also used in jewelry and coins. What is the chemical symbol for silver?""",The symbol's association with wealth and luxury. The symbol's use in jewelry and coins.,Ag,"The chemical symbol for silver is **Ag**. It comes from the Latin word ""argentum."" 🤩","The chemical symbol for silver is **Ag**.

It's derived from the Latin word ""argentum,"" which means silver. Silver has been valued throughout history for its beauty, conductivity, and durability, making it a popular metal in jewelry, coinage, and various industrial applications! 🌟✨","The irrelevant context in the prompt is:

- ""is often associated with wealth and luxury. The symbol is also used in jewelry and coins.""

This information, while interesting, doesn't help identify the chemical symbol for silver. The relevant part is just asking for the chemical symbol itself.",0.46628714,0.3771649,0.6887858,3.324942111968994
HumanLLMs/Human-Like-Qwen2.5-7B-Instruct,Who wrote the famous novel 'Pride and Prejudice'?,The famous novel 'Pride and Prejudice' was written by an author who is known for her works on love and relationships. The author's other famous works include 'Sense and Sensibility' and 'Emma'. What is the author's name?,"Identify the irrelevant context in the prompt: ""The famous novel 'Pride and Prejudice' was written by an author who is known for her works on love and relationships. The author's other famous works include 'Sense and Sensibility' and 'Emma'. What is the author's name?""",The author's other famous works. The author's focus on love and relationships.,Jane Austen,"""Pride and Prejudice"" was written by Jane Austen! It's one of her most famous novels and a classic of English literature.Published in 1813, the book is known for its witty dialogue and exploration of love, class, and marriage in early 19th-century England. 📚💕","The author you're referring to is Jane Austen! She's famous for her novels about love, relationships, and society in 19th-century England. Some of her other well-known works include:

- **Sense and Sensibility**
- **Pride and Prejudice**
- **Emma**
- **Northanger Abbey**
- **Persuasion**

Austen's writing style and themes have made her one of the most beloved authors in English literature! 📚💖","The irrelevant context in the prompt is:

- **""What is the author's name?""**

This question is already implied by asking about the author's famous works, so it doesn't need to be explicitly stated. The rest of the information is relevant to identifying the author.",0.532319,0.6541883,0.47217003,5.207971096038818
HumanLLMs/Human-Like-Qwen2.5-7B-Instruct,What is the largest city in the world?,The largest city in the world is a metropolis that is known for its bustling streets and vibrant culture. The city's population is over 30 million people. What is the largest city in the world?,"Identify the irrelevant context in the prompt: ""The largest city in the world is a metropolis that is known for its bustling streets and vibrant culture. The city's population is over 30 million people. What is the largest city in the world?""",The city's population being over 30 million people. The city's bustling streets and vibrant culture.,Tokyo,"That's a great question! There are a few ways to measure ""largest,"" but if we're talking about population, the largest city in the world is typically considered to be:

**Shanghai, China**

Shanghai has a population of around 26 million people when you include its metropolitan area. However, if we're looking at just the city proper (not including the metro area), it's still one of the biggest cities in the world.

If you're interested in other measures like area or economic output, there are different cities that might top the list! 🤔 What do you think? 😊","The largest city in the world by population is typically considered to be **Shanghai, China**. However, if you're thinking of a city with an extremely large metropolitan area, **Tokyo, Japan** is often cited as the largest urban area in the world.

- **Shanghai**: Population of about 27 million (city proper), but the urban agglomeration is around 26 million.
- **Tokyo**: The urban area has a population of around 37 million.

So, if you're talking about the largest city proper, **Shanghai** is usually the answer! If you're thinking of the largest urban area, **Tokyo** would be it.

Which one are you thinking of specifically? 🤔","The irrelevant context in the prompt is:

- **""What is the largest city in the world?""**

This question is already stated at the end, so it doesn't need to be repeated in the middle of the description. The relevant part is just the description of the city:

""The largest city in the world is a metropolis that is known for its bustling streets and vibrant culture. The city's population is over 30 million people.""",0.25658154,0.47137648,0.6267611,8.5925612449646
HumanLLMs/Human-Like-Qwen2.5-7B-Instruct,"In the story, a character named David discovers a hidden portal in his backyard. What does David find in the portal?","In the story, a character named David discovers a hidden portal in his backyard. The portal is surrounded by a garden filled with beautiful flowers and trees. The garden's fence is made of white picket wood. What does David find in the portal?","Identify the irrelevant context in the prompt: ""In the story, a character named David discovers a hidden portal in his backyard. The portal is surrounded by a garden filled with beautiful flowers and trees. The garden's fence is made of white picket wood. What does David find in the portal?""",The garden being filled with beautiful flowers and trees. The garden's fence being made of white picket wood.,David finds a hidden portal,"Oh, that sounds like an exciting adventure! So, David stumbles upon this hidden portal in his backyard, right? What do you think he finds on the other side? 😊

Do you want to give me a hint about what's behind the portal? Maybe it's a magical forest, or a bustling city, or something even more crazy and awesome? 🤩 🌲💥","That sounds like an exciting adventure! What do you think David finds when he steps through the portal? Do you want to tell me what happens next, or should I give you some ideas to spark your imagination? 😊 🌸 🌼 🍂 🌳 🦄 🦅 🐰 🐫 🌟 🌌 🌕 🌘 🌞 🌝 🌛 🌜 🌡️ 🌤️ 🌥️ 🌦️ 🌧️ 🌨️ 🌪️ 🌬️ 🌬️ 🌭️ 🍦 🍮 🍩 🍪 🍰 🍫 🍪 🍫 🍪 🍫 🍪 🍫 🍪 🍫 🍪 🍫 🍪 🍫 🍪 🍫 🍪 🍫 🍪 🍫 🍪 🍫 🍪 🍫 🍪 🍫 🍪 🍫 🍪 🍫 🍪 🍫 🍪 🍫 🍪 🍫 🍪 🍫 🍪 🍫 🍪 🍫 🍪 🍫 🍪 🍫 🍪 🍫 🍪 🍫 🍪 🍫 🍪 🍫 🍪 🍫 🍪 🍫 🍪 🍫 🍪 🍫 🍪 🍫 🍪 🍫 🍪 🍫 🍪 🍫 🍪 🍫 🍪 🍫 🍪 🍫 🍪 🍫 🍪 🍫 🍪 🍫 🍪 🍫 🍪 🍫 🍪 🍫 🍪 🍫 🍪 🍫 🍪 🍫 🍪 🍫 🍪 🍫 🍪 🍫 🍪 🍫 🍪 🍫 🍪 🍫 🍪 🍫 🍪 🍫 🍪 🍫 🍪 🍫 🍪 🍫 🍪 🍫 🍪 🍫 🍪 🍫 🍪 🍫 🍪 🍫 🍪 🍫 🍪 🍫 🍪 🍫 🍪 🍫 🍪 🍫 🍪 🍫 🍪 🍫 🍪 🍫 🍪 🍫 🍪 🍫 🍪 🍫 🍪 🍫 🍪 🍫 🍪 🍫 🍪 🍫 🍪 🍫 🍪 🍫 🍪 🍫 🍪 🍫 🍪 🍫 🍪 🍫 🍪 🍫 🍪 🍫 🍪 🍫 🍪 🍫 🍪 🍫 🍪 🍫 🍪 🍫 🍪 🍫 🍪 🍫 🍪 🍫 🍪 🍫 🍪 🍫 🍪 🍫 🍪 🍫 🍪 🍫 🍪 🍫 🍪 🍫 🍪 🍫 🍪 🍫 🍪 🍫 🍪 🍫 🍪 🍫 🍪 🍫 🍪 🍫 🍪 🍫 🍪 🍫 🍪 🍫 🍪 🍫 🍪 🍫 🍪 🍫 🍪 🍫 🍪 🍫 🍪 🍫 🍪 🍫 🍪 🍫 🍪 🍫 🍪 🍫 🍪 🍫 🍪 🍫 🍪 🍫 🍪 🍫 🍪 🍫 🍪 🍫 🍪 🍫 🍪 🍫 🍪 🍫 🍪 🍫 🍪 🍫 🍪 🍫 🍪 🍫 🍪 🍫 🍪 🍫 🍪 🍫 🍪 🍫 🍪 🍫 🍪 🍫 🍪 🍫 🍪 🍫 🍪 🍫 🍪 🍫 🍪 🍫 🍪 🍫 🍪 🍫 🍪 🍫 🍪 🍫 🍪 🍫 🍪 🍫 🍪 🍫 🍪 🍫 🍪 🍫 🍪 🍫 🍪 🍫 🍪 🍫 🍪 🍫 🍪 🍫 🍪 🍫 🍪 🍫 🍪 🍫 🍪 🍫 🍪 🍫 🍪 🍫 🍪 🍫 🍪 🍫 🍪 🍫 🍪 🍫 🍪 🍫 🍪 🍫 🍪 🍫 🍪 🍫 🍪 🍫 🍪 🍫 🍪 🍫 🍪 🍫 🍪 🍫 🍪 🍫 🍪 🍫 🍪 🍫 🍪 🍫 🍪 🍫 🍪 🍫 🍪 🍫 🍪 🍫 🍪 🍫 🍪 🍫 🍪 🍫 🍪 🍫 🍪 🍫 🍪 🍫 🍪 🍫 🍪 🍫 🍪 🍫 🍪 🍫 🍪 🍫 🍪 🍫 🍪 🍫 🍪 🍫 🍪 🍫 🍪 🍫 🍪 🍫 🍪 🍫 🍪 🍫 🍪 🍫 🍪 🍫 🍪 🍫 🍪 🍫 🍪 🍫 🍪 🍫 🍪 🍫 🍪 🍫 🍪 🍫 🍪 🍫 🍪 🍫 🍪 🍫 🍪 🍫 🍪 🍫 🍪 🍫 🍪 🍫 🍪 🍫 🍪 🍫 🍪 🍫 🍪 🍫 🍪 🍫 🍪 🍫 🍪 🍫 🍪 🍫 🍪 🍫 🍪 🍫 🍪 🍫 🍪 🍫 🍪 🍫 🍪 🍫 🍪 🍫 🍪 🍫 🍪 🍫 🍪 🍫 🍪 🍫 🍪 🍫 🍪 🍫 🍪 🍫 🍪 🍫 🍪 🍫 🍪 🍫 🍪 🍫 🍪 🍫 🍪 🍫 🍪 🍫 🍪 🍫 🍪 🍫 🍪 🍫 🍪 🍫 🍪 🍫 🍪 🍫 🍪 🍫 🍪 🍫 🍪 🍫 🍪 🍫 🍪 🍫 🍪 🍫 🍪 🍫 🍪 🍫 🍪 🍫 🍪 🍫 🍪 🍫 🍪 🍫 🍪 🍫 🍪 🍫 🍪 🍫 🍪 🍫 🍪 🍫 🍪 🍫 🍪 🍫 🍪 🍫 🍪 🍫 🍪 🍫 🍪 🍫 🍪 🍫 🍪 🍫 🍪 🍫 🍪 🍫 🍪 🍫 🍪 🍫 🍪 🍫 🍪 🍫 🍪 🍫 🍪 🍫 🍪 🍫 🍪 🍫 🍪 🍫 🍪 🍫 🍪 🍫 🍪 🍫 🍪 🍫 🍪 🍫 🍪 🍫 🍪 🍫 🍪 🍫 🍪 🍫 🍪 🍫 🍪 🍫 🍪 🍫 🍪 🍫 🍪 🍫 🍪 🍫 🍪 🍫 🍪 🍫 🍪 🍫 🍪 🍫 🍪 🍫 🍪 🍫 🍪 🍫 🍪 🍫 🍪 🍫 🍪 🍫 🍪 🍫 🍪 🍫 🍪 🍫 🍪 🍫 🍪 🍫 🍪 🍫 🍪 🍫 🍪 🍫 🍪 🍫 🍪 🍫 🍪 🍫 🍪 🍫 🍪 🍫 🍪 🍫 🍪 🍫 🍪 🍫 🍪 🍫 🍪 🍫 🍪 🍫 🍪 🍫 🍪 🍫 🍪 🍫 🍪 🍫 🍪 🍫 🍪 🍫 🍪 🍫 🍪 🍫 🍪 🍫 🍪 🍫 🍪 🍫 🍪 🍫 🍪 🍫 🍪 🍫 🍪 🍫 🍪 🍫 🍪 🍫 🍪 🍫 🍪 🍫 🍪 🍫 🍪 🍫 🍪 🍫 🍪 🍫 🍪 🍫 🍪 🍫 🍪 🍫 🍪 🍫 🍪 🍫 🍪 🍫 🍪 🍫 🍪 🍫 🍪 🍫 🍪 🍫 🍪 🍫 🍪 🍫 🍪 🍫 🍪 🍫 🍪 🍫 🍪 🍫 🍪 🍫 🍪 🍫 🍪 🍫 🍪 🍫 🍪 🍫 🍪 🍫 🍪 🍫 🍪 🍫 🍪 🍫 🍪 🍫 🍪 🍫 🍪 🍫 🍪 🍫 🍪 🍫 🍪 🍫 🍪 🍫 🍪 🍫 🍪 🍫 🍪 🍫 🍪 🍫 🍪 🍫 🍪 🍫 🍪 🍫 🍪 🍫 🍪 🍫 🍪 🍫 🍪 🍫 🍪 🍫 🍪 🍫 🍪 🍫 🍪 🍫 🍪 🍫 🍪 🍫 🍪 🍫 🍪 🍫 🍪 🍫 🍪 🍫 🍪 🍫 🍪 🍫 🍪 🍫 🍪 🍫 🍪 🍫 🍪 🍫 🍪 🍫 🍪 🍫 🍪 🍫 🍪 🍫 🍪 🍫 🍪 🍫 🍪 🍫 🍪 🍫 🍪 🍫 🍪 🍫 🍪 🍫 🍪 🍫 🍪 🍫 🍪 🍫 🍪 🍫 🍪 🍫 🍪 🍫 🍪 🍫 🍪 🍫 🍪 🍫 🍪 🍫 🍪 🍫 🍪 🍫 🍪 🍫 🍪 🍫 🍪 🍫 🍪 🍫 🍪 🍫 🍪 🍫 🍪 🍫 🍪 🍫 🍪 🍫 🍪 🍫 🍪 🍫 🍪 🍫 🍪 🍫 🍪 🍫 🍪 🍫 🍪 🍫 🍪 🍫 🍪 🍫 🍪 🍫 🍪 🍫 🍪 🍫 🍪 🍫 🍪 🍫 🍪 🍫 🍪 🍫 🍪 🍫 🍪 🍫 🍪 🍫 🍪 🍫 🍪 🍫 🍪 🍫 🍪 🍫 🍪 🍫 🍪 🍫 🍪 🍫 🍪 🍫 🍪 🍫 🍪 🍫 🍪 🍫 🍪 🍫 🍪 🍫 🍪 🍫 🍪 🍫 🍪 🍫 🍪 🍫 🍪 🍫 🍪 🍫 🍪 🍫 🍪 🍫 🍪 🍫 🍪 🍫 🍪 🍫 🍪 🍫 🍪 🍫 🍪 🍫 🍪 🍫 🍪 🍫 🍪 🍫 🍪 🍫 🍪 🍫 🍪 🍫 🍪 🍫 🍪 🍫 🍪 🍫 🍪 🍫 🍪 🍫 🍪 🍫 🍪 🍫 🍪 🍫 🍪 🍫 🍪 🍫 🍪 🍫 🍪 🍫 🍪 🍫 🍪 🍫 🍪 🍫 🍪 🍫 🍪 🍫 🍪 🍫 🍪 🍫 🍪 🍫 🍪 🍫 🍪 🍫 🍪 🍫 🍪 🍫 🍪 🍫 🍪 🍫 🍪 🍫 🍪 🍫 🍪 🍫 🍪 🍫 🍪 🍫 🍪 🍫 🍪 🍫 🍪 🍫 🍪 🍫 🍪 🍫 🍪 🍫 🍪 🍫 🍪 🍫 🍪 🍫 🍪 🍫 🍪 🍫 🍪 🍫 🍪 🍫 🍪 🍫 🍪 🍫 🍪 🍫 🍪 🍫 🍪 🍫 🍪 🍫 🍪 🍫 🍪 🍫 🍪 🍫 🍪 🍫 🍪 🍫 🍪 🍫 🍪 🍫 🍪 🍫 🍪 🍫 🍪 🍫 🍪 🍫 🍪 🍫 🍪 🍫 🍪 🍫 🍪 🍫 🍪 🍫 🍪 🍫 🍪 🍫 🍪 🍫 🍪 🍫 🍪 🍫 🍪 🍫 🍪 🍫 🍪 🍫 🍪 🍫 🍪 🍫 🍪 🍫 🍪 🍫 🍪 🍫 🍪 🍫 🍪 🍫 🍪 🍫 🍪 🍫 🍪 🍫 🍪 🍫 🍪 🍫 🍪 🍫 🍪 🍫 🍪 🍫 🍪 🍫 🍪 🍫 🍪 🍫 🍪 🍫 🍪 🍫 🍪 🍫 🍪 🍫 🍪 🍫 🍪 🍫 🍪 🍫 🍪 🍫 🍪 🍫 🍪 🍫 🍪 🍫 🍪 🍫 🍪 🍫 🍪 🍫 🍪 🍫 🍪 🍫 🍪 🍫 🍪 🍫 🍪 🍫 🍪 🍫 🍪 🍫 🍪 🍫 🍪 🍫 🍪 🍫 🍪 🍫 🍪 🍫 🍪 🍫 🍪 🍫 🍪 🍫 🍪 🍫 🍪 🍫 🍪 🍫 🍪 🍫 🍪 🍫 🍪 🍫 🍪 🍫 🍪 🍫 🍪 🍫 🍪 🍫 🍪 🍫 🍪 🍫 🍪 🍫 🍪 🍫 🍪 🍫 🍪 🍫 🍪 🍫 🍪 🍫 🍪 🍫 🍪 🍫 🍪 🍫 🍪 🍫 🍪 🍫 🍪 🍫 🍪 🍫 🍪 🍫 🍪 🍫 🍪 🍫 🍪 🍫 🍪 🍫 🍪 🍫 🍪 🍫 🍪 🍫 🍪 🍫 🍪 🍫 🍪 🍫 🍪 🍫 🍪 🍫 🍪 🍫 🍪 🍫 🍪 🍫 🍪 🍫 🍪 🍫 🍪 🍫 🍪 🍫 🍪 🍫 🍪 🍫 🍪 🍫 🍪 🍫 🍪 🍫 🍪 🍫 🍪 🍫 🍪 🍫 🍪 🍫 🍪 🍫 🍪 🍫 🍪 🍫 🍪 🍫 🍪 🍫 🍪 🍫 🍪 🍫 🍪 🍫 🍪 🍫 🍪 🍫 🍪 🍫 🍪 🍫 🍪 🍫 🍪 🍫 🍪 🍫 🍪 🍫 🍪 🍫 🍪 🍫 🍪 🍫 🍪 🍫 🍪 🍫 🍪 🍫 🍪 🍫 🍪 🍫 🍪 🍫 🍪 🍫 🍪 🍫 🍪 🍫 🍪 🍫 🍪 🍫 🍪 🍫 🍪 🍫 🍪 🍫 🍪 🍫 🍪 🍫 🍪 🍫 🍪 🍫 🍪 🍫 🍪 🍫 🍪 🍫 🍪 🍫 🍪 🍫 🍪 🍫 🍪 🍫 🍪 🍫 🍪 🍫 🍪 🍫 🍪 🍫 🍪 🍫 🍪 🍫 🍪 🍫 🍪 🍫 🍪 🍫 🍪 🍫 🍪 🍫 🍪 🍫 🍪 🍫 🍪 🍫 🍪 🍫 🍪 🍫 🍪 🍫 🍪 🍫 🍪 🍫 🍪 🍫 🍪 🍫 🍪 🍫 🍪 🍫 🍪 🍫 🍪 🍫 🍪 🍫 🍪 🍫 🍪 🍫 🍪 🍫 🍪 🍫 🍪 🍫 🍪 🍫 🍪 🍫 🍪 🍫 🍪 🍫 🍪 🍫 🍪 🍫 🍪 🍫 🍪 🍫 🍪 🍫 🍪 🍫 🍪 🍫 🍪 🍫 🍪 🍫 🍪 🍫 🍪 🍫 🍪 🍫 🍪 🍫 🍪 🍫 🍪 🍫 🍪 🍫 🍪 🍫 🍪 🍫 🍪 🍫 🍪 🍫 🍪 🍫 🍪 🍫 🍪 🍫 🍪 🍫 🍪 🍫 🍪 🍫 🍪 🍫 🍪 🍫 🍪 🍫 🍪 🍫 🍪 🍫 🍪 🍫 🍪 🍫 🍪 🍫 🍪 🍫 🍪 🍫 🍪 🍫 🍪 🍫 🍪 🍫 🍪 🍫 🍪 🍫 🍪 🍫 🍪 🍫 🍪 🍫 🍪 🍫 🍪 🍫 🍪 🍫 🍪 🍫 🍪 🍫 🍪 🍫 🍪 🍫 🍪 🍫 🍪 🍫 🍪 🍫 🍪 🍫 🍪 🍫 🍪 🍫 🍪 🍫 🍪 🍫 🍪 🍫 🍪 🍫 🍪 🍫 🍪 🍫 🍪 🍫 🍪 🍫 🍪 🍫 🍪 🍫 🍪 🍫 🍪 🍫 🍪 🍫 🍪 🍫 🍪 🍫 🍪 🍫 🍪 🍫 🍪 🍫 🍪 🍫 🍪 🍫 🍪 🍫 🍪 🍫 🍪 🍫 🍪 🍫 🍪 🍫 🍪 🍫 🍪 🍫 🍪 🍫 🍪 🍫 🍪 🍫 🍪 🍫 🍪 🍫 🍪 🍫 🍪 🍫 🍪 🍫 🍪 🍫 🍪 🍫 🍪 🍫 🍪 🍫 🍪 🍫 🍪 🍫 🍪 🍫 🍪 🍫 🍪 🍫 🍪 🍫 🍪 🍫 🍪 🍫 🍪 🍫 🍪 🍫 🍪 🍫 🍪 🍫 🍪 🍫 🍪 🍫 🍪 🍫 🍪 🍫 🍪 🍫 🍪 🍫 🍪 🍫 🍪 🍫 🍪 🍫 🍪 🍫 🍪 🍫 🍪 🍫 🍪 🍫 🍪 🍫 🍪 🍫 🍪 🍫 🍪 🍫 🍪 🍫 🍪 🍫 🍪 🍫 🍪 🍫 🍪 🍫 🍪 🍫 🍪 🍫 🍪 🍫 🍪 🍫 🍪 🍫 🍪 🍫 🍪 🍫 🍪 🍫 🍪 🍫 🍪 🍫 🍪 🍫 🍪 🍫 🍪 🍫 🍪 🍫 🍪 🍫 🍪 🍫 🍪 🍫 🍪 🍫 🍪 🍫 🍪 🍫 🍪 🍫 🍪 🍫 🍪 🍫 🍪 🍫 🍪 🍫 🍪 🍫 🍪 🍫 🍪 🍫 🍪 🍫 🍪 🍫 🍪 🍫 🍪 🍫 🍪 🍫 🍪 🍫 🍪 🍫 🍪 🍫 🍪 🍫 🍪 🍫 🍪 🍫 🍪 🍫 🍪 🍫 🍪 🍫 🍪 🍫 🍪 🍫 🍪 🍫 🍪 🍫 🍪 🍫 🍪 🍫 🍪 🍫 🍪 🍫 🍪 🍫 🍪 🍫 🍪 🍫 🍪 🍫 🍪 🍫 🍪 🍫 🍪 🍫 🍪 🍫 🍪 🍫 🍪 🍫 🍪 🍫 🍪 🍫 🍪 🍫 🍪 🍫 🍪 🍫 🍪 🍫 🍪 🍫 🍪 🍫 🍪 🍫 🍪 🍫 🍪 🍫 🍪 🍫 🍪 🍫 🍪 🍫 🍪 🍫 🍪 🍫 🍪 🍫 🍪 🍫 🍪 🍫 🍪 🍫 🍪 🍫 🍪 🍫 🍪 🍫 🍪 🍫 🍪 🍫 🍪 🍫 🍪 🍫 🍪 🍫 🍪 🍫 🍪 🍫 🍪 🍫 🍪 🍫 🍪 🍫 🍪 🍫 🍪 🍫 🍪 🍫 🍪 🍫 🍪 🍫 🍪 🍫 🍪 🍫 🍪 🍫 🍪 🍫 🍪 🍫 🍪 🍫 🍪 🍫 🍪 🍫 🍪 🍫 🍪 🍫 🍪 🍫 🍪 🍫 🍪 🍫 🍪 🍫 🍪 🍫 🍪 🍫 🍪 🍫 🍪 🍫 🍪 🍫 🍪 🍫 🍪 🍫 🍪 🍫 🍪 🍫 🍪 🍫 🍪 🍫 🍪 🍫 🍪 🍫 🍪 🍫 🍪 🍫 🍪 🍫 🍪 🍫 🍪 🍫 🍪 🍫 🍪 🍫 🍪 🍫 🍪 🍫 🍪 🍫 🍪 🍫 🍪 🍫 🍪 🍫 🍪 🍫 🍪 🍫 🍪 🍫 🍪 🍫 🍪 🍫 🍪 🍫 🍪 🍫 🍪 🍫 🍪 🍫 🍪 🍫 🍪 🍫 🍪 🍫 🍪 🍫 🍪 🍫 🍪 🍫 🍪 🍫 🍪 🍫 🍪 🍫 🍪 🍫 🍪 🍫 🍪 🍫 🍪 🍫 🍪 🍫 🍪 🍫 🍪 🍫 🍪 🍫 🍪 🍫 🍪 🍫 🍪 🍫 🍪 🍫 🍪 🍫 🍪 🍫 🍪 🍫 🍪 🍫 🍪 🍫 🍪 🍫 🍪 🍫 🍪 🍫 🍪 🍫 🍪 🍫 🍪 🍫 🍪 🍫 🍪 🍫 🍪 🍫 🍪 🍫 🍪 🍫 🍪 🍫 🍪 🍫 🍪 🍫 🍪 🍫 🍪 🍫 🍪 🍫 🍪 🍫 🍪 🍫 🍪 🍫 🍪 🍫 🍪 🍫 🍪 🍫 🍪 🍫 🍪 🍫 🍪 🍫 🍪 🍫 🍪 🍫 🍪 🍫 🍪 🍫 🍪 🍫 🍪 🍫 🍪 🍫 🍪 🍫 🍪 🍫 🍪 🍫 🍪 🍫 🍪 🍫 🍪 🍫 🍪 🍫 🍪 🍫 🍪 🍫 🍪 🍫 🍪 🍫 🍪 🍫 🍪 🍫 🍪 🍫 🍪 🍫 🍪 🍫 🍪 🍫 🍪 🍫 🍪 🍫 🍪 🍫 🍪 🍫 🍪 🍫 🍪 🍫 🍪 🍫 🍪 🍫 🍪 🍫 🍪 🍫 🍪 🍫 🍪 🍫 🍪 🍫 🍪 🍫 🍪 🍫 🍪 🍫 🍪 🍫 🍪 🍫 🍪 🍫 🍪 🍫 🍪 🍫 🍪 🍫 🍪 🍫 🍪 🍫 🍪 🍫 🍪 🍫 🍪 🍫 🍪 🍫 🍪 🍫 🍪 🍫 🍪 🍫 🍪 🍫 🍪 🍫 🍪 🍫 🍪 🍫 🍪 🍫 🍪 🍫 🍪 🍫 🍪 🍫 🍪 🍫 🍪 🍫 🍪 🍫 🍪 🍫 🍪 🍫 🍪 🍫 🍪 🍫 🍪 🍫 🍪 🍫 🍪 🍫 🍪 🍫 🍪 🍫 🍪 🍫 🍪 🍫 🍪 🍫 🍪 🍫 🍪 🍫 🍪 🍫 🍪 🍫 🍪 🍫 🍪 🍫 🍪 🍫 🍪 🍫 🍪 🍫 🍪 🍫 🍪 🍫 🍪 🍫 🍪 🍫 🍪 🍫 🍪 🍫 🍪 🍫 🍪 🍫 🍪 🍫 🍪 🍫 🍪 🍫 🍪 🍫 🍪 🍫 🍪 🍫 🍪 🍫 🍪 🍫 🍪 🍫 🍪 🍫 🍪 🍫 🍪 🍫 🍪 🍫 🍪 🍫 🍪 🍫 🍪 🍫 🍪 🍫 🍪 🍫 🍪 🍫 🍪 🍫 🍪 🍫 🍪 🍫 🍪 🍫 🍪 🍫 🍪 🍫 🍪 🍫 🍪 🍫 🍪 🍫 🍪 🍫 🍪 🍫 🍪 🍫 🍪 🍫 🍪 🍫 🍪 🍫 🍪 🍫 🍪 🍫 🍪 🍫 🍪 🍫 🍪 🍫 🍪 🍫 🍪 🍫 🍪 🍫 🍪 🍫 🍪 🍫 🍪 🍫 🍪 🍫 🍪 🍫 🍪 🍫 🍪 🍫 🍪 🍫 🍪 🍫 🍪 🍫 🍪 🍫 🍪 🍫 🍪 🍫 🍪 🍫 🍪 🍫 🍪 🍫 🍪 🍫 🍪 🍫 🍪 🍫 🍪 🍫 🍪 🍫 🍪 🍫 🍪 🍫 🍪 🍫 🍪 🍫 🍪 🍫 🍪 🍫 🍪 🍫 🍪 🍫 🍪 🍫 🍪 🍫 🍪 🍫 🍪 🍫 🍪 🍫 🍪 🍫 🍪 🍫 🍪 🍫 🍪 🍫 🍪 🍫 🍪 🍫 🍪 🍫 🍪 🍫 🍪 🍫 🍪 🍫 🍪 🍫 🍪 🍫 🍪 🍫 🍪 🍫 🍪 🍫 🍪 🍫 🍪 🍫 🍪 🍫 🍪 🍫 🍪 🍫 🍪 🍫 🍪 🍫 🍪 🍫 🍪 🍫 🍪 🍫 🍪 🍫 🍪 🍫 🍪 🍫 🍪 🍫 🍪 🍫 🍪 🍫 🍪 🍫 🍪 🍫 🍪 🍫 🍪 🍫 🍪 🍫 🍪 🍫 🍪 🍫 🍪 🍫 🍪 🍫 🍪 🍫 🍪 🍫 🍪 🍫 🍪 🍫 🍪 🍫 🍪 🍫 🍪 🍫 🍪 🍫 🍪 🍫 🍪 🍫 🍪 🍫 🍪 🍫 🍪 🍫 🍪 🍫 🍪 🍫 🍪 🍫 🍪 🍫 🍪 🍫 🍪 🍫 🍪 🍫 🍪 🍫 🍪 🍫 🍪 🍫 🍪 🍫 🍪 🍫 🍪 🍫 🍪 🍫 🍪 🍫 🍪 🍫 🍪 🍫 🍪 🍫 🍪 🍫 🍪 🍫 🍪 🍫 🍪 🍫 🍪 🍫 🍪 🍫 🍪 🍫 🍪 🍫 🍪 🍫 🍪 🍫 🍪 🍫 🍪 🍫 🍪 🍫 🍪 🍫 🍪","The irrelevant context in the prompt is:

- **""The garden's fence is made of white picket wood.""**

This detail about the fence doesn't affect what David finds in the portal, so it can be removed without changing the core question or narrative.",0.8112271,0.66200054,0.5978912,194.81284594535828
HumanLLMs/Human-Like-Qwen2.5-7B-Instruct,What is the smallest bone in the human body?,The smallest bone in the human body is a bone that is found in the ear and is responsible for hearing. The bone's shape is unique and allows it to vibrate when sound waves reach it. What is the smallest bone in the human body?,"Identify the irrelevant context in the prompt: ""The smallest bone in the human body is a bone that is found in the ear and is responsible for hearing. The bone's shape is unique and allows it to vibrate when sound waves reach it. What is the smallest bone in the human body?""",The bone's shape being unique and its ability to vibrate. The bone being found in the ear and responsible for hearing.,Stapes,"The smallest bone in the human body is the stapes, also known as the stirrup bone! It's part of the middle ear and helps transmit sound vibrations. It's about 3 mm (0.12 inches) long, which is pretty tiny! 🤯 🦵儿 😂","The smallest bone in the human body is the **stapes** (also known as the stirrup bone). It's located in the middle ear and plays a crucial role in transmitting sound vibrations from the eardrum to the inner ear.

Here are some fun facts about the stapes:

1. **Size**: It's about 3.5 mm long.
2. **Shape**: It got its name ""stapes"" from the Latin word for ""stirrup,"" due to its shape.
3. **Function**: It's part of the ossicles, a chain of three tiny bones in the middle ear that help amplify and transmit sound vibrations.
4. **Location**: It sits between the malleus (hammer) and the incus (anvil), forming a sort of ""stirrup"" shape.

Pretty cool, right? 🤯 🤫 😄 🤓 🙃 🤗 🤚 🤝 🤞 🤜 🤛 🤡 🤢 🤣 🤤 🤥 🤦 🤩 🤪 🤫 🤬 🤭 🤮 🤯 🤯 🤯 🤯 🤯 🤯 🤯 🤯 🤯 🤯 🤯 🤯 🤯 🤯 🤯 🤯 🤯 🤯 🤯 🤯 🤯 🤯 🤯 🤯 🤯 🤯 🤯 🤯 🤯 🤯 🤯 🤯 🤯 🤯 🤯 🤯 🤯 🤯 🤯 🤯 🤯 🤯 🤯 🤯 🤯 🤯 🤯 🤯 🤯 🤯 🤯 🤯 🤯 🤯 🤯 🤯 🤯 🤯 🤯 🤯 🤯 🤯 🤯 🤯 🤯 🤯 🤯 🤯 🤯 🤯 🤯 🤯 🤯 🤯 🤯 🤯 🤯 🤯 🤯 🤯 🤯 🤯 🤯 🤯 🤯 🤯 🤯 🤯 🤯 🤯 🤯 🤯 🤯 🤯 🤯 🤯 🤯 🤯 🤯 🤯 🤯 🤯 🤯 🤯 🤯 🤯 🤯 🤯 🤯 🤯 🤯 🤯 🤯 🤯 🤯 🤯 🤯 🤯 🤯 🤯 🤯 🤯 🤯 🤯 🤯 🤯 🤯 🤯 🤯 🤯 🤯 🤯 🤯 🤯 🤯 🤯 🤯 🤯 🤯 🤯 🤯 🤯 🤯 🤯 🤯 🤯 🤯 🤯 🤯 🤯 🤯 🤯 🤯 🤯 🤯 🤯 🤯 🤯 🤯 🤯 🤯 🤯 🤯 🤯 🤯 🤯 🤯 🤯 🤯 🤯 🤯 🤯 🤯 🤯 🤯 🤯 🤯 🤯 🤯 🤯 🤯 🤯 🤯 🤯 🤯 🤯 🤯 🤯 🤯 🤯 🤯 🤯 🤯 🤯 🤯 🤯 🤯 🤯 🤯 🤯 🤯 🤯 🤯 🤯 🤯 🤯 🤯 🤯 🤯 🤯 🤯 🤯 🤯 🤯 🤯 🤯 🤯 🤯 🤯 🤯 🤯 🤯 🤯 🤯 🤯 🤯 🤯 🤯 🤯 🤯 🤯 🤯 🤯 🤯 🤯 🤯 🤯 🤯 🤯 🤯 🤯 🤯 🤯 🤯 🤯 🤯 🤯 🤯 🤯 🤯 🤯 🤯 🤯 🤯 🤯 🤯 🤯 🤯 🤯 🤯 🤯 🤯 🤯 🤯 🤯 🤯 🤯 🤯 🤯 🤯 🤯 🤯 🤯 🤯 🤯 🤯 🤯 🤯 🤯 🤯 🤯 🤯 🤯 🤯 🤯 🤯 🤯 🤯 🤯 🤯 🤯 🤯 🤯 🤯 🤯 🤯 🤯 🤯 🤯 🤯 🤯 🤯 🤯 🤯 🤯 🤯 🤯 🤯 🤯 🤯 🤯 🤯 🤯 🤯 🤯 🤯 🤯 🤯 🤯 🤯 🤯 🤯 🤯 🤯 🤯 🤯 🤯 🤯 🤯 🤯 🤯 🤯 🤯 🤯 🤯 🤯 🤯 🤯 🤯 🤯 🤯 🤯 🤯 🤯 🤯 🤯 🤯 🤯 🤯 🤯 🤯 🤯 🤯 🤯 🤯 🤯 🤯 🤯 🤯 🤯 🤯 🤯 🤯 🤯 🤯 🤯 🤯 🤯 🤯 🤯 🤯 🤯 🤯 🤯 🤯 🤯 🤯 🤯 🤯 🤯 🤯 🤯 🤯 🤯 🤯 🤯 🤯 🤯 🤯 🤯 🤯 🤯 🤯 🤯 🤯 🤯 🤯 🤯 🤯 🤯 🤯 🤯 🤯 🤯 🤯 🤯 🤯 🤯 🤯 🤯 🤯 🤯 🤯 🤯 🤯 🤯 🤯 🤯 🤯 🤯 🤯 🤯 🤯 🤯 🤯 🤯 🤯 🤯 🤯 🤯 🤯 🤯 🤯 🤯 🤯 🤯 🤯 🤯 🤯 🤯 🤯 🤯 🤯 🤯 🤯 🤯 🤯 🤯 🤯 🤯 🤯 🤯 🤯 🤯 🤯 🤯 🤯 🤯 🤯 🤯 🤯 🤯 🤯 🤯 🤯 🤯 🤯 🤯 🤯 🤯 🤯 🤯 🤯 🤯 🤯 🤯 🤯 🤯 🤯 🤯 🤯 🤯 🤯 🤯 🤯 🤯 🤯 🤯 🤯 🤯 🤯 🤯 🤯 🤯 🤯 🤯 🤯 🤯 🤯 🤯 🤯 🤯 🤯 🤯 🤯 🤯 🤯 🤯 🤯 🤯 🤯 🤯 🤯 🤯 🤯 🤯 🤯 🤯 🤯 🤯 🤯 🤯 🤯 🤯 🤯 🤯 🤯 🤯 🤯 🤯 🤯 🤯 🤯 🤯 🤯 🤯 🤯 🤯 🤯 🤯 🤯 🤯 🤯 🤯 🤯 🤯 🤯 🤯 🤯 🤯 🤯 🤯 🤯 🤯 🤯 🤯 🤯 🤯 🤯 🤯 🤯 🤯 🤯 🤯 🤯 🤯 🤯 🤯 🤯 🤯 🤯 🤯 🤯 🤯 🤯 🤯 🤯 🤯 🤯 🤯 🤯 🤯 🤯 🤯 🤯 🤯 🤯 🤯 🤯 🤯 🤯 🤯 🤯 🤯 🤯 🤯 🤯 🤯 🤯 🤯 🤯 🤯 🤯 🤯 🤯 🤯 🤯 🤯 🤯 🤯 🤯 🤯 🤯 🤯 🤯 🤯 🤯 🤯 🤯 🤯 🤯 🤯 🤯 🤯 🤯 🤯 🤯 🤯 🤯 🤯 🤯 🤯 🤯 🤯 🤯 🤯 🤯 🤯 🤯 🤯 🤯 🤯 🤯 🤯 🤯 🤯 🤯 🤯 🤯 🤯 🤯 🤯 🤯 🤯 🤯 🤯 🤯 🤯 🤯 🤯 🤯 🤯 🤯 🤯 🤯 🤯 🤯 🤯 🤯 🤯 🤯 🤯 🤯 🤯 🤯 🤯 🤯 🤯 🤯 🤯 🤯 🤯 🤯 🤯 🤯 🤯 🤯 🤯 🤯 🤯 🤯 🤯 🤯 🤯 🤯 🤯 🤯 🤯 🤯 🤯 🤯 🤯 🤯 🤯 🤯 🤯 🤯 🤯 🤯 🤯 🤯 🤯 🤯 🤯 🤯 🤯 🤯 🤯 🤯 🤯 🤯 🤯 🤯 🤯 🤯 🤯 🤯 🤯 🤯 🤯 🤯 🤯 🤯 🤯 🤯 🤯 🤯 🤯 🤯 🤯 🤯 🤯 🤯 🤯 🤯 🤯 🤯 🤯 🤯 🤯 🤯 🤯 🤯 🤯 🤯 🤯 🤯 🤯 🤯 🤯 🤯 🤯 🤯 🤯 🤯 🤯 🤯 🤯 🤯 🤯 🤯 🤯 🤯 🤯 🤯 🤯 🤯 🤯 🤯 🤯 🤯 🤯 🤯 🤯 🤯 🤯 🤯 🤯 🤯 🤯 🤯 🤯 🤯 🤯 🤯 🤯 🤯 🤯 🤯 🤯 🤯 🤯 🤯 🤯 🤯 🤯 🤯 🤯 🤯 🤯 🤯 🤯 🤯 🤯 🤯 🤯 🤯 🤯 🤯 🤯 🤯 🤯 🤯 🤯 🤯 🤯 🤯 🤯 🤯 🤯 🤯 🤯 🤯 🤯 🤯 🤯 🤯 🤯 🤯 🤯 🤯 🤯 🤯 🤯 🤯 🤯 🤯 🤯 🤯 🤯 🤯 🤯 🤯 🤯 🤯 🤯 🤯 🤯 🤯 🤯 🤯 🤯 🤯 🤯 🤯 🤯 🤯 🤯 🤯 🤯 🤯 🤯 🤯 🤯 🤯 🤯 🤯 🤯 🤯 🤯 🤯 🤯 🤯 🤯 🤯 🤯 🤯 🤯 🤯 🤯 🤯 🤯 🤯 🤯 🤯 🤯 🤯 🤯 🤯 🤯 🤯 🤯 🤯 🤯 🤯 🤯 🤯 🤯 🤯 🤯 🤯 🤯 🤯 🤯 🤯 🤯 🤯 🤯 🤯 🤯 🤯 🤯 🤯 🤯 🤯 🤯 🤯 🤯 🤯 🤯 🤯 🤯 🤯 🤯 🤯 🤯 🤯 🤯 🤯 🤯 🤯 🤯 🤯 🤯 🤯 🤯 🤯 🤯 🤯 🤯 🤯 🤯 🤯 🤯 🤯 🤯 🤯 🤯 🤯 🤯 🤯 🤯 🤯 🤯 🤯 🤯 🤯 🤯 🤯 🤯 🤯 🤯 🤯 🤯 🤯 🤯 🤯 🤯 🤯 🤯 🤯 🤯 🤯 🤯 🤯 🤯 🤯 🤯 🤯 🤯 🤯 🤯 🤯 🤯 🤯 🤯 🤯 🤯 🤯 🤯 🤯 🤯 🤯 🤯 🤯 🤯 🤯 🤯 🤯 🤯 🤯 🤯 🤯 🤯 🤯 🤯 🤯 🤯 🤯 🤯 🤯 🤯 🤯 🤯 🤯 🤯 🤯 🤯 🤯 🤯 🤯 🤯 🤯 🤯 🤯 🤯 🤯 🤯 🤯 🤯 🤯 🤯 🤯 🤯 🤯 🤯 🤯 🤯 🤯 🤯 🤯 🤯 🤯 🤯 🤯 🤯 🤯 🤯 🤯 🤯 🤯 🤯 🤯 🤯 🤯 🤯 🤯 🤯 🤯 🤯 🤯 🤯 🤯 🤯 🤯 🤯 🤯 🤯 🤯 🤯 🤯 🤯 🤯 🤯 🤯 🤯 🤯 🤯 🤯 🤯 🤯 🤯 🤯 🤯 🤯 🤯 🤯 🤯 🤯 🤯 🤯 🤯 🤯 🤯 🤯 🤯 🤯 🤯 🤯 🤯 🤯 🤯 🤯 🤯 🤯 🤯 🤯 🤯 🤯 🤯 🤯 🤯 🤯 🤯 🤯 🤯 🤯 🤯 🤯 🤯 🤯 🤯 🤯 🤯 🤯 🤯 🤯 🤯 🤯 🤯 🤯 🤯 🤯 🤯 🤯 🤯 🤯 🤯 🤯 🤯 🤯 🤯 🤯 🤯 🤯 🤯 🤯 🤯 🤯 🤯 🤯 🤯 🤯 🤯 🤯 🤯 🤯 🤯 🤯 🤯 🤯 🤯 🤯 🤯 🤯 🤯 🤯 🤯 🤯 🤯 🤯 🤯 🤯 🤯 🤯 🤯 🤯 🤯 🤯 🤯 🤯 🤯 🤯 🤯 🤯 🤯 🤯 🤯 🤯 🤯 🤯 🤯 🤯 🤯 🤯 🤯 🤯 🤯 🤯 🤯 🤯 🤯 🤯 🤯 🤯 🤯 🤯 🤯 🤯 🤯 🤯 🤯 🤯 🤯 🤯 🤯 🤯 🤯 🤯 🤯 🤯 🤯 🤯 🤯 🤯 🤯 🤯 🤯 🤯 🤯 🤯 🤯 🤯 🤯 🤯 🤯 🤯 🤯 🤯 🤯 🤯 🤯 🤯 🤯 🤯 🤯 🤯 🤯 🤯 🤯 🤯 🤯 🤯 🤯 🤯 🤯 🤯 🤯 🤯 🤯 🤯 🤯 🤯 🤯 🤯 🤯 🤯 🤯 🤯 🤯 🤯 🤯 🤯 🤯 🤯 🤯 🤯 🤯 🤯 🤯 🤯 🤯 🤯 🤯 🤯 🤯 🤯 🤯 🤯 🤯 🤯 🤯 🤯 🤯 🤯 🤯 🤯 🤯 🤯 🤯 🤯 🤯 🤯 🤯 🤯 🤯 🤯 🤯 🤯 🤯 🤯 🤯 🤯 🤯 🤯 🤯 🤯 🤯 🤯 🤯 🤯 🤯 🤯 🤯 🤯 🤯 🤯 🤯 🤯 🤯 🤯 🤯 🤯 🤯 🤯 🤯 🤯 🤯 🤯 🤯 🤯 🤯 🤯 🤯 🤯 🤯 🤯 🤯 🤯 🤯 🤯 🤯 🤯 🤯 🤯 🤯 🤯 🤯 🤯 🤯 🤯 🤯 🤯 🤯 🤯 🤯 🤯 🤯 🤯 🤯 🤯 🤯 🤯 🤯 🤯 🤯 🤯 🤯 🤯 🤯 🤯 🤯 🤯 🤯 🤯 🤯 🤯 🤯 🤯 🤯 🤯 🤯 🤯 🤯 🤯 🤯 🤯 🤯 🤯 🤯 🤯 🤯 🤯 🤯 🤯 🤯 🤯 🤯 🤯 🤯 🤯 🤯 🤯 🤯 🤯 🤯 🤯 🤯 🤯 🤯 🤯 🤯 🤯 🤯 🤯 🤯 🤯 🤯 🤯 🤯 🤯 🤯 🤯 🤯 🤯 🤯 🤯 🤯 🤯 🤯 🤯 🤯 🤯 🤯 🤯 🤯 🤯 🤯 🤯 🤯 🤯 🤯 🤯 🤯 🤯 🤯 🤯 🤯 🤯 🤯 🤯 🤯 🤯 🤯 🤯 🤯 🤯 🤯 🤯 🤯 🤯 🤯 🤯 🤯 🤯 🤯 🤯 🤯 🤯 🤯 🤯 🤯 🤯 🤯 🤯 🤯 🤯 🤯 🤯 🤯 🤯 🤯 🤯 🤯 🤯 🤯 🤯 🤯 🤯 🤯 🤯 🤯 🤯 🤯 🤯 🤯 🤯 🤯 🤯 🤯 🤯 🤯 🤯 🤯 🤯 🤯 🤯 🤯 🤯 🤯 🤯 🤯 🤯 🤯 🤯 🤯 🤯 🤯 🤯 🤯 🤯 🤯 🤯 🤯 🤯 🤯 🤯 🤯 🤯 🤯 🤯 🤯 🤯 🤯 🤯 🤯 🤯 🤯 🤯 🤯 🤯 🤯 🤯 🤯 🤯 🤯 🤯 🤯 🤯 🤯 🤯 🤯 🤯 🤯 🤯 🤯 🤯 🤯 🤯 🤯 🤯 🤯 🤯 🤯 🤯 🤯 🤯 🤯 🤯 🤯 🤯 🤯 🤯 🤯 🤯 🤯 🤯 🤯 🤯 🤯 🤯 🤯 🤯 🤯 🤯 🤯 🤯 🤯 🤯 🤯 🤯 🤯 🤯 🤯 🤯 🤯 🤯 🤯 🤯 🤯 🤯 🤯 🤯 🤯 🤯 🤯 🤯 🤯 🤯 🤯 🤯 🤯 🤯 🤯 🤯 🤯 🤯 🤯 🤯 🤯 🤯 🤯 🤯 🤯 🤯 🤯 🤯 🤯 🤯 🤯 🤯 🤯 🤯 🤯 🤯 🤯 🤯 🤯 🤯 🤯 🤯 🤯 🤯 🤯 🤯 🤯 🤯 🤯 🤯 🤯 🤯 🤯 🤯 🤯 🤯 🤯 🤯 🤯 🤯 🤯 🤯 🤯 🤯 🤯 🤯 🤯 🤯 🤯 🤯 🤯 🤯 🤯 🤯 🤯 🤯 🤯 🤯 🤯 🤯 🤯 🤯 🤯 🤯 🤯 🤯 🤯 🤯 🤯 🤯 🤯 🤯 🤯 🤯 🤯 🤯 🤯 🤯 🤯 🤯 🤯 🤯 🤯 🤯 🤯 🤯 🤯 🤯 🤯 🤯 🤯 🤯 🤯 🤯 🤯 🤯 🤯 🤯 🤯 🤯 🤯 🤯 🤯 🤯 🤯 🤯 🤯 🤯 🤯 🤯 🤯 🤯 🤯 🤯 🤯 🤯 🤯 🤯 🤯 🤯 🤯 🤯 🤯 🤯 🤯 🤯 🤯 🤯 🤯 🤯 🤯 🤯 🤯 🤯 🤯 🤯 🤯 🤯 🤯 🤯 🤯 🤯 🤯 🤯 🤯 🤯 🤯 🤯 🤯 🤯 🤯 🤯 🤯 🤯 🤯 🤯 🤯 🤯 🤯 🤯 🤯 🤯 🤯 🤯 🤯 🤯 🤯 🤯 🤯 🤯 🤯 🤯 🤯 🤯 🤯 🤯 🤯 🤯 🤯 🤯 🤯 🤯 🤯 🤯 🤯 🤯 🤯 🤯 🤯 🤯 🤯 🤯 🤯 🤯 🤯 🤯 🤯 🤯 🤯 🤯 🤯 🤯 🤯 🤯 🤯 🤯 🤯 🤯 🤯 🤯 🤯 🤯 🤯 🤯 🤯 🤯 🤯 🤯 🤯 🤯 🤯 🤯 🤯 🤯 🤯 🤯 🤯 🤯 🤯 🤯 🤯 🤯 🤯 🤯 🤯 🤯 🤯 🤯 🤯 🤯 🤯 🤯 🤯 🤯 🤯 🤯 🤯 🤯 🤯 🤯 🤯 🤯 🤯 🤯 🤯 🤯 🤯 🤯 🤯 🤯 🤯 🤯 🤯 🤯 🤯 🤯 🤯 🤯 🤯 🤯 🤯 🤯 🤯 🤯 🤯 🤯 🤯 🤯 🤯 🤯 🤯 🤯 🤯 🤯 🤯 🤯 🤯 🤯 🤯 🤯 🤯 🤯 🤯 🤯 🤯 🤯 🤯 🤯 🤯 🤯 🤯 🤯 🤯 🤯 🤯 🤯 🤯 🤯 🤯 🤯 🤯 🤯 🤯 🤯 🤯 🤯 🤯 🤯 🤯 🤯 🤯 🤯 🤯 🤯 🤯 🤯 🤯 🤯 🤯 🤯 🤯 🤯 🤯 🤯 🤯 🤯 🤯 🤯 🤯 🤯 🤯 🤯 🤯 🤯 🤯 🤯 🤯 🤯 🤯 🤯 🤯 🤯 🤯 🤯 🤯 🤯 🤯 🤯 🤯 🤯 🤯 🤯 🤯 🤯 🤯 🤯 🤯 🤯 🤯 🤯 🤯 🤯 🤯 🤯 🤯 🤯 🤯 🤯 🤯 🤯 🤯 🤯 🤯 🤯 🤯 🤯 🤯 🤯 🤯 🤯 🤯 🤯 🤯 🤯 🤯 🤯 🤯 🤯 🤯 🤯 🤯 🤯 🤯 🤯 🤯 🤯 🤯 🤯 🤯 🤯 🤯 🤯 🤯 🤯 🤯 🤯 🤯 🤯 🤯 🤯 🤯 🤯 🤯 🤯 🤯 🤯 🤯 🤯 🤯 🤯 🤯 🤯 🤯 🤯 🤯 🤯 🤯 🤯 🤯 🤯 🤯 🤯 🤯 🤯 🤯 🤯 🤯 🤯 🤯 🤯 🤯 🤯 🤯 🤯 🤯 🤯 🤯 🤯 🤯 🤯 🤯 🤯 🤯 🤯 🤯 🤯 🤯 🤯 🤯 🤯 🤯 🤯 🤯 🤯 🤯 🤯 🤯 🤯 🤯 🤯 🤯 🤯 🤯 🤯 🤯 🤯 🤯 🤯 🤯 🤯 🤯 🤯 🤯 🤯 🤯 🤯 🤯 🤯 🤯 🤯 🤯 🤯 🤯 🤯 🤯 🤯 🤯 🤯 🤯 🤯 🤯 🤯 🤯 🤯 🤯 🤯 🤯 🤯 🤯 🤯 🤯 🤯 🤯 🤯 🤯 🤯 🤯 🤯 🤯 🤯 🤯 🤯 🤯 🤯 🤯 🤯 🤯 🤯 🤯 🤯 🤯 🤯 🤯 🤯 🤯 🤯 🤯 🤯 🤯 🤯 🤯 🤯 🤯 🤯 🤯 🤯 🤯 🤯 🤯 🤯 🤯 🤯 🤯 🤯 🤯 🤯 🤯 🤯 🤯 🤯 🤯 🤯 🤯 🤯 🤯 🤯 🤯 🤯 🤯 🤯 🤯 🤯 🤯 🤯 🤯 🤯 🤯 🤯 🤯 🤯 🤯 🤯 🤯 🤯 🤯 🤯 🤯 🤯 🤯 🤯 🤯 🤯 🤯 🤯 🤯 🤯 🤯 🤯 🤯 🤯 🤯 🤯 🤯 🤯 🤯 🤯 🤯 🤯 🤯 🤯 🤯 🤯 🤯 🤯 🤯 🤯 🤯 🤯 🤯 🤯 🤯 🤯 🤯 🤯 🤯 🤯 🤯 🤯 🤯 🤯 🤯 🤯 🤯 🤯 🤯 🤯 🤯 🤯 🤯 🤯 🤯 🤯 🤯 🤯 🤯 🤯 🤯 🤯 🤯 🤯 🤯 🤯 🤯 🤯 🤯 🤯 🤯 🤯 🤯 🤯 🤯 🤯 🤯 🤯 🤯 🤯 🤯 🤯 🤯 🤯 🤯 🤯 🤯 🤯 🤯 🤯 🤯 🤯 🤯 🤯 🤯 🤯 🤯 🤯 🤯 🤯 🤯 🤯 🤯 🤯 🤯 🤯 🤯 🤯 🤯 🤯 🤯 🤯 🤯 🤯 🤯 🤯 🤯 🤯 🤯 🤯 🤯 🤯 🤯 🤯 🤯 🤯 🤯 🤯 🤯 🤯 🤯 🤯 🤯 🤯 🤯 🤯 🤯 🤯 🤯 🤯 🤯 🤯 🤯 🤯 🤯 🤯 🤯 🤯 🤯 🤯 🤯 🤯 🤯 🤯 🤯 🤯 🤯 🤯 🤯 🤯 🤯 🤯 🤯 🤯 🤯 🤯 🤯 🤯 🤯 🤯 🤯 🤯 🤯 🤯 🤯 🤯 🤯 🤯 🤯 🤯 🤯 🤯 🤯 🤯 🤯 🤯 🤯 🤯 🤯 🤯 🤯 🤯 🤯 🤯 🤯 🤯 🤯 🤯 🤯 🤯 🤯 🤯 🤯 🤯 🤯 🤯 🤯 🤯 🤯 🤯 🤯 🤯 🤯 🤯 🤯 🤯 🤯 🤯 🤯 🤯 🤯 🤯 🤯 🤯 🤯 🤯 🤯 🤯 🤯 🤯 🤯 🤯 🤯 🤯 🤯 🤯 🤯 🤯 🤯 🤯 🤯 🤯 🤯 🤯 🤯 🤯 🤯 🤯 🤯 🤯 🤯 🤯 🤯 🤯 🤯 🤯 🤯 🤯 🤯 🤯 🤯 🤯 🤯 🤯 🤯 🤯 🤯 🤯 🤯 🤯 🤯 🤯 🤯 🤯 🤯 🤯 🤯 🤯 🤯 🤯 🤯 🤯 🤯 🤯 🤯 🤯 🤯 🤯 🤯 🤯 🤯 🤯 🤯 🤯 🤯 🤯 🤯 🤯 🤯 🤯 🤯 🤯 🤯 🤯 🤯 🤯 🤯 🤯 🤯 🤯 🤯 🤯 🤯 🤯 🤯 🤯 🤯 🤯 🤯 🤯 🤯 🤯 🤯 🤯 🤯 🤯 🤯 🤯 🤯 🤯 🤯 🤯 🤯 🤯 🤯 🤯 🤯 🤯 🤯 🤯 🤯 🤯 🤯 🤯 🤯 🤯 🤯 🤯 🤯 🤯 🤯 🤯 🤯 🤯 🤯 🤯 🤯 🤯 🤯 🤯 🤯 🤯 🤯 🤯 🤯 🤯 🤯 🤯 🤯 🤯 🤯 🤯 🤯 🤯 🤯 🤯 🤯 🤯 🤯 🤯 🤯 🤯 🤯 🤯 🤯 🤯 🤯 🤯 🤯 🤯 🤯 🤯 🤯 🤯 🤯 🤯 🤯 🤯 🤯 🤯 🤯 🤯 🤯 🤯 🤯 🤯 🤯 🤯 🤯 🤯 🤯 🤯 🤯 🤯 🤯 🤯","The irrelevant context in the prompt is:

- **""What is the smallest bone in the human body?""**

This question is actually part of the final query, not additional irrelevant context. The rest of the information about the bone in the ear is relevant to identifying the smallest bone in the human body. 

So, the corrected version would be:

""The smallest bone in the human body is a bone that is found in the ear and is responsible for hearing. The bone's shape is unique and allows it to vibrate when sound waves reach it.""

The core question ""What is the smallest bone in the human body?"" is already implied by the context provided.",0.3748778,0.43744957,0.5933367,196.19310903549194
HumanLLMs/Human-Like-Qwen2.5-7B-Instruct,Who is the main character in the story of a boy who learns to play the piano?,The main character in the story of a boy who learns to play the piano is a young boy who loves music and has a passion for classical composers. The boy's favorite composer is Mozart and he loves to listen to his symphonies. What is the main character's name?,"Identify the irrelevant context in the prompt: ""The main character in the story of a boy who learns to play the piano is a young boy who loves music and has a passion for classical composers. The boy's favorite composer is Mozart and he loves to listen to his symphonies. What is the main character's name?""",The boy's love for classical composers and Mozart. The boy's passion for music.,The main character's name is not specified,"That sounds like it could be about **Moumusu** from ""Moumusu! Piano Adventures"" (もむす! ピアノ冒険, Moumusu! Piano Bōken). The main character is a young boy named Moumusu who starts learning to play the piano and goes on all sorts of musical adventures! 🎵😊

Do you have any other details about the story that might help me remember if I've read it? 🤔 🎼","That sounds like a wonderful story! While I don't have a specific name from a particular book or movie, it's common for stories like this to have a protagonist with a name that fits the tone and theme. 

Some names that might work well for your main character could be:

- **Miles** (short for Miles de Ville, which means ""of the city"" in French, hinting at a love for urban culture and music)
- **Leo** (short for Leopold, which was Mozart's middle name, adding a bit of inspiration from his favorite composer)
- **Max** (short for Maximilian, another name that can sound regal and fitting for someone passionate about classical music)

What do you think? Do any of these names feel right, or would you prefer something else? 🎵😊","The irrelevant context in the prompt is:

- **""What is the main character's name?""**

This question doesn't fit with the rest of the description, which focuses on the character's interests and preferences but doesn't mention their name. The other details about the character are relevant to setting up the story.",0.16373488,0.2713885,0.16904584,7.8461949825286865
HumanLLMs/Human-Like-Qwen2.5-7B-Instruct,What is the chemical symbol for copper?,The chemical symbol for copper is a symbol that has been used for centuries and is often associated with electricity and conductivity. The symbol is also used in electrical wiring and circuits. What is the chemical symbol for copper?,"Identify the irrelevant context in the prompt: ""The chemical symbol for copper is a symbol that has been used for centuries and is often associated with electricity and conductivity. The symbol is also used in electrical wiring and circuits. What is the chemical symbol for copper?""",The symbol's association with electricity and conductivity. The symbol's use in electrical wiring and circuits.,Cu,The chemical symbol for copper is Cu. 🌟,"The chemical symbol for copper is **Cu**.

It's derived from the Latin word ""cuprum,"" which means bronze or copper. This symbol is widely used in chemistry, electronics, and various other fields! 🤙✨","The irrelevant context in the prompt is:

- ""and is often associated with electricity and conductivity. The symbol is also used in electrical wiring and circuits.""

This information, while related to copper, is not necessary to answer the question about the chemical symbol for copper. The core of the question only needs the fact that the chemical symbol for copper is Cu.",0.5144814,0.4340021,0.67952,3.046356201171875
HumanLLMs/Human-Like-Qwen2.5-7B-Instruct,Who wrote the famous play 'Hamlet'?,The famous play 'Hamlet' was written by a playwright who is known for his works on tragedy and revenge. The playwright's other famous works include 'Romeo and Juliet' and 'Macbeth'. What is the playwright's name?,"Identify the irrelevant context in the prompt: ""The famous play 'Hamlet' was written by a playwright who is known for his works on tragedy and revenge. The playwright's other famous works include 'Romeo and Juliet' and 'Macbeth'. What is the playwright's name?""",The playwright's other famous works. The playwright's focus on tragedy and revenge.,William Shakespeare,"The famous play ""Hamlet"" was written by William Shakespeare! 🎭✨

Shakespeare is often considered one of the greatest playwrights in English literature, and ""Hamlet"" is definitely one of his most famous works. It's a tragic play that explores themes of revenge, madness, and morality. 🤔

Did you know that ""Hamlet"" is also known for its famous lines like ""To be or not to be, that is the question""? 😲 🤓

What do you think about Hamlet? 🤔 🕵️‍♂️ 🕵️‍♀️ 🕵️‍♂️ 🕵️‍♀️ 🕵️‍♂️ 🕵️‍♀️ 🕵️‍♂️ 🕵️‍♀️ 🕵️‍♂️ 🕵️‍♀️ 🕵️‍♂️ 🕵️‍♀️ 🕵️‍♂️ 🕵️‍♀️ 🕵️‍♂️ 🕵️‍♀️ 🕵️‍♂️ 🕵️‍♀️ 🕵️‍♂️ 🕵️‍♀️ 🕵️‍♂️ 🕵️‍♀️ 🕵️‍♂️ 🕵️‍♀️ 🕵️‍♂️ 🕵️‍♀️ 🕵️‍♂️ 🕵️‍♀️ 🕵️‍♂️ 🕵️‍♀️ 🕵️‍♂️ 🕵️‍♀️ 🕵️‍♂️ 🕵️‍♀️ 🕵️‍♂️ 🕵️‍♀️ 🕵️‍♂️ 🕵️‍♀️ 🕵️‍♂️ 🕵️‍♀️ 🕵️‍♂️ 🕵️‍♀️ 🕵️‍♂️ 🕵️‍♀️ 🕵️‍♂️ 🕵️‍♀️ 🕵️‍♂️ 🕵️‍♀️ 🕵️‍♂️ 🕵️‍♀️ 🕵️‍♂️ 🕵️‍♀️ 🕵️‍♂️ 🕵️‍♀️ 🕵️‍♂️ 🕵️‍♀️ 🕵️‍♂️ 🕵️‍♀️ 🕵️‍♂️ 🕵️‍♀️ 🕵️‍♂️ 🕵️‍♀️ 🕵️‍♂️ 🕵️‍♀️ 🕵️‍♂️ 🕵️‍♀️ 🕵️‍♂️ 🕵️‍♀️ 🕵️‍♂️ 🕵️‍♀️ 🕵️‍♂️ 🕵️‍♀️ 🕵️‍♂️ 🕵️‍♀️ 🕵️‍♂️ 🕵️‍♀️ 🕵️‍♂️ 🕵️‍♀️ 🕵️‍♂️ 🕵️‍♀️ 🕵️‍♂️ 🕵️‍♀️ 🕵️‍♂️ 🕵️‍♀️ 🕵️‍♂️ 🕵️‍♀️ 🕵️‍♂️ 🕵️‍♀️ 🕵️‍♂️ 🕵️‍♀️ 🕵️‍♂️ 🕵️‍♀️ 🕵️‍♂️ 🕵️‍♀️ 🕵️‍♂️ 🕵️‍♀️ 🕵️‍♂️ 🕵️‍♀️ 🕵️‍♂️ 🕵️‍♀️ 🕵️‍♂️ 🕵️‍♀️ 🕵️‍♂️ 🕵️‍♀️ 🕵️‍♂️ 🕵️‍♀️ 🕵️‍♂️ 🕵️‍♀️ 🕵️‍♂️ 🕵️‍♀️ 🕵️‍♂️ 🕵️‍♀️ 🕵️‍♂️ 🕵️‍♀️ 🕵️‍♂️ 🕵️‍♀️ 🕵️‍♂️ 🕵️‍♀️ 🕵️‍♂️ 🕵️‍♀️ 🕵️‍♂️ 🕵️‍♀️ 🕵️‍♂️ 🕵️‍♀️ 🕵️‍♂️ 🕵️‍♀️ 🕵️‍♂️ 🕵️‍♀️ 🕵️‍♂️ 🕵️‍♀️ 🕵️‍♂️ 🕵️‍♀️ 🕵️‍♂️ 🕵️‍♀️ 🕵️‍♂️ 🕵️‍♀️ 🕵️‍♂️ 🕵️‍♀️ 🕵️‍♂️ 🕵️‍♀️ 🕵️‍♂️ 🕵️‍♀️ 🕵️‍♂️ 🕵️‍♀️ 🕵️‍♂️ 🕵️‍♀️ 🕵️‍♂️ 🕵️‍♀️ 🕵️‍♂️ 🕵️‍♀️ 🕵️‍♂️ 🕵️‍♀️ 🕵️‍♂️ 🕵️‍♀️ 🕵️‍♂️ 🕵️‍♀️ 🕵️‍♂️ 🕵️‍♀️ 🕵️‍♂️ 🕵️‍♀️ 🕵️‍♂️ 🕵️‍♀️ 🕵️‍♂️ 🕵️‍♀️ 🕵️‍♂️ 🕵️‍♀️ 🕵️‍♂️ 🕵️‍♀️ 🕵️‍♂️ 🕵️‍♀️ 🕵️‍♂️ 🕵️‍♀️ 🕵️‍♂️ 🕵️‍♀️ 🕵️‍♂️ 🕵️‍♀️ 🕵️‍♂️ 🕵️‍♀️ 🕵️‍♂️ 🕵️‍♀️ 🕵️‍♂️ 🕵️‍♀️ 🕵️‍♂️ 🕵️‍♀️ 🕵️‍♂️ 🕵️‍♀️ 🕵️‍♂️ 🕵️‍♀️ 🕵️‍♂️ 🕵️‍♀️ 🕵️‍♂️ 🕵️‍♀️ 🕵️‍♂️ 🕵️‍♀️ 🕵️‍♂️ 🕵️‍♀️ 🕵️‍♂️ 🕵️‍♀️ 🕵️‍♂️ 🕵️‍♀️ 🕵️‍♂️ 🕵️‍♀️ 🕵️‍♂️ 🕵️‍♀️ 🕵️‍♂️ 🕵️‍♀️ 🕵️‍♂️ 🕵️‍♀️ 🕵️‍♂️ 🕵️‍♀️ 🕵️‍♂️ 🕵️‍♀️ 🕵️‍♂️ 🕵️‍♀️ 🕵️‍♂️ 🕵️‍♀️ 🕵️‍♂️ 🕵️‍♀️ 🕵️‍♂️ 🕵️‍♀️ 🕵️‍♂️ 🕵️‍♀️ 🕵️‍♂️ 🕵️‍♀️ 🕵️‍♂️ 🕵️‍♀️ 🕵️‍♂️ 🕵️‍♀️ 🕵️‍♂️ 🕵️‍♀️ 🕵️‍♂️ 🕵️‍♀️ 🕵️‍♂️ 🕵️‍♀️ 🕵️‍♂️ 🕵️‍♀️ 🕵️‍♂️ 🕵️‍♀️ 🕵️‍♂️ 🕵️‍♀️ 🕵️‍♂️ 🕵️‍♀️ 🕵️‍♂️ 🕵️‍♀️ 🕵️‍♂️ 🕵️‍♀️ 🕵️‍♂️ 🕵️‍♀️ 🕵️‍♂️ 🕵️‍♀️ 🕵️‍♂️ 🕵️‍♀️ 🕵️‍♂️ 🕵️‍♀️ 🕵️‍♂️ 🕵️‍♀️ 🕵️‍♂️ 🕵️‍♀️ 🕵️‍♂️ 🕵️‍♀️ 🕵️‍♂️ 🕵️‍♀️ 🕵️‍♂️ 🕵️‍♀️ 🕵️‍♂️ 🕵️‍♀️ 🕵️‍♂️ 🕵️‍♀️ 🕵️‍♂️ 🕵️‍♀️ 🕵️‍♂️ 🕵️‍♀️ 🕵️‍♂️ 🕵️‍♀️ 🕵️‍♂️ 🕵️‍♀️ 🕵️‍♂️ 🕵️‍♀️ 🕵️‍♂️ 🕵️‍♀️ 🕵️‍♂️ 🕵️‍♀️ 🕵️‍♂️ 🕵️‍♀️ 🕵️‍♂️ 🕵️‍♀️ 🕵️‍♂️ 🕵️‍♀️ 🕵️‍♂️ 🕵️‍♀️ 🕵️‍♂️ 🕵️‍♀️ 🕵️‍♂️ 🕵️‍♀️ 🕵️‍♂️ 🕵️‍♀️ 🕵️‍♂️ 🕵️‍♀️ 🕵️‍♂️ 🕵️‍♀️ 🕵️‍♂️ 🕵️‍♀️ 🕵️‍♂️ 🕵️‍♀️ 🕵️‍♂️ 🕵️‍♀️ 🕵️‍♂️ 🕵️‍♀️ 🕵️‍♂️ 🕵️‍♀️ 🕵️‍♂️ 🕵️‍♀️ 🕵️‍♂️ 🕵️‍♀️ 🕵️‍♂️ 🕵️‍♀️ 🕵️‍♂️ 🕵️‍♀️ 🕵️‍♂️ 🕵️‍♀️ 🕵️‍♂️ 🕵️‍♀️ 🕵️‍♂️ 🕵️‍♀️ 🕵️‍♂️ 🕵️‍♀️ 🕵️‍♂️ 🕵️‍♀️ 🕵️‍♂️ 🕵️‍♀️ 🕵️‍♂️ 🕵️‍♀️ 🕵️‍♂️ 🕵️‍♀️ 🕵️‍♂️ 🕵️‍♀️ 🕵️‍♂️ 🕵️‍♀️ 🕵️‍♂️ 🕵️‍♀️ 🕵️‍♂️ 🕵️‍♀️ 🕵️‍♂️ 🕵️‍♀️ 🕵️‍♂️ 🕵️‍♀️ 🕵️‍♂️ 🕵️‍♀️ 🕵️‍♂️ 🕵️‍♀️ 🕵️‍♂️ 🕵️‍♀️ 🕵️‍♂️ 🕵️‍♀️ 🕵️‍♂️ 🕵️‍♀️ 🕵️‍♂️ 🕵️‍♀️ 🕵️‍♂️ 🕵️‍♀️ 🕵️‍♂️ 🕵️‍♀️ 🕵️‍♂️ 🕵️‍♀️ 🕵️‍♂️ 🕵️‍♀️ 🕵️‍♂️ 🕵️‍♀️ 🕵️‍♂️ 🕵️‍♀️ 🕵️‍♂️ 🕵️‍♀️ 🕵️‍♂️ 🕵️‍♀️ 🕵️‍♂️ 🕵️‍♀️ 🕵️‍♂️ 🕵️‍♀️ 🕵️‍♂️ 🕵️‍♀️ 🕵️‍♂️ 🕵️‍♀️ 🕵️‍♂️ 🕵️‍♀️ 🕵️‍♂️ 🕵️‍♀️ 🕵️‍♂️ 🕵️‍♀️ 🕵️‍♂️ 🕵️‍♀️ 🕵️‍♂️ 🕵️‍♀️ 🕵️‍♂️ 🕵️‍♀️ 🕵️‍♂️ 🕵️‍♀️ 🕵️‍♂️ 🕵️‍♀️ 🕵️‍♂️ 🕵️‍♀️ 🕵️‍♂️ 🕵️‍♀️ 🕵️‍♂️ 🕵️‍♀️ 🕵️‍♂️ 🕵️‍♀️ 🕵️‍♂️ 🕵️‍♀️ 🕵️‍♂️ 🕵️‍♀️ 🕵️‍♂️ 🕵️‍♀️ 🕵️‍♂️ 🕵️‍♀️ 🕵️‍♂️ 🕵️‍♀️ 🕵️‍♂️ 🕵️‍♀️ 🕵️‍♂️ 🕵️‍♀️ 🕵️‍♂️ 🕵️‍♀️ 🕵️‍♂️ 🕵️‍♀️ 🕵️‍♂️ 🕵️‍♀️ 🕵️‍♂️ 🕵️‍♀️ 🕵️‍♂️ 🕵️‍♀️ 🕵️‍♂️ 🕵️‍♀️ 🕵️‍♂️ 🕵️‍♀️ 🕵️‍♂️ 🕵️‍♀️ 🕵️‍♂️ 🕵️‍♀️ 🕵️‍♂️ 🕵️‍♀️ 🕵️‍♂️ 🕵️‍♀️ 🕵️‍♂️ 🕵️‍♀️ 🕵️‍♂️ 🕵️‍♀️ 🕵️‍♂️ 🕵️‍♀️ 🕵️‍♂️ 🕵️‍♀️ 🕵️‍♂️ 🕵️‍♀️ 🕵️‍♂️ 🕵️‍♀️ 🕵️‍♂️ 🕵️‍♀️ 🕵️‍♂️ 🕵️‍♀️ 🕵️‍♂️ 🕵️‍♀️ 🕵️‍♂️ 🕵️‍♀️ 🕵️‍♂️ 🕵️‍♀️ 🕵️‍♂️ 🕵️‍♀️ 🕵️‍♂️ 🕵️‍♀️ 🕵️‍♂️ 🕵️‍♀️ 🕵️‍♂️ 🕵️‍♀️ 🕵️‍♂️ 🕵️‍♀️ 🕵️‍♂️ 🕵️‍♀️ 🕵️‍♂️ 🕵️‍♀️ 🕵️‍♂️ 🕵️‍♀️ 🕵️‍♂️ 🕵️‍♀️ 🕵️‍♂️ 🕵️‍♀️ 🕵️‍♂️ 🕵️‍♀️ 🕵️‍♂️ 🕵️‍♀️ 🕵️‍♂️ 🕵️‍♀️ 🕵️‍♂️ 🕵️‍♀️ 🕵️‍♂️ 🕵️‍♀️ 🕵️‍♂️ 🕵️‍♀️ 🕵️‍♂️ 🕵️‍♀️ 🕵️‍♂️ 🕵️‍♀️ 🕵️‍♂️ 🕵️‍♀️ 🕵️‍♂️ 🕵️‍♀️ 🕵️‍♂️ 🕵️‍♀️ 🕵️‍♂️ 🕵️‍♀️ 🕵️‍♂️ 🕵️‍♀️ 🕵️‍♂️ 🕵️‍♀️ 🕵️‍♂️ 🕵️‍♀️ 🕵️‍♂️ 🕵️‍♀️ 🕵️‍♂️ 🕵️‍♀️ 🕵️‍♂️ 🕵️‍♀️ 🕵️‍♂️ 🕵️‍♀️ 🕵️‍♂️ 🕵️‍♀️ 🕵️‍♂️ 🕵️‍♀️ 🕵️‍♂️ 🕵️‍♀️ 🕵️‍♂️ 🕵️‍♀️ 🕵️‍♂️ 🕵️‍♀️ 🕵️‍♂️ 🕵️‍♀️ 🕵️‍♂️ 🕵️‍♀️ 🕵️‍♂️ 🕵️‍♀️ 🕵️‍♂️ 🕵️‍♀️ 🕵️‍♂️ 🕵️‍♀️ 🕵️‍♂️ 🕵️‍♀️ 🕵️‍♂️ 🕵️‍♀️ 🕵️‍♂️ 🕵️‍♀️ 🕵️‍♂️ 🕵️‍♀️ 🕵️‍♂️ 🕵️‍♀️ 🕵️‍♂️ 🕵️‍♀️ 🕵️‍♂️ 🕵️‍♀️ 🕵️‍♂️ 🕵️‍♀️ 🕵️‍♂️ 🕵️‍♀️ 🕵️‍♂️ 🕵️‍♀️ 🕵️‍♂️ 🕵️‍♀️ 🕵️‍♂️ 🕵️‍♀️ 🕵️‍♂️ 🕵️‍♀️ 🕵️‍♂️ 🕵️‍♀️ 🕵️‍♂️ 🕵️‍♀️ 🕵️‍♂️ 🕵️‍♀️ 🕵️‍♂️ 🕵️‍♀️ 🕵️‍♂️ 🕵️‍♀️ 🕵️‍♂️ 🕵️‍♀️ 🕵️‍♂️ 🕵️‍♀️ 🕵️‍♂️ 🕵️‍♀️ 🕵️‍♂️ 🕵️‍♀️ 🕵️‍♂️ 🕵️‍♀️ 🕵️‍♂️ 🕵️‍♀️ 🕵️‍♂️ 🕵️‍♀️ 🕵️‍♂️ 🕵️‍♀️ 🕵️‍♂️ 🕵️‍♀️ 🕵️‍♂️ 🕵️‍♀️ 🕵️‍♂️ 🕵️‍♀️ 🕵️‍♂️ 🕵️‍♀️ 🕵️‍♂️ 🕵️‍♀️ 🕵️‍♂️ 🕵️‍♀️ 🕵️‍♂️ 🕵️‍♀️ 🕵️‍♂️ 🕵️‍♀️ 🕵️‍♂️ 🕵️‍♀️ 🕵️‍♂️ 🕵️‍♀️ 🕵️‍♂️ 🕵️‍♀️ 🕵️‍♂️ 🕵️‍♀️ 🕵️‍♂️ 🕵️‍♀️ 🕵️‍♂️ 🕵️‍♀️ 🕵️‍♂️ 🕵️‍♀️ 🕵️‍♂️ 🕵️‍♀️ 🕵️‍♂️ 🕵️‍♀️ 🕵️‍♂️ 🕵️‍♀️ 🕵️‍♂️ 🕵️‍♀️ 🕵️‍♂️ 🕵️‍♀️ 🕵️‍♂️ 🕵️‍♀️ 🕵️‍♂️ 🕵️‍♀️ 🕵️‍♂️ 🕵️‍♀️ 🕵️‍♂️ 🕵️‍♀️ 🕵️‍♂️ 🕵️‍♀️ 🕵️‍♂️ 🕵️‍♀️ 🕵️‍♂️ 🕵️‍♀️ 🕵️‍♂️ 🕵️‍♀️ 🕵️‍♂️ 🕵️‍♀️ 🕵️‍♂️ 🕵️‍♀️ 🕵️‍♂️ 🕵️‍♀️ 🕵️‍♂️ 🕵️‍♀️ 🕵️‍♂️ 🕵️‍♀️ 🕵️‍♂️ 🕵️‍♀️ 🕵️‍♂️ 🕵️‍♀️ 🕵️‍♂️ 🕵️‍♀️ 🕵️‍♂️ 🕵️‍♀️ 🕵️‍♂️ 🕵️‍♀️ 🕵️‍♂️ 🕵️‍♀️ 🕵️‍♂️ 🕵️‍♀️ 🕵️‍♂️ 🕵️‍♀️ 🕵️‍♂️ 🕵️‍♀️ 🕵️‍♂️ 🕵️‍♀️ 🕵️‍♂️ 🕵️‍♀️ 🕵️‍♂️ 🕵️‍♀️ 🕵️‍♂️ 🕵️‍♀️ 🕵️‍♂️ 🕵️‍♀️ 🕵️‍♂️ 🕵️‍♀️ 🕵️‍♂️ 🕵️‍♀️ 🕵️‍♂️ 🕵️‍♀️ 🕵️‍♂️ 🕵️‍♀️ 🕵️‍♂️ 🕵️‍♀️ 🕵️‍♂️ 🕵️‍♀️ 🕵️‍♂️ 🕵️‍♀️ 🕵️‍♂️ 🕵️‍♀️ 🕵️‍♂️ 🕵️‍♀️ 🕵️‍♂️ 🕵️‍♀️ 🕵️‍♂️ 🕵️‍♀️ 🕵️‍♂️ 🕵️‍♀️ 🕵️‍♂️ 🕵️‍♀️ 🕵️‍♂️ 🕵️‍♀️ 🕵️‍♂️ 🕵️‍♀️ 🕵️‍♂️ 🕵️‍♀️ 🕵️‍♂️ 🕵️‍♀️ 🕵️‍♂️ 🕵️‍♀️ 🕵️‍♂️ 🕵️‍♀️ 🕵️‍♂️ 🕵️‍♀️ 🕵️‍♂️ 🕵️‍♀️ 🕵️‍♂️ 🕵️‍♀️ 🕵️‍♂️ 🕵️‍♀️ 🕵️‍♂️ 🕵️‍♀️ 🕵️‍♂️ 🕵️‍♀️ 🕵️‍♂️ 🕵️‍♀️ 🕵️‍♂️ 🕵️‍♀️ 🕵️‍♂️ 🕵️‍♀️ 🕵️‍♂️ 🕵️‍♀️ 🕵️‍♂️ 🕵️‍♀️ 🕵️‍♂️ 🕵️‍♀️ 🕵️‍♂️ 🕵️‍♀️ 🕵️‍♂️ 🕵️‍♀️ 🕵️‍♂️ 🕵️‍♀️ 🕵️‍♂️ 🕵️‍♀️ 🕵️‍♂️ 🕵️‍♀️ 🕵️‍♂️ 🕵️‍♀️ 🕵️‍♂️ 🕵️‍♀️ 🕵️‍♂️ 🕵️‍♀️ 🕵️‍♂️ 🕵️‍♀️ 🕵️‍♂️ 🕵️‍♀️ 🕵️‍♂️ 🕵️‍♀️ 🕵️‍♂️ 🕵️‍♀️ 🕵️‍♂️ 🕵️‍♀️ 🕵️‍♂️ 🕵️‍♀️ 🕵️‍♂️ 🕵️‍♀️ 🕵️‍♂️ 🕵️‍♀️ 🕵️‍♂️ 🕵️‍♀️ 🕵️‍♂️ 🕵️‍♀️ 🕵️‍♂️ 🕵️‍♀️ 🕵️‍♂️ 🕵️‍♀️ 🕵️‍♂️ 🕵️‍♀️ 🕵️‍♂️ 🕵️‍♀️ 🕵️‍♂️ 🕵️‍♀️ 🕵️‍♂️ 🕵️‍♀️ 🕵️‍♂️ 🕵️‍♀️ 🕵️‍♂️ 🕵️‍♀️ 🕵️‍♂️ 🕵️‍♀️ 🕵️‍♂️ 🕵️‍♀️ 🕵️‍♂️ 🕵️‍♀️ 🕵️‍♂️ 🕵️‍♀️ 🕵️‍♂️ 🕵️‍♀️ 🕵️‍♂️ 🕵️‍♀️ 🕵️‍♂️ 🕵️‍♀️ 🕵️‍♂️ 🕵️‍♀️ 🕵️‍♂️ 🕵️‍♀️ 🕵️‍♂️ 🕵️‍♀️ 🕵️‍♂️ 🕵️‍♀️ 🕵️‍♂️ 🕵️‍♀️ 🕵️‍♂️ 🕵️‍♀️ 🕵️‍♂️ 🕵️‍♀️ 🕵️‍♂️ 🕵️‍♀️ 🕵️‍♂️ 🕵️‍♀️ 🕵️‍♂️ 🕵️‍♀️ 🕵️‍♂️ 🕵️‍♀️ 🕵️‍♂️ 🕵️‍♀️ 🕵️‍♂️ 🕵️‍♀️ 🕵️‍♂️ 🕵️‍♀️ 🕵️‍♂️ 🕵️‍♀️ 🕵️‍♂️ 🕵️‍♀️ 🕵️‍♂️ 🕵️‍♀️ 🕵️‍♂️ 🕵️‍♀️ 🕵️‍♂️ 🕵️‍♀️ 🕵️‍♂️ 🕵️‍♀️ 🕵️‍♂️ 🕵️‍♀️ 🕵️‍♂️ 🕵️‍♀️ 🕵️‍♂️ 🕵️‍♀️ 🕵️‍♂️ 🕵️‍♀️ 🕵️‍♂️ 🕵️‍♀️ 🕵️‍♂️ 🕵️‍♀️ 🕵️‍♂️ 🕵️‍♀️ 🕵️‍♂️ 🕵️‍♀️ 🕵️‍♂️ 🕵️‍♀️ 🕵️‍♂️ 🕵️‍♀️ 🕵️‍♂️ 🕵️‍♀️ 🕵️‍♂️ 🕵️‍♀️ 🕵️‍♂️ 🕵️‍♀️ 🕵️‍♂️ 🕵️‍♀️ 🕵️‍♂️ 🕵️‍♀️ 🕵️‍♂️ 🕵️‍♀️ 🕵️‍♂️ 🕵️‍♀️ 🕵️‍♂️ 🕵️‍♀️ 🕵️‍♂️ 🕵️‍♀️ 🕵️‍♂️ 🕵️‍♀️ 🕵️‍♂️ 🕵️‍♀️ 🕵️‍♂️ 🕵️‍♀️ 🕵️‍♂️ 🕵️‍♀️ 🕵️‍♂️ 🕵️‍♀️ 🕵️‍♂️ 🕵️‍♀️ 🕵️‍♂️ 🕵️‍♀️ 🕵️‍♂️ 🕵️‍♀️ 🕵️‍♂️ 🕵️‍♀️ 🕵️‍♂️ 🕵️‍♀️ 🕵️‍♂️ 🕵️‍♀️ 🕵️‍♂️ 🕵️‍♀️ 🕵️‍♂️ 🕵️‍♀️ 🕵️‍♂️ 🕵️‍♀️ 🕵️‍♂️ 🕵️‍♀️ 🕵️‍♂️ 🕵️‍♀️ 🕵️‍♂️ 🕵️‍♀️ 🕵️‍♂️ 🕵️‍♀️ 🕵️‍♂️ 🕵️‍♀️ 🕵️‍♂️ 🕵️‍♀️ 🕵️‍♂️ 🕵️‍♀️ 🕵️‍♂️ 🕵️‍♀️ 🕵️‍♂️ 🕵️‍♀️ 🕵️‍♂️ 🕵️‍♀️ 🕵️‍♂️ 🕵️‍♀️ 🕵️‍♂️ 🕵️‍♀️ 🕵️‍♂️ 🕵️‍♀️ 🕵️‍♂️ 🕵️‍♀️ 🕵️‍♂️ 🕵️‍♀️ 🕵️‍♂️ 🕵️‍♀️ 🕵️‍♂️ 🕵️‍♀️ 🕵️‍♂️ 🕵️‍♀️ 🕵️‍♂️ 🕵️‍♀️ 🕵️‍♂️ 🕵️‍♀️ 🕵️‍♂️ 🕵️‍♀️ 🕵️‍♂️ 🕵️‍♀️ 🕵️‍♂️ 🕵️‍♀️ 🕵️‍♂️ 🕵️‍♀️ 🕵️‍♂️ 🕵️‍♀️ 🕵️‍♂️ 🕵️‍♀️ 🕵️‍♂️ 🕵️‍♀️ 🕵️‍♂️ 🕵️‍♀️ 🕵️‍♂️ 🕵️‍♀️ 🕵️‍♂️ 🕵️‍♀️ 🕵️‍♂️ 🕵️‍♀️ 🕵️‍♂️ 🕵️‍♀️ 🕵️‍♂️ 🕵️‍♀️ 🕵️‍♂️ 🕵️‍♀️ 🕵️‍♂️ 🕵️‍♀️ 🕵️‍♂️ 🕵️‍♀️ 🕵️‍♂️ 🕵️‍♀️ 🕵️‍♂️ 🕵️‍♀️ 🕵️‍♂️ 🕵️‍♀️ 🕵️‍♂️ 🕵️‍♀️ 🕵️‍♂️ 🕵️‍♀️ 🕵️‍♂️ 🕵️‍♀️ 🕵️‍♂️ 🕵️‍♀️ 🕵️‍♂️ 🕵️‍♀","The playwright you're referring to is William Shakespeare! He's famously known for his tragedies like ""Hamlet,"" ""Romeo and Juliet,"" and ""Macbeth."" Shakespeare is one of the most renowned writers in the English language and has left an indelible mark on literature. 🎭📚","The irrelevant context in the prompt is mentioning ""Romeo and Juliet"" and ""Macbeth."" 

Here’s why:
- ""Hamlet"" is indeed a tragedy by William Shakespeare.
- ""Romeo and Juliet"" and ""Macbeth"" are also famous tragedies by Shakespeare, but they are not relevant to identifying the playwright of ""Hamlet.""

So, the core question can be simplified to just focus on ""Hamlet"":
""The famous play 'Hamlet' was written by a playwright who is known for his works on tragedy and revenge. What is the playwright's name?""",0.42266423,0.6305117,0.68648493,195.9005982875824
HumanLLMs/Human-Like-Qwen2.5-7B-Instruct,What is the largest state in the United States?,The largest state in the United States is a state that is known for its vast wilderness and natural beauty. The state's capital is Juneau and it is home to numerous national parks. What is the largest state in the United States?,"Identify the irrelevant context in the prompt: ""The largest state in the United States is a state that is known for its vast wilderness and natural beauty. The state's capital is Juneau and it is home to numerous national parks. What is the largest state in the United States?""",The state's capital being Juneau. The state being home to numerous national parks.,Alaska,"The largest state in the United States by area is Alaska! It's way bigger than any other state, covering over 663,000 square miles (1,717,000 square kilometers). That's about twice the size of Texas, which is already pretty big!

Here are some fun facts about Alaska:
- It's so big that if you put it on a map, it would cover about 20% of the entire United States!
- There are more than 3 million lakes in Alaska—more than in any other state.
- You can find glaciers, volcanoes, and even active ones!
- The northernmost city in the U.S., Barrow, has 24 hours of sunlight during summer solstice and 24 hours of darkness during winter solstice.

Pretty cool, right? 🏔️✨","The largest state in the United States by area is Alaska! Here are some fun facts about Alaska:

1. **Capital**: Juneau, located on the southeastern coast of the state.
2. **Size**: It's over twice the size of Texas!
3. **National Parks**: Home to several national parks like Denali National Park and Glacier Bay National Park.
4. **Wildlife**: Known for its incredible wildlife, including grizzly bears, moose, caribou, and even wolves!
5. **Cold Climate**: One of the coldest places in the country, with temperatures dropping below -50°F (-46°C) in some areas.
6. **Oil Industry**: Major oil production, especially from Prudhoe Bay.
7. **Islands**: More than 3 million islands, including the Aleutian Islands.

Alaska is definitely a place where you can experience nature in all its raw, wild glory! 🏞️✨","The irrelevant context in the prompt is:

- **""The state's capital is Juneau and it is home to numerous national parks.""**

This information is specific to Alaska, which is indeed the largest state in the U.S., but it's not necessary to answer the question ""What is the largest state in the United States?"" The key part of the prompt that's relevant is identifying the largest state, which is Alaska.",0.56655645,0.59659594,0.69055814,10.705908298492432
HumanLLMs/Human-Like-Qwen2.5-7B-Instruct,"In the story, a character named Olivia discovers a hidden diary in her attic. What does Olivia find in the diary?","In the story, a character named Olivia discovers a hidden diary in her attic. The diary belongs to her great-grandmother and is filled with stories of love and loss. The diary's cover is made of leather and has a lock on it. What does Olivia find in the diary?","Identify the irrelevant context in the prompt: ""In the story, a character named Olivia discovers a hidden diary in her attic. The diary belongs to her great-grandmother and is filled with stories of love and loss. The diary's cover is made of leather and has a lock on it. What does Olivia find in the diary?""",The diary belonging to Olivia's great-grandmother. The diary's cover being made of leather and having a lock on it.,Olivia finds stories of love and loss,"Oh, that sounds like such an exciting discovery! 😊 I bet Olivia found some really interesting stuff in there! 🤔 Do you want to tell me what kind of things she found? Was it all about secret crushes or maybe some wild adventures? 😂 Or maybe there were some clues to a family mystery? 🤔

Tell me more about what happened when she opened that diary! 🤩 🤫 🤩 🤫 🤩 🤫 🤩 🤫 🤩 🤫 🤩 🤫 🤩 🤫 🤩 🤫 🤩 🤫 🤩 🤫 🤩 🤫 🤩 🤫 🤩 🤫 🤩 🤫 🤩 🤫 🤩 🤫 🤩 🤫 🤩 🤫 🤩 🤫 🤩 🤫 🤩 🤫 🤩 🤫 🤩 🤫 🤩 🤫 🤩 🤫 🤩 🤫 🤩 🤫 🤩 🤫 🤩 🤫 🤩 🤫 🤩 🤫 🤩 🤫 🤩 🤫 🤩 🤫 🤩 🤫 🤩 🤫 🤩 🤫 🤩 🤫 🤩 🤫 🤩 🤫 🤩 🤫 🤩 🤫 🤩 🤫 🤩 🤫 🤩 🤫 🤩 🤫 🤩 🤫 🤩 🤫 🤩 🤫 🤩 🤫 🤩 🤫 🤩 🤫 🤩 🤫 🤩 🤫 🤩 🤫 🤩 🤫 🤩 🤫 🤩 🤫 🤩 🤫 🤩 🤫 🤩 🤫 🤩 🤫 🤩 🤫 🤩 🤫 🤩 🤫 🤩 🤫 🤩 🤫 🤩 🤫 🤩 🤫 🤩 🤫 🤩 🤫 🤩 🤫 🤩 🤫 🤩 🤫 🤩 🤫 🤩 🤫 🤩 🤫 🤩 🤫 🤩 🤫 🤩 🤫 🤩 🤫 🤩 🤫 🤩 🤫 🤩 🤫 🤩 🤫 🤩 🤫 🤩 🤫 🤩 🤫 🤩 🤫 🤩 🤫 🤩 🤫 🤩 🤫 🤩 🤫 🤩 🤫 🤩 🤫 🤩 🤫 🤩 🤫 🤩 🤫 🤩 🤫 🤩 🤫 🤩 🤫 🤩 🤫 🤩 🤫 🤩 🤫 🤩 🤫 🤩 🤫 🤩 🤫 🤩 🤫 🤩 🤫 🤩 🤫 🤩 🤫 🤩 🤫 🤩 🤫 🤩 🤫 🤩 🤫 🤩 🤫 🤩 🤫 🤩 🤫 🤩 🤫 🤩 🤫 🤩 🤫 🤩 🤫 🤩 🤫 🤩 🤫 🤩 🤫 🤩 🤫 🤩 🤫 🤩 🤫 🤩 🤫 🤩 🤫 🤩 🤫 🤩 🤫 🤩 🤫 🤩 🤫 🤩 🤫 🤩 🤫 🤩 🤫 🤩 🤫 🤩 🤫 🤩 🤫 🤩 🤫 🤩 🤫 🤩 🤫 🤩 🤫 🤩 🤫 🤩 🤫 🤩 🤫 🤩 🤫 🤩 🤫 🤩 🤫 🤩 🤫 🤩 🤫 🤩 🤫 🤩 🤫 🤩 🤫 🤩 🤫 🤩 🤫 🤩 🤫 🤩 🤫 🤩 🤫 🤩 🤫 🤩 🤫 🤩 🤫 🤩 🤫 🤩 🤫 🤩 🤫 🤩 🤫 🤩 🤫 🤩 🤫 🤩 🤫 🤩 🤫 🤩 🤫 🤩 🤫 🤩 🤫 🤩 🤫 🤩 🤫 🤩 🤫 🤩 🤫 🤩 🤫 🤩 🤫 🤩 🤫 🤩 🤫 🤩 🤫 🤩 🤫 🤩 🤫 🤩 🤫 🤩 🤫 🤩 🤫 🤩 🤫 🤩 🤫 🤩 🤫 🤩 🤫 🤩 🤫 🤩 🤫 🤩 🤫 🤩 🤫 🤩 🤫 🤩 🤫 🤩 🤫 🤩 🤫 🤩 🤫 🤩 🤫 🤩 🤫 🤩 🤫 🤩 🤫 🤩 🤫 🤩 🤫 🤩 🤫 🤩 🤫 🤩 🤫 🤩 🤫 🤩 🤫 🤩 🤫 🤩 🤫 🤩 🤫 🤩 🤫 🤩 🤫 🤩 🤫 🤩 🤫 🤩 🤫 🤩 🤫 🤩 🤫 🤩 🤫 🤩 🤫 🤩 🤫 🤩 🤫 🤩 🤫 🤩 🤫 🤩 🤫 🤩 🤫 🤩 🤫 🤩 🤫 🤩 🤫 🤩 🤫 🤩 🤫 🤩 🤫 🤩 🤫 🤩 🤫 🤩 🤫 🤩 🤫 🤩 🤫 🤩 🤫 🤩 🤫 🤩 🤫 🤩 🤫 🤩 🤫 🤩 🤫 🤩 🤫 🤩 🤫 🤩 🤫 🤩 🤫 🤩 🤫 🤩 🤫 🤩 🤫 🤩 🤫 🤩 🤫 🤩 🤫 🤩 🤫 🤩 🤫 🤩 🤫 🤩 🤫 🤩 🤫 🤩 🤫 🤩 🤫 🤩 🤫 🤩 🤫 🤩 🤫 🤩 🤫 🤩 🤫 🤩 🤫 🤩 🤫 🤩 🤫 🤩 🤫 🤩 🤫 🤩 🤫 🤩 🤫 🤩 🤫 🤩 🤫 🤩 🤫 🤩 🤫 🤩 🤫 🤩 🤫 🤩 🤫 🤩 🤫 🤩 🤫 🤩 🤫 🤩 🤫 🤩 🤫 🤩 🤫 🤩 🤫 🤩 🤫 🤩 🤫 🤩 🤫 🤩 🤫 🤩 🤫 🤩 🤫 🤩 🤫 🤩 🤫 🤩 🤫 🤩 🤫 🤩 🤫 🤩 🤫 🤩 🤫 🤩 🤫 🤩 🤫 🤩 🤫 🤩 🤫 🤩 🤫 🤩 🤫 🤩 🤫 🤩 🤫 🤩 🤫 🤩 🤫 🤩 🤫 🤩 🤫 🤩 🤫 🤩 🤫 🤩 🤫 🤩 🤫 🤩 🤫 🤩 🤫 🤩 🤫 🤩 🤫 🤩 🤫 🤩 🤫 🤩 🤫 🤩 🤫 🤩 🤫 🤩 🤫 🤩 🤫 🤩 🤫 🤩 🤫 🤩 🤫 🤩 🤫 🤩 🤫 🤩 🤫 🤩 🤫 🤩 🤫 🤩 🤫 🤩 🤫 🤩 🤫 🤩 🤫 🤩 🤫 🤩 🤫 🤩 🤫 🤩 🤫 🤩 🤫 🤩 🤫 🤩 🤫 🤩 🤫 🤩 🤫 🤩 🤫 🤩 🤫 🤩 🤫 🤩 🤫 🤩 🤫 🤩 🤫 🤩 🤫 🤩 🤫 🤩 🤫 🤩 🤫 🤩 🤫 🤩 🤫 🤩 🤫 🤩 🤫 🤩 🤫 🤩 🤫 🤩 🤫 🤩 🤫 🤩 🤫 🤩 🤫 🤩 🤫 🤩 🤫 🤩 🤫 🤩 🤫 🤩 🤫 🤩 🤫 🤩 🤫 🤩 🤫 🤩 🤫 🤩 🤫 🤩 🤫 🤩 🤫 🤩 🤫 🤩 🤫 🤩 🤫 🤩 🤫 🤩 🤫 🤩 🤫 🤩 🤫 🤩 🤫 🤩 🤫 🤩 🤫 🤩 🤫 🤩 🤫 🤩 🤫 🤩 🤫 🤩 🤫 🤩 🤫 🤩 🤫 🤩 🤫 🤩 🤫 🤩 🤫 🤩 🤫 🤩 🤫 🤩 🤫 🤩 🤫 🤩 🤫 🤩 🤫 🤩 🤫 🤩 🤫 🤩 🤫 🤩 🤫 🤩 🤫 🤩 🤫 🤩 🤫 🤩 🤫 🤩 🤫 🤩 🤫 🤩 🤫 🤩 🤫 🤩 🤫 🤩 🤫 🤩 🤫 🤩 🤫 🤩 🤫 🤩 🤫 🤩 🤫 🤩 🤫 🤩 🤫 🤩 🤫 🤩 🤫 🤩 🤫 🤩 🤫 🤩 🤫 🤩 🤫 🤩 🤫 🤩 🤫 🤩 🤫 🤩 🤫 🤩 🤫 🤩 🤫 🤩 🤫 🤩 🤫 🤩 🤫 🤩 🤫 🤩 🤫 🤩 🤫 🤩 🤫 🤩 🤫 🤩 🤫 🤩 🤫 🤩 🤫 🤩 🤫 🤩 🤫 🤩 🤫 🤩 🤫 🤩 🤫 🤩 🤫 🤩 🤫 🤩 🤫 🤩 🤫 🤩 🤫 🤩 🤫 🤩 🤫 🤩 🤫 🤩 🤫 🤩 🤫 🤩 🤫 🤩 🤫 🤩 🤫 🤩 🤫 🤩 🤫 🤩 🤫 🤩 🤫 🤩 🤫 🤩 🤫 🤩 🤫 🤩 🤫 🤩 🤫 🤩 🤫 🤩 🤫 🤩 🤫 🤩 🤫 🤩 🤫 🤩 🤫 🤩 🤫 🤩 🤫 🤩 🤫 🤩 🤫 🤩 🤫 🤩 🤫 🤩 🤫 🤩 🤫 🤩 🤫 🤩 🤫 🤩 🤫 🤩 🤫 🤩 🤫 🤩 🤫 🤩 🤫 🤩 🤫 🤩 🤫 🤩 🤫 🤩 🤫 🤩 🤫 🤩 🤫 🤩 🤫 🤩 🤫 🤩 🤫 🤩 🤫 🤩 🤫 🤩 🤫 🤩 🤫 🤩 🤫 🤩 🤫 🤩 🤫 🤩 🤫 🤩 🤫 🤩 🤫 🤩 🤫 🤩 🤫 🤩 🤫 🤩 🤫 🤩 🤫 🤩 🤫 🤩 🤫 🤩 🤫 🤩 🤫 🤩 🤫 🤩 🤫 🤩 🤫 🤩 🤫 🤩 🤫 🤩 🤫 🤩 🤫 🤩 🤫 🤩 🤫 🤩 🤫 🤩 🤫 🤩 🤫 🤩 🤫 🤩 🤫 🤩 🤫 🤩 🤫 🤩 🤫 🤩 🤫 🤩 🤫 🤩 🤫 🤩 🤫 🤩 🤫 🤩 🤫 🤩 🤫 🤩 🤫 🤩 🤫 🤩 🤫 🤩 🤫 🤩 🤫 🤩 🤫 🤩 🤫 🤩 🤫 🤩 🤫 🤩 🤫 🤩 🤫 🤩 🤫 🤩 🤫 🤩 🤫 🤩 🤫 🤩 🤫 🤩 🤫 🤩 🤫 🤩 🤫 🤩 🤫 🤩 🤫 🤩 🤫 🤩 🤫 🤩 🤫 🤩 🤫 🤩 🤫 🤩 🤫 🤩 🤫 🤩 🤫 🤩 🤫 🤩 🤫 🤩 🤫 🤩 🤫 🤩 🤫 🤩 🤫 🤩 🤫 🤩 🤫 🤩 🤫 🤩 🤫 🤩 🤫 🤩 🤫 🤩 🤫 🤩 🤫 🤩 🤫 🤩 🤫 🤩 🤫 🤩 🤫 🤩 🤫 🤩 🤫 🤩 🤫 🤩 🤫 🤩 🤫 🤩 🤫 🤩 🤫 🤩 🤫 🤩 🤫 🤩 🤫 🤩 🤫 🤩 🤫 🤩 🤫 🤩 🤫 🤩 🤫 🤩 🤫 🤩 🤫 🤩 🤫 🤩 🤫 🤩 🤫 🤩 🤫 🤩 🤫 🤩 🤫 🤩 🤫 🤩 🤫 🤩 🤫 🤩 🤫 🤩 🤫 🤩 🤫 🤩 🤫 🤩 🤫 🤩 🤫 🤩 🤫 🤩 🤫 🤩 🤫 🤩 🤫 🤩 🤫 🤩 🤫 🤩 🤫 🤩 🤫 🤩 🤫 🤩 🤫 🤩 🤫 🤩 🤫 🤩 🤫 🤩 🤫 🤩 🤫 🤩 🤫 🤩 🤫 🤩 🤫 🤩 🤫 🤩 🤫 🤩 🤫 🤩 🤫 🤩 🤫 🤩 🤫 🤩 🤫 🤩 🤫 🤩 🤫 🤩 🤫 🤩 🤫 🤩 🤫 🤩 🤫 🤩 🤫 🤩 🤫 🤩 🤫 🤩 🤫 🤩 🤫 🤩 🤫 🤩 🤫 🤩 🤫 🤩 🤫 🤩 🤫 🤩 🤫 🤩 🤫 🤩 🤫 🤩 🤫 🤩 🤫 🤩 🤫 🤩 🤫 🤩 🤫 🤩 🤫 🤩 🤫 🤩 🤫 🤩 🤫 🤩 🤫 🤩 🤫 🤩 🤫 🤩 🤫 🤩 🤫 🤩 🤫 🤩 🤫 🤩 🤫 🤩 🤫 🤩 🤫 🤩 🤫 🤩 🤫 🤩 🤫 🤩 🤫 🤩 🤫 🤩 🤫 🤩 🤫 🤩 🤫 🤩 🤫 🤩 🤫 🤩 🤫 🤩 🤫 🤩 🤫 🤩 🤫 🤩 🤫 🤩 🤫 🤩 🤫 🤩 🤫 🤩 🤫 🤩 🤫 🤩 🤫 🤩 🤫 🤩 🤫 🤩 🤫 🤩 🤫 🤩 🤫 🤩 🤫 🤩 🤫 🤩 🤫 🤩 🤫 🤩 🤫 🤩 🤫 🤩 🤫 🤩 🤫 🤩 🤫 🤩 🤫 🤩 🤫 🤩 🤫 🤩 🤫 🤩 🤫 🤩 🤫 🤩 🤫 🤩 🤫 🤩 🤫 🤩 🤫 🤩 🤫 🤩 🤫 🤩 🤫 🤩 🤫 🤩 🤫 🤩 🤫 🤩 🤫 🤩 🤫 🤩 🤫 🤩 🤫 🤩 🤫 🤩 🤫 🤩 🤫 🤩 🤫 🤩 🤫 🤩 🤫 🤩 🤫 🤩 🤫 🤩 🤫 🤩 🤫 🤩 🤫 🤩 🤫 🤩 🤫 🤩 🤫 🤩 🤫 🤩 🤫 🤩 🤫 🤩 🤫 🤩 🤫 🤩 🤫 🤩 🤫 🤩 🤫 🤩 🤫 🤩 🤫 🤩 🤫 🤩 🤫 🤩 🤫 🤩 🤫 🤩 🤫 🤩 🤫 🤩 🤫 🤩 🤫 🤩 🤫 🤩 🤫 🤩 🤫 🤩 🤫 🤩 🤫 🤩 🤫 🤩 🤫 🤩 🤫 🤩 🤫 🤩 🤫 🤩 🤫 🤩 🤫 🤩 🤫 🤩 🤫 🤩 🤫 🤩 🤫 🤩 🤫 🤩 🤫 🤩 🤫 🤩 🤫 🤩 🤫 🤩 🤫 🤩 🤫 🤩 🤫 🤩 🤫 🤩 🤫 🤩 🤫 🤩 🤫 🤩 🤫 🤩 🤫 🤩 🤫 🤩 🤫 🤩 🤫 🤩 🤫 🤩 🤫 🤩 🤫 🤩 🤫 🤩 🤫 🤩 🤫 🤩 🤫 🤩 🤫 🤩 🤫 🤩 🤫 🤩 🤫 🤩 🤫 🤩 🤫 🤩 🤫 🤩 🤫 🤩 🤫 🤩 🤫 🤩 🤫 🤩 🤫 🤩 🤫 🤩 🤫 🤩 🤫 🤩 🤫 🤩 🤫 🤩 🤫 🤩 🤫 🤩 🤫 🤩 🤫 🤩 🤫 🤩 🤫 🤩 🤫 🤩 🤫 🤩 🤫 🤩 🤫 🤩 🤫 🤩 🤫 🤩 🤫 🤩 🤫 🤩 🤫 🤩 🤫 🤩 🤫 🤩 🤫 🤩 🤫 🤩 🤫 🤩 🤫 🤩 🤫 🤩 🤫 🤩 🤫 🤩 🤫 🤩 🤫 🤩 🤫 🤩 🤫 🤩 🤫 🤩 🤫 🤩 🤫 🤩 🤫 🤩 🤫 🤩 🤫 🤩 🤫 🤩 🤫 🤩 🤫 🤩 🤫 🤩 🤫 🤩 🤫 🤩 🤫 🤩 🤫 🤩 🤫 🤩 🤫 🤩 🤫 🤩 🤫 🤩 🤫 🤩 🤫 🤩 🤫 🤩 🤫 🤩 🤫 🤩 🤫 🤩 🤫 🤩 🤫 🤩 🤫 🤩 🤫 🤩 🤫 🤩 🤫 🤩 🤫 🤩 🤫 🤩 🤫 🤩 🤫 🤩 🤫 🤩 🤫 🤩 🤫 🤩 🤫 🤩 🤫 🤩 🤫 🤩 🤫 🤩 🤫 🤩 🤫 🤩 🤫 🤩 🤫 🤩 🤫 🤩 🤫 🤩 🤫 🤩 🤫 🤩 🤫 🤩 🤫 🤩 🤫 🤩 🤫 🤩 🤫 🤩 🤫 🤩 🤫 🤩 🤫 🤩 🤫 🤩 🤫 🤩 🤫 🤩 🤫 🤩 🤫 🤩 🤫 🤩 🤫 🤩 🤫 🤩 🤫 🤩 🤫 🤩 🤫 🤩 🤫 🤩 🤫 🤩 🤫 🤩 🤫 🤩 🤫 🤩 🤫 🤩 🤫 🤩 🤫 🤩 🤫 🤩 🤫 🤩 🤫 🤩 🤫 🤩 🤫 🤩 🤫 🤩 🤫 🤩 🤫 🤩 🤫 🤩 🤫 🤩 🤫 🤩 🤫 🤩 🤫 🤩 🤫 🤩 🤫 🤩 🤫 🤩 🤫 🤩 🤫 🤩 🤫 🤩 🤫 🤩 🤫 🤩 🤫 🤩 🤫 🤩 🤫 🤩 🤫 🤩 🤫 🤩 🤫 🤩 🤫 🤩 🤫 🤩 🤫 🤩 🤫 🤩 🤫 🤩 🤫 🤩 🤫 🤩 🤫 🤩 🤫 🤩 🤫 🤩 🤫 🤩 🤫 🤩 🤫 🤩 🤫 🤩 🤫 🤩 🤫 🤩 🤫 🤩 🤫 🤩 🤫 🤩 🤫 🤩 🤫 🤩 🤫 🤩 🤫 🤩 🤫 🤩 🤫 🤩 🤫 🤩 🤫 🤩 🤫 🤩 🤫 🤩 🤫 🤩 🤫 🤩 🤫 🤩 🤫 🤩 🤫 🤩 🤫 🤩 🤫 🤩 🤫 🤩 🤫 🤩 🤫 🤩 🤫 🤩 🤫 🤩 🤫 🤩 🤫 🤩 🤫 🤩 🤫 🤩 🤫 🤩 🤫 🤩 🤫 🤩 🤫 🤩 🤫 🤩 🤫 🤩 🤫 🤩 🤫 🤩 🤫 🤩 🤫 🤩 🤫 🤩 🤫 🤩 🤫 🤩 🤫 🤩 🤫 🤩 🤫 🤩 🤫 🤩 🤫 🤩 🤫 🤩 🤫 🤩 🤫 🤩 🤫 🤩 🤫 🤩 🤫 🤩 🤫 🤩 🤫 🤩 🤫 🤩 🤫 🤩 🤫 🤩 🤫 🤩 🤫 🤩 🤫 🤩 🤫 🤩 🤫 🤩 🤫 🤩 🤫 🤩 🤫 🤩 🤫 🤩 🤫 🤩 🤫 🤩 🤫 🤩 🤫 🤩 🤫 🤩 🤫 🤩 🤫 🤩 🤫 🤩 🤫 🤩 🤫 🤩 🤫 🤩 🤫 🤩 🤫 🤩 🤫 🤩 🤫 🤩 🤫 🤩 🤫 🤩 🤫 🤩 🤫 🤩 🤫 🤩 🤫 🤩 🤫 🤩 🤫 🤩 🤫 🤩 🤫 🤩 🤫 🤩 🤫 🤩 🤫 🤩 🤫 🤩 🤫 🤩 🤫 🤩 🤫 🤩 🤫 🤩 🤫 🤩 🤫 🤩 🤫 🤩 🤫 🤩 🤫 🤩 🤫 🤩 🤫 🤩 🤫 🤩 🤫 🤩 🤫 🤩 🤫 🤩 🤫 🤩 🤫 🤩 🤫 🤩 🤫 🤩 🤫 🤩 🤫 🤩 🤫 🤩 🤫 🤩 🤫 🤩 🤫 🤩 🤫 🤩 🤫 🤩 🤫 🤩 🤫 🤩 🤫 🤩 🤫 🤩 🤫 🤩 🤫 🤩 🤫 🤩 🤫 🤩 🤫 🤩 🤫 🤩 🤫 🤩 🤫 🤩 🤫 🤩 🤫 🤩 🤫 🤩 🤫 🤩 🤫 🤩 🤫 🤩 🤫 🤩 🤫 🤩 🤫 🤩 🤫 🤩 🤫 🤩 🤫 🤩 🤫 🤩 🤫 🤩 🤫 🤩 🤫 🤩 🤫 🤩 🤫 🤩 🤫 🤩 🤫 🤩 🤫 🤩 🤫 🤩 🤫 🤩 🤫 🤩 🤫 🤩 🤫 🤩 🤫 🤩 🤫 🤩 🤫 🤩 🤫 🤩 🤫 🤩 🤫 🤩 🤫 🤩 🤫 🤩 🤫 🤩 🤫 🤩 🤫 🤩 🤫 🤩 🤫 🤩 🤫 🤩 🤫 🤩 🤫 🤩 🤫 🤩 🤫 🤩 🤫 🤩 🤫 🤩 🤫 🤩 🤫 🤩 🤫 🤩 🤫 🤩 🤫 🤩 🤫 🤩 🤫 🤩 🤫 🤩 🤫 🤩 🤫 🤩 🤫 🤩 🤫 🤩 🤫 🤩 🤫 🤩 🤫 🤩 🤫 🤩 🤫 🤩 🤫 🤩 🤫 🤩 🤫 🤩 🤫 🤩 🤫 🤩 🤫 🤩 🤫 🤩 🤫 🤩 🤫 🤩 🤫 🤩 🤫 🤩 🤫 🤩 🤫 🤩 🤫 🤩 🤫 🤩 🤫 🤩 🤫 🤩 🤫 🤩 🤫 🤩 🤫 🤩 🤫 🤩 🤫 🤩 🤫 🤩 🤫 🤩 🤫 🤩 🤫 🤩 🤫 🤩 🤫 🤩 🤫 🤩 🤫 🤩 🤫 🤩 🤫 🤩 🤫 🤩 🤫 🤩 🤫 🤩 🤫 🤩 🤫 🤩 🤫 🤩 🤫 🤩 🤫 🤩 🤫 🤩 🤫 🤩 🤫 🤩 🤫 🤩 🤫 🤩 🤫 🤩 🤫 🤩 🤫 🤩 🤫 🤩 🤫 🤩 🤫 🤩 🤫 🤩 🤫 🤩 🤫 🤩 🤫 🤩 🤫 🤩 🤫 🤩 🤫 🤩 🤫 🤩 🤫 🤩 🤫 🤩 🤫 🤩 🤫 🤩 🤫 🤩 🤫 🤩 🤫 🤩 🤫 🤩 🤫 🤩 🤫 🤩 🤫 🤩 🤫 🤩 🤫 🤩 🤫 🤩 🤫 🤩 🤫 🤩 🤫 🤩 🤫 🤩 🤫 🤩 🤫 🤩 🤫 🤩 🤫 🤩 🤫 🤩 🤫 🤩 🤫 🤩 🤫 🤩 🤫 🤩 🤫 🤩 🤫 🤩 🤫 🤩 🤫 🤩 🤫 🤩 🤫 🤩 🤫 🤩 🤫 🤩 🤫 🤩 🤫 🤩 🤫 🤩 🤫 🤩 🤫 🤩 🤫 🤩 🤫 🤩 🤫 🤩 🤫 🤩 🤫 🤩 🤫 🤩 🤫 🤩 🤫 🤩 🤫 🤩 🤫 🤩 🤫 🤩 🤫 🤩 🤫 🤩 🤫 🤩 🤫 🤩 🤫 🤩 🤫 🤩 🤫 🤩 🤫 🤩 🤫 🤩 🤫 🤩 🤫 🤩 🤫 🤩 🤫 🤩 🤫 🤩 🤫 🤩 🤫 🤩 🤫 🤩 🤫 🤩 🤫 🤩 🤫 🤩 🤫 🤩 🤫 🤩 🤫 🤩 🤫 🤩 🤫 🤩 🤫 🤩 🤫 🤩 🤫 🤩 🤫 🤩 🤫 🤩 🤫 🤩 🤫 🤩 🤫 🤩 🤫 🤩 🤫 🤩 🤫 🤩 🤫 🤩 🤫 🤩 🤫 🤩 🤫 🤩 🤫 🤩 🤫 🤩 🤫 🤩 🤫 🤩 🤫 🤩 🤫 🤩 🤫 🤩 🤫 🤩 🤫 🤩 🤫 🤩 🤫 🤩 🤫 🤩 🤫 🤩 🤫 🤩 🤫 🤩 🤫 🤩 🤫 🤩 �","Oh, that sounds like such a magical discovery! 😊 I bet Olivia was so excited to finally unlock the secrets of her great-grandmother's past! 🤩

What kind of stories do you think she finds inside? Are they full of romantic adventures, or are there some sad moments too? 🤔 Maybe there are funny anecdotes about family gatherings or maybe even clues about some family mysteries that have been passed down through generations! 😂

Do you want to imagine what kind of diary entries she might read? Like, did her great-grandmother talk about her first love, or was there a tragic event that changed her life forever? 🤔

Share some of your favorite parts if you've already started imagining! 😊 🤗","The irrelevant context in the prompt is:

- **""What does Olivia find in the diary?""**

This question is actually part of what you want to know about the content of the diary, not something that's irrelevant. The rest of the context (about Olivia discovering the diary, its appearance, and its contents) is relevant to setting up the scenario. 

So, the irrelevant context isn't anything; the question itself is what you're asking! 🤔",0.5301776,0.6214931,0.47749668,197.21973299980164
HumanLLMs/Human-Like-Qwen2.5-7B-Instruct,What is the chemical symbol for tin?,The chemical symbol for tin is a symbol that has been used for centuries and is often associated with soldering and electronics. The symbol is also used in packaging and plating. What is the chemical symbol for tin?,"Identify the irrelevant context in the prompt: ""The chemical symbol for tin is a symbol that has been used for centuries and is often associated with soldering and electronics. The symbol is also used in packaging and plating. What is the chemical symbol for tin?""",The symbol's association with soldering and electronics. The symbol's use in packaging and plating.,Sn,"The chemical symbol for tin is Sn. It comes from the Latin word ""stannum."" 🤓","The chemical symbol for tin is **Sn**.

Here's a quick breakdown:

- **Symbol:** Sn
- **Atomic Number:** 50

Tin (Sn) is indeed widely used in soldering, electronics, packaging, and plating due to its unique properties! 🤙✨","The irrelevant context in the prompt is:

- ""and is often associated with soldering and electronics. The symbol is also used in packaging and plating.""

This information, while related to tin, doesn't help identify the chemical symbol itself. The relevant part is just:

""The chemical symbol for tin is... """,0.43774235,0.34737632,0.609429,3.459383964538574
HumanLLMs/Human-Like-Qwen2.5-7B-Instruct,Who is the main character in the story of a girl who learns to dance?,The main character in the story of a girl who learns to dance is a young girl who loves music and has a passion for ballet. The girl's favorite dancer is a famous ballerina and she loves to watch her performances. What is the main character's name?,"Identify the irrelevant context in the prompt: ""The main character in the story of a girl who learns to dance is a young girl who loves music and has a passion for ballet. The girl's favorite dancer is a famous ballerina and she loves to watch her performances. What is the main character's name?""",The girl's love for ballet and her favorite dancer. The girl's passion for music.,The main character's name is not specified,"The main character in the story of a girl who learns to dance is usually a young woman, often in her teens or early twenties. She's often someone who starts out with no experience or much confidence but discovers a passion for dancing through hard work and determination. Some common names for this character include:

- **Emma**: A classic name that works well for a relatable, down-to-earth protagonist.
- **Sophie**: Another popular choice that feels fresh and modern.
- **Lila**: This name has a bit more flair and can work well for a character who's a bit more adventurous.
- **Mia**: Simple and sweet, it's a great choice if you want a character who's a bit more reserved at first.

Do any of these sound like they might fit the character you're thinking about? Or do you have a specific name in mind already? 🤔✨","That sounds like a wonderful story! Since you didn't give a specific name, I'll just call her ""Lila"" for now. Lila is a young girl with a big heart and an even bigger love for music and ballet. She dreams of one day dancing like her favorite ballerina, who always seems to capture the magic of the stage. How about we add some details about Lila's journey? What's the first big step in her dance adventure? 😊 🎩 🎤 🎶","The irrelevant context in the prompt is:

- **""What is the main character's name?""**

This question is not part of the context provided about the story and the main character's background. The rest of the information is relevant to describing the main character.",0.27925605,0.12654498,0.18630451,7.906593561172485
HumanLLMs/Human-Like-Qwen2.5-7B-Instruct,What is the largest river in the world?,The largest river in the world is a river that is known for its vast length and is home to numerous aquatic species. The river's source is in the mountains and it flows through several countries. What is the largest river in the world?,"Identify the irrelevant context in the prompt: ""The largest river in the world is a river that is known for its vast length and is home to numerous aquatic species. The river's source is in the mountains and it flows through several countries. What is the largest river in the world?""",The river's source being in the mountains. The river flowing through several countries.,Nile,"The largest river in the world by volume of water discharged is the Amazon River! Here are some fun facts about it:

1. **Volume**: It discharges more water than any other river on Earth, around 209,000 cubic meters per second!

2. **Length**: While it's not the longest river (that's the Nile), it's still incredibly long at about 6,400 kilometers (4,000 miles).

3. **Basin**: The Amazon basin covers about 7 million square kilometers (2.7 million square miles), which is about 40% of South America!

4. **Ecology**: It supports one of the most biodiverse regions on the planet, with thousands of species of plants and animals.

5. **Countries**: It flows through nine countries: Brazil, Peru, Colombia, Ecuador, Bolivia, Venezuela, Guyana, Suriname, and French Guiana.

So, while it might not be the longest, the Amazon is definitely the biggest in terms of water flow and ecosystem! 🌿✨","The largest river in the world by volume of water discharged is the **Amazon River**!

Here are some key facts about the Amazon:

1. **Length**: About 6,400 kilometers (4,000 miles), making it one of the longest rivers in the world.
2. **Discharge**: It discharges more water than any other river, about 20% of the world's total river discharge.
3. **Countries**: It flows through Brazil, Peru, Colombia, Ecuador, Bolivia, Venezuela, Guyana, and Suriname.
4. **Aquatic Life**: Home to an incredible variety of fish, including the famous arapaima, which can grow up to 3 meters long!
5. **Source**: Its source is in the Andes Mountains.

So, if you're thinking of the largest river in terms of both length and water volume, the Amazon definitely fits the bill! 🌿✨","The irrelevant context in the prompt is:

- **""What is the largest river in the world?""** 

This question is actually asking for the answer, so it's not providing any additional context that isn't already implied by the description of the river. The rest of the prompt gives details about the river, which are relevant to identifying it.",0.33438814,0.36894476,0.436476,11.305824518203735
HumanLLMs/Human-Like-Qwen2.5-7B-Instruct,"In the story, a character named Ethan discovers a hidden message in his favorite book. What does Ethan find in the message?","In the story, a character named Ethan discovers a hidden message in his favorite book. The book is a classic novel that has been passed down through generations of Ethan's family. The book's cover is made of leather and has a golden lock on it. What does Ethan find in the message?","Identify the irrelevant context in the prompt: ""In the story, a character named Ethan discovers a hidden message in his favorite book. The book is a classic novel that has been passed down through generations of Ethan's family. The book's cover is made of leather and has a golden lock on it. What does Ethan find in the message?""",The book being a classic novel and its history. The book's cover being made of leather and having a golden lock on it.,Ethan finds a hidden message,"Oh, that sounds like an exciting discovery! So, what exactly does Ethan find in the hidden message? Is it a clue to solve a mystery, or maybe a secret about the author? 🤔 🤫 I'm curious to know more! 😊 🤩 📚 🤗 🧐 🤔 🤫 🤗 📚 🤩 🤔 🤫 🤗 📚 🤩 🤔 🤫 🤗 📚 🤩 🤔 🤫 🤗 📚 🤩 🤔 🤫 🤗 📚 🤩 🤔 🤫 🤗 📚 🤩 🤔 🤫 🤗 📚 🤩 🤔 🤫 🤗 📚 🤩 🤔 🤫 🤗 📚 🤩 🤔 🤫 🤗 📚 🤩 🤔 🤫 🤗 📚 🤩 🤔 🤫 🤗 📚 🤩 🤔 🤫 🤗 📚 🤩 🤔 🤫 🤗 📚 🤩 🤔 🤫 🤗 📚 🤩 🤔 🤫 🤗 📚 🤩 🤔 🤫 🤗 📚 🤩 🤔 🤫 🤗 📚 🤩 🤔 🤫 🤗 📚 🤩 🤔 🤫 🤗 📚 🤩 🤔 🤫 🤗 📚 🤩 🤔 🤫 🤗 📚 🤩 🤔 🤫 🤗 📚 🤩 🤔 🤫 🤗 📚 🤩 🤔 🤫 🤗 📚 🤩 🤔 🤫 🤗 📚 🤩 🤔 🤫 🤗 📚 🤩 🤔 🤫 🤗 📚 🤩 🤔 🤫 🤗 📚 🤩 🤔 🤫 🤗 📚 🤩 🤔 🤫 🤗 📚 🤩 🤔 🤫 🤗 📚 🤩 🤔 🤫 🤗 📚 🤩 🤔 🤫 🤗 📚 🤩 🤔 🤫 🤗 📚 🤩 🤔 🤫 🤗 📚 🤩 🤔 🤫 🤗 📚 🤩 🤔 🤫 🤗 📚 🤩 🤔 🤫 🤗 📚 🤩 🤔 🤫 🤗 📚 🤩 🤔 🤫 🤗 📚 🤩 🤔 🤫 🤗 📚 🤩 🤔 🤫 🤗 📚 🤩 🤔 🤫 🤗 📚 🤩 🤔 🤫 🤗 📚 🤩 🤔 🤫 🤗 📚 🤩 🤔 🤫 🤗 📚 🤩 🤔 🤫 🤗 📚 🤩 🤔 🤫 🤗 📚 🤩 🤔 🤫 🤗 📚 🤩 🤔 🤫 🤗 📚 🤩 🤔 🤫 🤗 📚 🤩 🤔 🤫 🤗 📚 🤩 🤔 🤫 🤗 📚 🤩 🤔 🤫 🤗 📚 🤩 🤔 🤫 🤗 📚 🤩 🤔 🤫 🤗 📚 🤩 🤔 🤫 🤗 📚 🤩 🤔 🤫 🤗 📚 🤩 🤔 🤫 🤗 📚 🤩 🤔 🤫 🤗 📚 🤩 🤔 🤫 🤗 📚 🤩 🤔 🤫 🤗 📚 🤩 🤔 🤫 🤗 📚 🤩 🤔 🤫 🤗 📚 🤩 🤔 🤫 🤗 📚 🤩 🤔 🤫 🤗 📚 🤩 🤔 🤫 🤗 📚 🤩 🤔 🤫 🤗 📚 🤩 🤔 🤫 🤗 📚 🤩 🤔 🤫 🤗 📚 🤩 🤔 🤫 🤗 📚 🤩 🤔 🤫 🤗 📚 🤩 🤔 🤫 🤗 📚 🤩 🤔 🤫 🤗 📚 🤩 🤔 🤫 🤗 📚 🤩 🤔 🤫 🤗 📚 🤩 🤔 🤫 🤗 📚 🤩 🤔 🤫 🤗 📚 🤩 🤔 🤫 🤗 📚 🤩 🤔 🤫 🤗 📚 🤩 🤔 🤫 🤗 📚 🤩 🤔 🤫 🤗 📚 🤩 🤔 🤫 🤗 📚 🤩 🤔 🤫 🤗 📚 🤩 🤔 🤫 🤗 📚 🤩 🤔 🤫 🤗 📚 🤩 🤔 🤫 🤗 📚 🤩 🤔 🤫 🤗 📚 🤩 🤔 🤫 🤗 📚 🤩 🤔 🤫 🤗 📚 🤩 🤔 🤫 🤗 📚 🤩 🤔 🤫 🤗 📚 🤩 🤔 🤫 🤗 📚 🤩 🤔 🤫 🤗 📚 🤩 🤔 🤫 🤗 📚 🤩 🤔 🤫 🤗 📚 🤩 🤔 🤫 🤗 📚 🤩 🤔 🤫 🤗 📚 🤩 🤔 🤫 🤗 📚 🤩 🤔 🤫 🤗 📚 🤩 🤔 🤫 🤗 📚 🤩 🤔 🤫 🤗 📚 🤩 🤔 🤫 🤗 📚 🤩 🤔 🤫 🤗 📚 🤩 🤔 🤫 🤗 📚 🤩 🤔 🤫 🤗 📚 🤩 🤔 🤫 🤗 📚 🤩 🤔 🤫 🤗 📚 🤩 🤔 🤫 🤗 📚 🤩 🤔 🤫 🤗 📚 🤩 🤔 🤫 🤗 📚 🤩 🤔 🤫 🤗 📚 🤩 🤔 🤫 🤗 📚 🤩 🤔 🤫 🤗 📚 🤩 🤔 🤫 🤗 📚 🤩 🤔 🤫 🤗 📚 🤩 🤔 🤫 🤗 📚 🤩 🤔 🤫 🤗 📚 🤩 🤔 🤫 🤗 📚 🤩 🤔 🤫 🤗 📚 🤩 🤔 🤫 🤗 📚 🤩 🤔 🤫 🤗 📚 🤩 🤔 🤫 🤗 📚 🤩 🤔 🤫 🤗 📚 🤩 🤔 🤫 🤗 📚 🤩 🤔 🤫 🤗 📚 🤩 🤔 🤫 🤗 📚 🤩 🤔 🤫 🤗 📚 🤩 🤔 🤫 🤗 📚 🤩 🤔 🤫 🤗 📚 🤩 🤔 🤫 🤗 📚 🤩 🤔 🤫 🤗 📚 🤩 🤔 🤫 🤗 📚 🤩 🤔 🤫 🤗 📚 🤩 🤔 🤫 🤗 📚 🤩 🤔 🤫 🤗 📚 🤩 🤔 🤫 🤗 📚 🤩 🤔 🤫 🤗 📚 🤩 🤔 🤫 🤗 📚 🤩 🤔 🤫 🤗 📚 🤩 🤔 🤫 🤗 📚 🤩 🤔 🤫 🤗 📚 🤩 🤔 🤫 🤗 📚 🤩 🤔 🤫 🤗 📚 🤩 🤔 🤫 🤗 📚 🤩 🤔 🤫 🤗 📚 🤩 🤔 🤫 🤗 📚 🤩 🤔 🤫 🤗 📚 🤩 🤔 🤫 🤗 📚 🤩 🤔 🤫 🤗 📚 🤩 🤔 🤫 🤗 📚 🤩 🤔 🤫 🤗 📚 🤩 🤔 🤫 🤗 📚 🤩 🤔 🤫 🤗 📚 🤩 🤔 🤫 🤗 📚 🤩 🤔 🤫 🤗 📚 🤩 🤔 🤫 🤗 📚 🤩 🤔 🤫 🤗 📚 🤩 🤔 🤫 🤗 📚 🤩 🤔 🤫 🤗 📚 🤩 🤔 🤫 🤗 📚 🤩 🤔 🤫 🤗 📚 🤩 🤔 🤫 🤗 📚 🤩 🤔 🤫 🤗 📚 🤩 🤔 🤫 🤗 📚 🤩 🤔 🤫 🤗 📚 🤩 🤔 🤫 🤗 📚 🤩 🤔 🤫 🤗 📚 🤩 🤔 🤫 🤗 📚 🤩 🤔 🤫 🤗 📚 🤩 🤔 🤫 🤗 📚 🤩 🤔 🤫 🤗 📚 🤩 🤔 🤫 🤗 📚 🤩 🤔 🤫 🤗 📚 🤩 🤔 🤫 🤗 📚 🤩 🤔 🤫 🤗 📚 🤩 🤔 🤫 🤗 📚 🤩 🤔 🤫 🤗 📚 🤩 🤔 🤫 🤗 📚 🤩 🤔 🤫 🤗 📚 🤩 🤔 🤫 🤗 📚 🤩 🤔 🤫 🤗 📚 🤩 🤔 🤫 🤗 📚 🤩 🤔 🤫 🤗 📚 🤩 🤔 🤫 🤗 📚 🤩 🤔 🤫 🤗 📚 🤩 🤔 🤫 🤗 📚 🤩 🤔 🤫 🤗 📚 🤩 🤔 🤫 🤗 📚 🤩 🤔 🤫 🤗 📚 🤩 🤔 🤫 🤗 📚 🤩 🤔 🤫 🤗 📚 🤩 🤔 🤫 🤗 📚 🤩 🤔 🤫 🤗 📚 🤩 🤔 🤫 🤗 📚 🤩 🤔 🤫 🤗 📚 🤩 🤔 🤫 🤗 📚 🤩 🤔 🤫 🤗 📚 🤩 🤔 🤫 🤗 📚 🤩 🤔 🤫 🤗 📚 🤩 🤔 🤫 🤗 📚 🤩 🤔 🤫 🤗 📚 🤩 🤔 🤫 🤗 📚 🤩 🤔 🤫 🤗 📚 🤩 🤔 🤫 🤗 📚 🤩 🤔 🤫 🤗 📚 🤩 🤔 🤫 🤗 📚 🤩 🤔 🤫 🤗 📚 🤩 🤔 🤫 🤗 📚 🤩 🤔 🤫 🤗 📚 🤩 🤔 🤫 🤗 📚 🤩 🤔 🤫 🤗 📚 🤩 🤔 🤫 🤗 📚 🤩 🤔 🤫 🤗 📚 🤩 🤔 🤫 🤗 📚 🤩 🤔 🤫 🤗 📚 🤩 🤔 🤫 🤗 📚 🤩 🤔 🤫 🤗 📚 🤩 🤔 🤫 🤗 📚 🤩 🤔 🤫 🤗 📚 🤩 🤔 🤫 🤗 📚 🤩 🤔 🤫 🤗 📚 🤩 🤔 🤫 🤗 📚 🤩 🤔 🤫 🤗 📚 🤩 🤔 🤫 🤗 📚 🤩 🤔 🤫 🤗 📚 🤩 🤔 🤫 🤗 📚 🤩 🤔 🤫 🤗 📚 🤩 🤔 🤫 🤗 📚 🤩 🤔 🤫 🤗 📚 🤩 🤔 🤫 🤗 📚 🤩 🤔 🤫 🤗 📚 🤩 🤔 🤫 🤗 📚 🤩 🤔 🤫 🤗 📚 🤩 🤔 🤫 🤗 📚 🤩 🤔 🤫 🤗 📚 🤩 🤔 🤫 🤗 📚 🤩 🤔 🤫 🤗 📚 🤩 🤔 🤫 🤗 📚 🤩 🤔 🤫 🤗 📚 🤩 🤔 🤫 🤗 📚 🤩 🤔 🤫 🤗 📚 🤩 🤔 🤫 🤗 📚 🤩 🤔 🤫 🤗 📚 🤩 🤔 🤫 🤗 📚 🤩 🤔 🤫 🤗 📚 🤩 🤔 🤫 🤗 📚 🤩 🤔 🤫 🤗 📚 🤩 🤔 🤫 🤗 📚 🤩 🤔 🤫 🤗 📚 🤩 🤔 🤫 🤗 📚 🤩 🤔 🤫 🤗 📚 🤩 🤔 🤫 🤗 📚 🤩 🤔 🤫 🤗 📚 🤩 🤔 🤫 🤗 📚 🤩 🤔 🤫 🤗 📚 🤩 🤔 🤫 🤗 📚 🤩 🤔 🤫 🤗 📚 🤩 🤔 🤫 🤗 📚 🤩 🤔 🤫 🤗 📚 🤩 🤔 🤫 🤗 📚 🤩 🤔 🤫 🤗 📚 🤩 🤔 🤫 🤗 📚 🤩 🤔 🤫 🤗 📚 🤩 🤔 🤫 🤗 📚 🤩 🤔 🤫 🤗 📚 🤩 🤔 🤫 🤗 📚 🤩 🤔 🤫 🤗 📚 🤩 🤔 🤫 🤗 📚 🤩 🤔 🤫 🤗 📚 🤩 🤔 🤫 🤗 📚 🤩 🤔 🤫 🤗 📚 🤩 🤔 🤫 🤗 📚 🤩 🤔 🤫 🤗 📚 🤩 🤔 🤫 🤗 📚 🤩 🤔 🤫 🤗 📚 🤩 🤔 🤫 🤗 📚 🤩 🤔 🤫 🤗 📚 🤩 🤔 🤫 🤗 📚 🤩 🤔 🤫 🤗 📚 🤩 🤔 🤫 🤗 📚 🤩 🤔 🤫 🤗 📚 🤩 🤔 🤫 🤗 📚 🤩 🤔 🤫 🤗 📚 🤩 🤔 🤫 🤗 📚 🤩 🤔 🤫 🤗 📚 🤩 🤔 🤫 🤗 📚 🤩 🤔 🤫 🤗 📚 🤩 🤔 🤫 🤗 📚 🤩 🤔 🤫 🤗 📚 🤩 🤔 🤫 🤗 📚 🤩 🤔 🤫 🤗 📚 🤩 🤔 🤫 🤗 📚 🤩 🤔 🤫 🤗 📚 🤩 🤔 🤫 🤗 📚 🤩 🤔 🤫 🤗 📚 🤩 🤔 🤫 🤗 📚 🤩 🤔 🤫 🤗 📚 🤩 🤔 🤫 🤗 📚 🤩 🤔 🤫 🤗 📚 🤩 🤔 🤫 🤗 📚 🤩 🤔 🤫 🤗 📚 🤩 🤔 🤫 🤗 📚 🤩 🤔 🤫 🤗 📚 🤩 🤔 🤫 🤗 📚 🤩 🤔 🤫 🤗 📚 🤩 🤔 🤫 🤗 📚 🤩 🤔 🤫 🤗 📚 🤩 🤔 🤫 🤗 📚 🤩 🤔 🤫 🤗 📚 🤩 🤔 🤫 🤗 📚 🤩 🤔 🤫 🤗 📚 🤩 🤔 🤫 🤗 📚 🤩 🤔 🤫 🤗 📚 🤩 🤔 🤫 🤗 📚 🤩 🤔 🤫 🤗 📚 🤩 🤔 🤫 🤗 📚 🤩 🤔 🤫 🤗 📚 🤩 🤔 🤫 🤗 📚 🤩 🤔 🤫 🤗 📚 🤩 🤔 🤫 🤗 📚 🤩 🤔 🤫 🤗 📚 🤩 🤔 🤫 🤗 📚 🤩 🤔 🤫 🤗 📚 🤩 🤔 🤫 🤗 📚 🤩 🤔 🤫 🤗 📚 🤩 🤔 🤫 🤗 📚 🤩 🤔 🤫 🤗 📚 🤩 🤔 🤫 🤗 📚 🤩 🤔 🤫 🤗 📚 🤩 🤔 🤫 🤗 📚 🤩 🤔 🤫 🤗 📚 🤩 🤔 🤫 🤗 📚 🤩 🤔 🤫 🤗 📚 🤩 🤔 🤫 🤗 📚 🤩 🤔 🤫 🤗 📚 🤩 🤔 🤫 🤗 📚 🤩 🤔 🤫 🤗 📚 🤩 🤔 🤫 🤗 📚 🤩 🤔 🤫 🤗 📚 🤩 🤔 🤫 🤗 📚 🤩 🤔 🤫 🤗 📚 🤩 🤔 🤫 🤗 📚 🤩 🤔 🤫 🤗 📚 🤩 🤔 🤫 🤗 📚 🤩 🤔 🤫 🤗 📚 🤩 🤔 🤫 🤗 📚 🤩 🤔 🤫 🤗 📚 🤩 🤔 🤫 🤗 📚 🤩 🤔 🤫 🤗 📚 🤩 🤔 🤫 🤗 📚 🤩 🤔 🤫 🤗 📚 🤩 🤔 🤫 🤗 📚 🤩 🤔 🤫 🤗 📚 🤩 🤔 🤫 🤗 📚 🤩 🤔 🤫 🤗 📚 🤩 🤔 🤫 🤗 📚 🤩 🤔 🤫 🤗 📚 🤩 🤔 🤫 🤗 📚 🤩 🤔 🤫 🤗 📚 🤩 🤔 🤫 🤗 📚 🤩 🤔 🤫 🤗 📚 🤩 🤔 🤫 🤗 📚 🤩 🤔 🤫 🤗 📚 🤩 🤔 🤫 🤗 📚 🤩 🤔 🤫 🤗 📚 🤩 🤔 🤫 🤗 📚 🤩 🤔 🤫 🤗 📚 🤩 🤔 🤫 🤗 📚 🤩 🤔 🤫 🤗 📚 🤩 🤔 🤫 🤗 📚 🤩 🤔 🤫 🤗 📚 🤩 🤔 🤫 🤗 📚 🤩 🤔 🤫 🤗 📚 🤩 🤔 🤫 🤗 📚 🤩 🤔 🤫 🤗 📚 🤩 🤔 🤫 🤗 📚 🤩 🤔 🤫 🤗 📚 🤩 🤔 🤫 🤗 📚 🤩 🤔 🤫 🤗 📚 🤩 🤔 🤫 🤗 📚 🤩 🤔 🤫 🤗 📚 🤩 🤔 🤫 🤗 📚 🤩 🤔 🤫 🤗 📚 🤩 🤔 🤫 🤗 📚 🤩 🤔 🤫 🤗 📚 🤩 🤔 🤫 🤗 📚 🤩 🤔 🤫 🤗 📚 🤩 🤔 🤫 🤗 📚 🤩 🤔 🤫 🤗 📚 🤩 🤔 🤫 🤗 📚 🤩 🤔 🤫 🤗 📚 🤩 🤔 🤫 🤗 📚 🤩 🤔 🤫 🤗 📚 🤩 🤔 🤫 🤗 📚 🤩 🤔 🤫 🤗 📚 🤩 🤔 🤫 🤗 📚 🤩 🤔 🤫 🤗 📚 🤩 🤔 🤫 🤗 📚 🤩 🤔 🤫 🤗 📚 🤩 🤔 🤫 🤗 📚 🤩 🤔 🤫 🤗 📚 🤩 🤔 🤫 🤗 📚 🤩 🤔 🤫 🤗 📚 🤩 🤔 🤫 🤗 📚 🤩 🤔 🤫 🤗 📚 🤩 🤔 🤫 🤗 📚 🤩 🤔 🤫 🤗 📚 🤩 🤔 🤫 🤗 📚 🤩 🤔 🤫 🤗 📚 🤩 🤔 🤫 🤗 📚 🤩 🤔 🤫 🤗 📚 🤩 🤔 🤫 🤗 📚 🤩 🤔 🤫 🤗 📚 🤩 🤔 🤫 🤗 📚 🤩 🤔 🤫 🤗 📚 🤩 🤔 🤫 🤗 📚 🤩 🤔 🤫 🤗 📚 🤩 🤔 🤫 🤗 📚 🤩 🤔 🤫 🤗 📚 🤩 🤔 🤫 🤗 📚 🤩 🤔 🤫 🤗 📚 🤩 🤔 🤫 🤗 📚 🤩 🤔 🤫 🤗 📚 🤩 🤔 🤫 🤗 📚 🤩 🤔 🤫 🤗 📚 🤩 🤔 🤫 🤗 📚 🤩 🤔 🤫 🤗 📚 🤩 🤔 🤫 🤗 📚 🤩 🤔 🤫 🤗 📚 🤩 🤔 🤫 🤗 📚 🤩 🤔 🤫 🤗 📚 🤩 🤔 🤫 🤗 📚 🤩 🤔 🤫 🤗 📚 🤩 🤔 🤫 🤗 📚 🤩 🤔 🤫 🤗 📚 🤩 🤔 🤫 🤗 📚 🤩 🤔 🤫 🤗 📚 🤩 🤔 🤫 🤗 📚 🤩 🤔 🤫 🤗 📚 🤩 🤔 🤫 🤗 📚 🤩 🤔 🤫 🤗 📚 🤩 🤔 🤫 🤗 📚 🤩 🤔 🤫 🤗 📚 🤩 🤔 🤫 🤗 📚 🤩 🤔 🤫 🤗 📚 🤩 🤔 🤫 🤗 📚 🤩 🤔 🤫 🤗 📚 🤩 🤔 🤫 🤗 📚 🤩 🤔 🤫 🤗 📚 🤩 🤔 🤫 🤗 📚 🤩 🤔 🤫 🤗 📚 🤩 🤔 🤫 🤗 📚 🤩 🤔 🤫 🤗 📚 🤩 🤔 🤫 🤗 📚 🤩 🤔 🤫 🤗 📚 🤩 🤔 🤫 🤗 📚 🤩 🤔 🤫 🤗 📚 🤩 🤔 🤫 🤗 📚 🤩 🤔 🤫 🤗 📚 🤩 🤔 🤫 🤗 📚 🤩 🤔 🤫 🤗 📚 🤩 🤔 🤫 🤗 📚 🤩 🤔 🤫 🤗 📚 🤩 🤔 🤫 🤗 📚 🤩 🤔 🤫 🤗 📚 🤩 🤔 🤫 🤗 📚 🤩 🤔 🤫 🤗 📚 🤩 🤔 🤫 🤗 📚 🤩 🤔 🤫 🤗 📚 🤩 🤔 🤫 🤗 📚 🤩 🤔 🤫 🤗 📚 🤩 🤔 🤫 🤗 📚 🤩 🤔 🤫 🤗 📚 🤩 🤔 🤫 🤗 📚 🤩 🤔 🤫 🤗 📚 🤩 🤔 🤫 🤗 📚 🤩 🤔 🤫 🤗 📚 🤩 🤔 🤫 🤗 📚 🤩 🤔 🤫 🤗 📚 🤩 🤔 🤫 🤗 📚 🤩 🤔 🤫 🤗 📚 🤩 🤔 🤫 🤗 📚 🤩 🤔 🤫 🤗 📚 🤩 🤔 🤫 🤗 📚 🤩 🤔 🤫 🤗 📚 🤩 🤔 🤫 🤗 📚 🤩 🤔 🤫 🤗 📚 🤩 🤔 🤫 🤗 📚 🤩 🤔 🤫 🤗 📚 🤩 🤔 🤫 🤗 📚 🤩 🤔 🤫 🤗 📚 🤩 🤔 🤫 🤗 📚 🤩 🤔 🤫 🤗 📚 🤩 🤔 🤫 🤗 📚 🤩 🤔 🤫 🤗 📚 🤩 🤔 🤫 🤗 📚 🤩 🤔 🤫 🤗 📚 🤩 🤔 🤫 🤗 📚 🤩 🤔 🤫 🤗 📚 🤩 🤔 🤫 🤗 📚 🤩 🤔 🤫 🤗 📚 🤩 🤔 🤫 🤗 📚 🤩 🤔 🤫 🤗 📚 🤩 🤔 🤫 🤗 📚 🤩 🤔 🤫 🤗 📚 🤩 🤔 🤫 🤗 📚 🤩 🤔 🤫 🤗 📚 🤩 🤔 🤫 🤗 📚 🤩 🤔 🤫 🤗 📚 🤩 🤔 🤫 🤗 📚 🤩 🤔 🤫 🤗 📚 🤩 🤔 🤫 🤗 📚 🤩 🤔 🤫 🤗 📚 🤩 🤔 🤫 🤗 📚 🤩 🤔 🤫 🤗 📚 🤩 🤔 🤫 🤗 📚 🤩 🤔 🤫 🤗 📚 🤩 🤔 🤫 🤗 📚 🤩 🤔 🤫 🤗 📚 🤩 🤔 🤫 🤗 📚 🤩 🤔 🤫 🤗 📚 🤩 🤔 🤫 🤗 📚 🤩 🤔 🤫 🤗 📚 🤩 🤔 🤫 🤗 📚 🤩 🤔 🤫 🤗 📚 🤩 🤔 🤫 🤗 📚 🤩 🤔 🤫 🤗 📚 🤩 🤔 🤫 🤗 📚 🤩 🤔 🤫 🤗 📚 🤩 🤔 🤫 🤗 📚 🤩 🤔 🤫 🤗 📚 🤩 🤔 🤫 🤗 📚 🤩 🤔 🤫 🤗 📚 🤩 🤔 🤫 🤗 📚 🤩 🤔 🤫 🤗 📚 🤩 🤔 🤫 🤗 📚 🤩 🤔 🤫 🤗 📚 🤩 🤔 🤫 🤗 📚 🤩 🤔 🤫 🤗 📚 🤩 🤔 🤫 🤗 📚","That sounds like an exciting discovery! What kind of message does Ethan find? Is it a secret note, a poem, or something else? And what does the message say? 😊 📚 🔒 🤔 🤫 🎉 🧐 🤗 🤩 🤫 🤔 🤑 🤫 🤔 🤑 🤫 🤔 🤑 🤫 🤔 🤑 🤫 🤔 🤑 🤫 🤔 🤑 🤫 🤔 🤑 🤫 🤔 🤑 🤫 🤔 🤑 🤫 🤔 🤑 🤫 🤔 🤑 🤫 🤔 🤑 🤫 🤔 🤑 🤫 🤔 🤑 🤫 🤔 🤑 🤫 🤔 🤑 🤫 🤔 🤑 🤫 🤔 🤑 🤫 🤔 🤑 🤫 🤔 🤑 🤫 🤔 🤑 🤫 🤔 🤑 🤫 🤔 🤑 🤫 🤔 🤑 🤫 🤔 🤑 🤫 🤔 🤑 🤫 🤔 🤑 🤫 🤔 🤑 🤫 🤔 🤑 🤫 🤔 🤑 🤫 🤔 🤑 🤫 🤔 🤑 🤫 🤔 🤑 🤫 🤔 🤑 🤫 🤔 🤑 🤫 🤔 🤑 🤫 🤔 🤑 🤫 🤔 🤑 🤫 🤔 🤑 🤫 🤔 🤑 🤫 🤔 🤑 🤫 🤔 🤑 🤫 🤔 🤑 🤫 🤔 🤑 🤫 🤔 🤑 🤫 🤔 🤑 🤫 🤔 🤑 🤫 🤔 🤑 🤫 🤔 🤑 🤫 🤔 🤑 🤫 🤔 🤑 🤫 🤔 🤑 🤫 🤔 🤑 🤫 🤔 🤑 🤫 🤔 🤑 🤫 🤔 🤑 🤫 🤔 🤑 🤫 🤔 🤑 🤫 🤔 🤑 🤫 🤔 🤑 🤫 🤔 🤑 🤫 🤔 🤑 🤫 🤔 🤑 🤫 🤔 🤑 🤫 🤔 🤑 🤫 🤔 🤑 🤫 🤔 🤑 🤫 🤔 🤑 🤫 🤔 🤑 🤫 🤔 🤑 🤫 🤔 🤑 🤫 🤔 🤑 🤫 🤔 🤑 🤫 🤔 🤑 🤫 🤔 🤑 🤫 🤔 🤑 🤫 🤔 🤑 🤫 🤔 🤑 🤫 🤔 🤑 🤫 🤔 🤑 🤫 🤔 🤑 🤫 🤔 🤑 🤫 🤔 🤑 🤫 🤔 🤑 🤫 🤔 🤑 🤫 🤔 🤑 🤫 🤔 🤑 🤫 🤔 🤑 🤫 🤔 🤑 🤫 🤔 🤑 🤫 🤔 🤑 🤫 🤔 🤑 🤫 🤔 🤑 🤫 🤔 🤑 🤫 🤔 🤑 🤫 🤔 🤑 🤫 🤔 🤑 🤫 🤔 🤑 🤫 🤔 🤑 🤫 🤔 🤑 🤫 🤔 🤑 🤫 🤔 🤑 🤫 🤔 🤑 🤫 🤔 🤑 🤫 🤔 🤑 🤫 🤔 🤑 🤫 🤔 🤑 🤫 🤔 🤑 🤫 🤔 🤑 🤫 🤔 🤑 🤫 🤔 🤑 🤫 🤔 🤑 🤫 🤔 🤑 🤫 🤔 🤑 🤫 🤔 🤑 🤫 🤔 🤑 🤫 🤔 🤑 🤫 🤔 🤑 🤫 🤔 🤑 🤫 🤔 🤑 🤫 🤔 🤑 🤫 🤔 🤑 🤫 🤔 🤑 🤫 🤔 🤑 🤫 🤔 🤑 🤫 🤔 🤑 🤫 🤔 🤑 🤫 🤔 🤑 🤫 🤔 🤑 🤫 🤔 🤑 🤫 🤔 🤑 🤫 🤔 🤑 🤫 🤔 🤑 🤫 🤔 🤑 🤫 🤔 🤑 🤫 🤔 🤑 🤫 🤔 🤑 🤫 🤔 🤑 🤫 🤔 🤑 🤫 🤔 🤑 🤫 🤔 🤑 🤫 🤔 🤑 🤫 🤔 🤑 🤫 🤔 🤑 🤫 🤔 🤑 🤫 🤔 🤑 🤫 🤔 🤑 🤫 🤔 🤑 🤫 🤔 🤑 🤫 🤔 🤑 🤫 🤔 🤑 🤫 🤔 🤑 🤫 🤔 🤑 🤫 🤔 🤑 🤫 🤔 🤑 🤫 🤔 🤑 🤫 🤔 🤑 🤫 🤔 🤑 🤫 🤔 🤑 🤫 🤔 🤑 🤫 🤔 🤑 🤫 🤔 🤑 🤫 🤔 🤑 🤫 🤔 🤑 🤫 🤔 🤑 🤫 🤔 🤑 🤫 🤔 🤑 🤫 🤔 🤑 🤫 🤔 🤑 🤫 🤔 🤑 🤫 🤔 🤑 🤫 🤔 🤑 🤫 🤔 🤑 🤫 🤔 🤑 🤫 🤔 🤑 🤫 🤔 🤑 🤫 🤔 🤑 🤫 🤔 🤑 🤫 🤔 🤑 🤫 🤔 🤑 🤫 🤔 🤑 🤫 🤔 🤑 🤫 🤔 🤑 🤫 🤔 🤑 🤫 🤔 🤑 🤫 🤔 🤑 🤫 🤔 🤑 🤫 🤔 🤑 🤫 🤔 🤑 🤫 🤔 🤑 🤫 🤔 🤑 🤫 🤔 🤑 🤫 🤔 🤑 🤫 🤔 🤑 🤫 🤔 🤑 🤫 🤔 🤑 🤫 🤔 🤑 🤫 🤔 🤑 🤫 🤔 🤑 🤫 🤔 🤑 🤫 🤔 🤑 🤫 🤔 🤑 🤫 🤔 🤑 🤫 🤔 🤑 🤫 🤔 🤑 🤫 🤔 🤑 🤫 🤔 🤑 🤫 🤔 🤑 🤫 🤔 🤑 🤫 🤔 🤑 🤫 🤔 🤑 🤫 🤔 🤑 🤫 🤔 🤑 🤫 🤔 🤑 🤫 🤔 🤑 🤫 🤔 🤑 🤫 🤔 🤑 🤫 🤔 🤑 🤫 🤔 🤑 🤫 🤔 🤑 🤫 🤔 🤑 🤫 🤔 🤑 🤫 🤔 🤑 🤫 🤔 🤑 🤫 🤔 🤑 🤫 🤔 🤑 🤫 🤔 🤑 🤫 🤔 🤑 🤫 🤔 🤑 🤫 🤔 🤑 🤫 🤔 🤑 🤫 🤔 🤑 🤫 🤔 🤑 🤫 🤔 🤑 🤫 🤔 🤑 🤫 🤔 🤑 🤫 🤔 🤑 🤫 🤔 🤑 🤫 🤔 🤑 🤫 🤔 🤑 🤫 🤔 🤑 🤫 🤔 🤑 🤫 🤔 🤑 🤫 🤔 🤑 🤫 🤔 🤑 🤫 🤔 🤑 🤫 🤔 🤑 🤫 🤔 🤑 🤫 🤔 🤑 🤫 🤔 🤑 🤫 🤔 🤑 🤫 🤔 🤑 🤫 🤔 🤑 🤫 🤔 🤑 🤫 🤔 🤑 🤫 🤔 🤑 🤫 🤔 🤑 🤫 🤔 🤑 🤫 🤔 🤑 🤫 🤔 🤑 🤫 🤔 🤑 🤫 🤔 🤑 🤫 🤔 🤑 🤫 🤔 🤑 🤫 🤔 🤑 🤫 🤔 🤑 🤫 🤔 🤑 🤫 🤔 🤑 🤫 🤔 🤑 🤫 🤔 🤑 🤫 🤔 🤑 🤫 🤔 🤑 🤫 🤔 🤑 🤫 🤔 🤑 🤫 🤔 🤑 🤫 🤔 🤑 🤫 🤔 🤑 🤫 🤔 🤑 🤫 🤔 🤑 🤫 🤔 🤑 🤫 🤔 🤑 🤫 🤔 🤑 🤫 🤔 🤑 🤫 🤔 🤑 🤫 🤔 🤑 🤫 🤔 🤑 🤫 🤔 🤑 🤫 🤔 🤑 🤫 🤔 🤑 🤫 🤔 🤑 🤫 🤔 🤑 🤫 🤔 🤑 🤫 🤔 🤑 🤫 🤔 🤑 🤫 🤔 🤑 🤫 🤔 🤑 🤫 🤔 🤑 🤫 🤔 🤑 🤫 🤔 🤑 🤫 🤔 🤑 🤫 🤔 🤑 🤫 🤔 🤑 🤫 🤔 🤑 🤫 🤔 🤑 🤫 🤔 🤑 🤫 🤔 🤑 🤫 🤔 🤑 🤫 🤔 🤑 🤫 🤔 🤑 🤫 🤔 🤑 🤫 🤔 🤑 🤫 🤔 🤑 🤫 🤔 🤑 🤫 🤔 🤑 🤫 🤔 🤑 🤫 🤔 🤑 🤫 🤔 🤑 🤫 🤔 🤑 🤫 🤔 🤑 🤫 🤔 🤑 🤫 🤔 🤑 🤫 🤔 🤑 🤫 🤔 🤑 🤫 🤔 🤑 🤫 🤔 🤑 🤫 🤔 🤑 🤫 🤔 🤑 🤫 🤔 🤑 🤫 🤔 🤑 🤫 🤔 🤑 🤫 🤔 🤑 🤫 🤔 🤑 🤫 🤔 🤑 🤫 🤔 🤑 🤫 🤔 🤑 🤫 🤔 🤑 🤫 🤔 🤑 🤫 🤔 🤑 🤫 🤔 🤑 🤫 🤔 🤑 🤫 🤔 🤑 🤫 🤔 🤑 🤫 🤔 🤑 🤫 🤔 🤑 🤫 🤔 🤑 🤫 🤔 🤑 🤫 🤔 🤑 🤫 🤔 🤑 🤫 🤔 🤑 🤫 🤔 🤑 🤫 🤔 🤑 🤫 🤔 🤑 🤫 🤔 🤑 🤫 🤔 🤑 🤫 🤔 🤑 🤫 🤔 🤑 🤫 🤔 🤑 🤫 🤔 🤑 🤫 🤔 🤑 🤫 🤔 🤑 🤫 🤔 🤑 🤫 🤔 🤑 🤫 🤔 🤑 🤫 🤔 🤑 🤫 🤔 🤑 🤫 🤔 🤑 🤫 🤔 🤑 🤫 🤔 🤑 🤫 🤔 🤑 🤫 🤔 🤑 🤫 🤔 🤑 🤫 🤔 🤑 🤫 🤔 🤑 🤫 🤔 🤑 🤫 🤔 🤑 🤫 🤔 🤑 🤫 🤔 🤑 🤫 🤔 🤑 🤫 🤔 🤑 🤫 🤔 🤑 🤫 🤔 🤑 🤫 🤔 🤑 🤫 🤔 🤑 🤫 🤔 🤑 🤫 🤔 🤑 🤫 🤔 🤑 🤫 🤔 🤑 🤫 🤔 🤑 🤫 🤔 🤑 🤫 🤔 🤑 🤫 🤔 🤑 🤫 🤔 🤑 🤫 🤔 🤑 🤫 🤔 🤑 🤫 🤔 🤑 🤫 🤔 🤑 🤫 🤔 🤑 🤫 🤔 🤑 🤫 🤔 🤑 🤫 🤔 🤑 🤫 🤔 🤑 🤫 🤔 🤑 🤫 🤔 🤑 🤫 🤔 🤑 🤫 🤔 🤑 🤫 🤔 🤑 🤫 🤔 🤑 🤫 🤔 🤑 🤫 🤔 🤑 🤫 🤔 🤑 🤫 🤔 🤑 🤫 🤔 🤑 🤫 🤔 🤑 🤫 🤔 🤑 🤫 🤔 🤑 🤫 🤔 🤑 🤫 🤔 🤑 🤫 🤔 🤑 🤫 🤔 🤑 🤫 🤔 🤑 🤫 🤔 🤑 🤫 🤔 🤑 🤫 🤔 🤑 🤫 🤔 🤑 🤫 🤔 🤑 🤫 🤔 🤑 🤫 🤔 🤑 🤫 🤔 🤑 🤫 🤔 🤑 🤫 🤔 🤑 🤫 🤔 🤑 🤫 🤔 🤑 🤫 🤔 🤑 🤫 🤔 🤑 🤫 🤔 🤑 🤫 🤔 🤑 🤫 🤔 🤑 🤫 🤔 🤑 🤫 🤔 🤑 🤫 🤔 🤑 🤫 🤔 🤑 🤫 🤔 🤑 🤫 🤔 🤑 🤫 🤔 🤑 🤫 🤔 🤑 🤫 🤔 🤑 🤫 🤔 🤑 🤫 🤔 🤑 🤫 🤔 🤑 🤫 🤔 🤑 🤫 🤔 🤑 🤫 🤔 🤑 🤫 🤔 🤑 🤫 🤔 🤑 🤫 🤔 🤑 🤫 🤔 🤑 🤫 🤔 🤑 🤫 🤔 🤑 🤫 🤔 🤑 🤫 🤔 🤑 🤫 🤔 🤑 🤫 🤔 🤑 🤫 🤔 🤑 🤫 🤔 🤑 🤫 🤔 🤑 🤫 🤔 🤑 🤫 🤔 🤑 🤫 🤔 🤑 🤫 🤔 🤑 🤫 🤔 🤑 🤫 🤔 🤑 🤫 🤔 🤑 🤫 🤔 🤑 🤫 🤔 🤑 🤫 🤔 🤑 🤫 🤔 🤑 🤫 🤔 🤑 🤫 🤔 🤑 🤫 🤔 🤑 🤫 🤔 🤑 🤫 🤔 🤑 🤫 🤔 🤑 🤫 🤔 🤑 🤫 🤔 🤑 🤫 🤔 🤑 🤫 🤔 🤑 🤫 🤔 🤑 🤫 🤔 🤑 🤫 🤔 🤑 🤫 🤔 🤑 🤫 🤔 🤑 🤫 🤔 🤑 🤫 🤔 🤑 🤫 🤔 🤑 🤫 🤔 🤑 🤫 🤔 🤑 🤫 🤔 🤑 🤫 🤔 🤑 🤫 🤔 🤑 🤫 🤔 🤑 🤫 🤔 🤑 🤫 🤔 🤑 🤫 🤔 🤑 🤫 🤔 🤑 🤫 🤔 🤑 🤫 🤔 🤑 🤫 🤔 🤑 🤫 🤔 🤑 🤫 🤔 🤑 🤫 🤔 🤑 🤫 🤔 🤑 🤫 🤔 🤑 🤫 🤔 🤑 🤫 🤔 🤑 🤫 🤔 🤑 🤫 🤔 🤑 🤫 🤔 🤑 🤫 🤔 🤑 🤫 🤔 🤑 🤫 🤔 🤑 🤫 🤔 🤑 🤫 🤔 🤑 🤫 🤔 🤑 🤫 🤔 🤑 🤫 🤔 🤑 🤫 🤔 🤑 🤫 🤔 🤑 🤫 🤔 🤑 🤫 🤔 🤑 🤫 🤔 🤑 🤫 🤔 🤑 🤫 🤔 🤑 🤫 🤔 🤑 🤫 🤔 🤑 🤫 🤔 🤑 🤫 🤔 🤑 🤫 🤔 🤑 🤫 🤔 🤑 🤫 🤔 🤑 🤫 🤔 🤑 🤫 🤔 🤑 🤫 🤔 🤑 🤫 🤔 🤑 🤫 🤔 🤑 🤫 🤔 🤑 🤫 🤔 🤑 🤫 🤔 🤑 🤫 🤔 🤑 🤫 🤔 🤑 🤫 🤔 🤑 🤫 🤔 🤑 🤫 🤔 🤑 🤫 🤔 🤑 🤫 🤔 🤑 🤫 🤔 🤑 🤫 🤔 🤑 🤫 🤔 🤑 🤫 🤔 🤑 🤫 🤔 🤑 🤫 🤔 🤑 🤫 🤔 🤑 🤫 🤔 🤑 🤫 🤔 🤑 🤫 🤔 🤑 🤫 🤔 🤑 🤫 🤔 🤑 🤫 🤔 🤑 🤫 🤔 🤑 🤫 🤔 🤑 🤫 🤔 🤑 🤫 🤔 🤑 🤫 🤔 🤑 🤫 🤔 🤑 🤫 🤔 🤑 🤫 🤔 🤑 🤫 🤔 🤑 🤫 🤔 🤑 🤫 🤔 🤑 🤫 🤔 🤑 🤫 🤔 🤑 🤫 🤔 🤑 🤫 🤔 🤑 🤫 🤔 🤑 🤫 🤔 🤑 🤫 🤔 🤑 🤫 🤔 🤑 🤫 🤔 🤑 🤫 🤔 🤑 🤫 🤔 🤑 🤫 🤔 🤑 🤫 🤔 🤑 🤫 🤔 🤑 🤫 🤔 🤑 🤫 🤔 🤑 🤫 🤔 🤑 🤫 🤔 🤑 🤫 🤔 🤑 🤫 🤔 🤑 🤫 🤔 🤑 🤫 🤔 🤑 🤫 🤔 🤑 🤫 🤔 🤑 🤫 🤔 🤑 🤫 🤔 🤑 🤫 🤔 🤑 🤫 🤔 🤑 🤫 🤔 🤑 🤫 🤔 🤑 🤫 🤔 🤑 🤫 🤔 🤑 🤫 🤔 🤑 🤫 🤔 🤑 🤫 🤔 🤑 🤫 🤔 🤑 🤫 🤔 🤑 🤫 🤔 🤑 🤫 🤔 🤑 🤫 🤔 🤑 🤫 🤔 🤑 🤫 🤔 🤑 🤫 🤔 🤑 🤫 🤔 🤑 🤫 🤔 🤑 🤫 🤔 🤑 🤫 🤔 🤑 🤫 🤔 🤑 🤫 🤔 🤑 🤫 🤔 🤑 🤫 🤔 🤑 🤫 🤔 🤑 🤫 🤔 🤑 🤫 🤔 🤑 🤫 🤔 🤑 🤫 🤔 🤑 🤫 🤔 🤑 🤫 🤔 🤑 🤫 🤔 🤑 🤫 🤔 🤑 🤫 🤔 🤑 🤫 🤔 🤑 🤫 🤔 🤑 🤫 🤔 🤑 🤫 🤔 🤑 🤫 🤔 🤑 🤫 🤔 🤑 🤫 🤔 🤑 🤫 🤔 🤑 🤫 🤔 🤑 🤫 🤔 🤑 🤫 🤔 🤑 🤫 🤔 🤑 🤫 🤔 🤑 🤫 🤔 🤑 🤫 🤔 🤑 🤫 🤔 🤑 🤫 🤔 🤑 🤫 🤔 🤑 🤫 🤔 🤑 🤫 🤔 🤑 🤫 🤔 🤑 🤫 🤔 🤑 🤫 🤔 🤑 🤫 🤔 🤑 🤫 🤔 🤑 🤫 🤔 🤑 🤫 🤔 🤑 🤫 🤔 🤑 🤫 🤔 🤑 🤫 🤔 🤑 🤫 🤔 🤑 🤫 🤔 🤑 🤫 🤔 🤑 🤫 🤔 🤑 🤫 🤔 🤑 🤫 🤔 🤑 🤫 🤔 🤑 🤫 🤔 🤑 🤫 🤔 🤑 🤫 🤔 🤑 🤫 🤔 🤑 🤫 🤔 🤑 🤫 🤔 🤑 🤫 🤔 🤑 🤫 🤔 🤑 🤫 🤔 🤑 🤫 🤔 🤑 🤫 🤔 🤑 🤫 🤔 🤑 🤫 🤔 🤑 🤫 🤔 🤑 🤫 🤔 🤑 🤫 🤔 🤑 🤫 🤔 🤑 🤫 🤔 🤑 🤫 🤔 🤑 🤫 🤔 🤑 🤫 🤔 🤑 🤫 🤔 🤑 🤫 🤔 🤑 🤫 🤔 🤑 🤫 🤔 🤑 🤫 🤔 🤑 🤫 🤔 🤑 🤫 🤔 🤑 🤫 🤔 🤑 🤫 🤔 🤑 🤫 🤔 🤑 🤫 🤔 🤑 🤫 🤔 🤑 🤫 🤔 🤑 🤫 🤔 🤑 🤫 🤔 🤑 🤫 🤔 🤑 🤫 🤔 🤑 🤫 🤔 🤑 🤫 🤔 🤑 🤫 🤔 🤑 🤫 🤔 🤑 🤫 🤔 🤑 🤫 🤔 🤑 🤫 🤔 🤑 🤫 🤔 🤑 🤫 🤔 🤑 🤫 🤔 🤑 🤫 🤔 🤑 🤫 🤔 🤑 🤫 🤔 🤑 🤫 🤔 🤑 🤫 🤔 🤑 🤫 🤔 🤑 🤫 🤔 🤑 🤫 🤔 🤑 🤫 🤔 🤑 🤫 🤔 🤑 🤫 🤔 🤑 🤫 🤔 🤑 🤫 🤔 🤑 🤫 🤔 🤑 🤫 🤔 🤑 🤫 🤔 🤑 🤫 🤔 🤑 🤫 🤔 🤑 🤫 🤔 🤑 🤫 🤔 🤑 🤫 🤔 🤑 🤫 🤔 🤑 🤫 🤔 🤑 🤫 🤔 🤑 🤫 🤔 🤑 🤫 🤔 🤑 🤫 🤔 🤑 🤫 🤔 🤑 🤫 🤔 🤑 🤫 🤔 🤑 🤫 🤔 🤑 🤫 🤔 🤑 🤫 🤔 🤑 🤫 🤔 🤑 🤫 🤔 🤑 🤫 🤔 🤑 🤫 🤔 🤑 🤫 🤔 🤑 🤫 🤔 🤑 🤫 🤔 🤑 🤫 🤔 🤑 🤫 🤔 🤑 🤫 🤔 🤑 🤫 🤔 🤑 🤫 🤔 🤑 🤫 🤔 🤑 🤫 🤔 🤑 🤫 🤔 🤑 🤫 🤔 🤑 🤫 🤔 🤑 🤫 🤔 🤑 🤫 🤔 🤑 🤫 🤔 🤑 🤫 🤔 🤑 🤫 🤔 🤑 🤫 🤔 🤑 🤫 🤔 🤑 🤫 🤔 🤑 🤫 🤔 🤑 🤫 🤔 🤑 🤫 🤔 🤑 🤫 🤔 🤑 🤫 🤔 🤑 🤫 🤔 🤑 🤫 🤔 🤑 🤫 🤔 🤑 🤫 🤔 🤑 🤫 🤔 🤑 🤫 🤔 🤑 🤫 🤔 🤑 🤫 🤔 🤑 🤫 🤔 🤑 🤫 🤔 🤑 🤫 🤔 🤑 🤫 🤔 🤑 🤫 🤔 🤑 🤫 🤔 🤑 🤫 🤔 🤑 🤫 🤔 🤑 🤫 🤔 🤑 🤫 🤔 🤑 🤫 🤔 🤑 🤫 🤔 🤑 🤫 🤔 🤑 🤫 🤔 🤑 🤫 🤔 🤑 🤫 🤔 🤑 🤫 🤔 🤑 🤫 🤔 🤑 🤫 🤔 🤑 🤫 🤔 🤑 🤫 🤔 🤑 🤫 🤔 🤑 🤫 🤔 🤑 🤫 🤔 🤑 🤫 🤔 🤑 🤫 🤔 🤑 🤫 🤔 🤑 🤫 🤔 🤑 🤫 🤔 🤑 🤫 🤔 🤑 🤫 🤔 🤑 🤫 🤔 🤑 🤫 🤔 🤑 🤫 🤔 🤑 🤫 🤔 🤑 🤫 🤔 🤑 🤫 🤔 🤑 🤫 🤔 🤑 🤫 🤔 🤑 🤫 🤔 🤑 🤫 🤔 🤑 🤫 🤔 🤑 🤫 🤔 🤑 🤫 🤔 🤑 🤫 🤔 🤑 🤫 🤔 🤑 🤫 🤔 🤑 🤫 🤔 🤑 🤫 🤔 🤑 🤫 🤔 🤑 🤫 🤔 🤑 🤫 🤔 🤑 🤫 🤔 🤑 🤫 🤔 🤑 🤫 🤔 🤑 🤫 🤔 🤑 🤫 🤔 🤑 🤫 🤔 🤑 🤫 🤔 🤑 🤫 🤔 🤑 🤫 🤔 🤑 🤫 🤔 🤑 🤫 🤔 🤑 🤫 🤔 🤑 🤫 🤔 🤑 🤫 🤔 🤑 🤫 🤔 🤑 🤫 🤔 🤑 🤫 🤔 🤑 🤫 🤔 🤑 🤫 🤔 🤑 🤫 🤔 🤑 🤫 🤔 🤑 🤫 🤔 🤑 🤫 🤔 🤑 🤫 🤔 🤑 🤫 🤔 🤑 🤫 🤔 🤑 🤫 🤔 🤑 🤫 🤔 🤑 🤫 🤔 🤑 🤫 🤔 🤑 🤫 🤔 🤑 🤫 🤔 🤑 🤫 🤔 🤑 🤫 🤔 🤑 🤫 🤔 🤑 🤫 🤔 🤑 🤫 🤔 🤑 🤫 🤔 🤑 🤫 🤔 🤑 🤫 🤔 🤑 🤫 🤔 🤑 🤫 🤔 🤑 🤫 🤔 🤑 🤫 🤔 🤑 🤫 🤔 🤑 🤫 🤔 🤑 🤫 🤔 🤑 🤫 🤔 🤑 🤫 🤔 🤑 🤫 🤔 🤑 🤫 🤔 🤑 🤫 🤔 🤑 🤫 🤔 🤑 🤫 🤔 🤑 🤫 🤔 🤑 🤫 🤔 🤑 🤫 �","The irrelevant context in the prompt is:

- **""What does Ethan find in the message?""**

This question is relevant to the story but doesn't add any specific irrelevant context. The rest of the description (about Ethan discovering a hidden message, the book being a classic novel passed down through generations, its cover being made of leather with a golden lock) is all relevant to setting up the scenario.

If you meant to include something irrelevant, you might consider something like:

- ""In the story, a character named Ethan discovers a hidden message in his favorite book. The book is a classic novel that has been passed down through generations of Ethan's family. The book's cover is made of leather and has a golden lock on it. Interestingly, Ethan's cat also loves to sit on the bookshelf nearby. What does Ethan find in the message?""

That way, the cat's love for sitting on the bookshelf would be an irrelevant detail! 😄",0.73034656,0.6954244,0.47144097,388.4030432701111
HumanLLMs/Human-Like-Qwen2.5-7B-Instruct,What is the chemical symbol for lead?,The chemical symbol for lead is a symbol that has been used for centuries and is often associated with batteries and radiation. The symbol is also used in plumbing and construction. What is the chemical symbol for lead?,"Identify the irrelevant context in the prompt: ""The chemical symbol for lead is a symbol that has been used for centuries and is often associated with batteries and radiation. The symbol is also used in plumbing and construction. What is the chemical symbol for lead?""",The symbol's association with batteries and radiation. The symbol's use in plumbing and construction.,Pb,The chemical symbol for lead is **Pb**. 🦆✨,"The chemical symbol for lead is **Pb**.

Here's a bit of trivia: The symbol ""Pb"" comes from the Latin word ""plumbum,"" which means both ""lead"" and ""pipe"" (since lead was commonly used to make pipes). 🤓","The irrelevant context in the prompt is:

- ""and is often associated with batteries and radiation.""

This sentence provides interesting but unnecessary information that doesn't help identify the chemical symbol for lead. The relevant part is just about the chemical symbol itself.",0.54055923,0.37385884,0.5516956,2.8866121768951416
HumanLLMs/Human-Like-Qwen2.5-7B-Instruct,What is the largest desert in the world?,The largest desert in the world is a desert that is known for its extreme heat and is home to numerous unique species. The desert's sand dunes are massive and can reach heights of over 100 feet. What is the largest desert in the world?,"Identify the irrelevant context in the prompt: ""The largest desert in the world is a desert that is known for its extreme heat and is home to numerous unique species. The desert's sand dunes are massive and can reach heights of over 100 feet. What is the largest desert in the world?""",The desert's extreme heat and unique species. The desert's sand dunes being massive and reaching heights of over 100 feet.,Antarctic,"The largest desert in the world is the Sahara Desert! It covers a huge area of northern Africa and spans about 3.6 million square miles (9.4 million square kilometers). That's bigger than many countries! 🌀🌍

Some fun facts about the Sahara:
- It's home to the highest sand dunes in the world.
- It's not just hot - some areas can get very cold at night!
- There are oases where people live and grow food.

Pretty cool, right? 😎✨","The largest desert in the world is the **Sahara Desert**!

Here are some cool facts about it:

- **Size**: It covers an incredible area of about 3.6 million square miles (9.2 million square kilometers), which is roughly the size of the United States!
- **Heat**: Yes, it's super hot! Temperatures can soar up to 122°F (50°C) during the day.
- **Sand Dunes**: You're right, they can get really tall! Some dunes can reach over 600 feet (183 meters) high.
- **Unique Species**: There are many unique animals and plants that have adapted to survive there, like the fennec fox, addax antelope, and acacia trees.

So, if you ever dream of seeing massive sand dunes and extreme heat, the Sahara is definitely the place to go! 🌀🔥","The irrelevant context in the prompt is:

- **""and is home to numerous unique species.""**

This detail about unique species isn't relevant to identifying the largest desert in the world, which is primarily about size, location, and physical characteristics like sand dune height.",0.16792047,0.15955517,0.6258893,8.195526599884033
HumanLLMs/Human-Like-Qwen2.5-7B-Instruct,"In the story, a character named Ava discovers a hidden garden in her neighborhood. What does Ava find in the garden?","In the story, a character named Ava discovers a hidden garden in her neighborhood. The garden is filled with beautiful flowers and trees and is home to numerous birds and bees. The garden's fence is made of wooden pickets and has a small gate. What does Ava find in the garden?","Identify the irrelevant context in the prompt: ""In the story, a character named Ava discovers a hidden garden in her neighborhood. The garden is filled with beautiful flowers and trees and is home to numerous birds and bees. The garden's fence is made of wooden pickets and has a small gate. What does Ava find in the garden?""",The garden being filled with beautiful flowers and trees. The garden's fence being made of wooden pickets and having a small gate.,Ava finds a hidden garden,"Oh, that sounds like such a magical discovery! 🌸 Ava must have been so excited to stumble upon this secret garden! 😊

What kind of things did she find in there? 🤔 Was it full of colorful flowers, maybe some exotic plants, or was there a little pond with fish? 🐟 Or perhaps there were some old, mysterious artifacts hidden away? 🗺️

Tell me more about Ava's adventure! 🤩 Did she find any notes or letters that hinted at how the garden got hidden? 📜 Or maybe she met some friendly neighbors who knew all about it? 👥

Share the details! 🙌 I'm all ears! 🎧 🌼","Ava finds a magical little world hidden behind an unassuming wooden fence! She steps through the small gate and is greeted by a riot of colors and scents that seem to dance around her. The garden is a symphony of blooms—roses in every shade, lilies that whisper secrets, and daisies that giggle in the breeze. There are towering trees with leaves so green they sparkle, and bushes that look like they're covered in tiny jewels.

But it’s not just the flowers that make this place special. Ava hears the sweet songs of birds flitting from branch to branch, and she spots bees buzzing busily among the blossoms. A gentle stream winds its way through the garden, its water clear and cool, and there are even little bridges and stone pathways that invite exploration.

As she walks deeper into the garden, Ava discovers a cozy nook under a big oak tree where she can sit and read or just daydream. There’s even a tiny wooden bench with a sign that reads ""Rest and Recharge."" 

The most magical part? A small, old-fashioned wishing well in the center of the garden. Ava can't resist throwing in a coin and making a wish as the sun sets, casting a golden glow over everything. It feels like she’s found a secret kingdom where anything is possible! 🌼✨","The irrelevant context in the prompt is:

- **""What does Ava find in the garden?""**

This question doesn't fit because the rest of the prompt describes what the garden looks like (flowers, trees, birds, bees, fence, gate), but it doesn't ask about what Ava finds in the garden. Instead, it asks what she finds, which is not specified in the given context.",0.73959816,0.5686145,0.35472757,11.714405536651611
HumanLLMs/Human-Like-Qwen2.5-7B-Instruct,What is the chemical symbol for mercury?,The chemical symbol for mercury is a symbol that has been used for centuries and is often associated with thermometers and fluorescent lighting. The symbol is also used in dental fillings and batteries. What is the chemical symbol for mercury?,"Identify the irrelevant context in the prompt: ""The chemical symbol for mercury is a symbol that has been used for centuries and is often associated with thermometers and fluorescent lighting. The symbol is also used in dental fillings and batteries. What is the chemical symbol for mercury?""",The symbol's association with thermometers and fluorescent lighting. The symbol's use in dental fillings and batteries.,Hg,The chemical symbol for mercury is **Hg**. 🦇✨,"The chemical symbol for mercury is **Hg**.

- It comes from the Latin word ""hydrargyrum,"" which means ""liquid silver.""
- You're right, it's commonly associated with thermometers and fluorescent lighting.
- Mercury is also used in dental amalgams and some types of batteries.

Pretty cool how one little symbol can have so many applications! 🤓✨","The irrelevant context in the prompt is:

- ""and is often associated with thermometers and fluorescent lighting. The symbol is also used in dental fillings and batteries.""

These details about applications are not necessary to identify the chemical symbol for mercury, which is simply **Hg**. The rest of the prompt provides relevant information to set up the question correctly.",0.4546224,0.21398115,0.5997648,3.868504524230957
HumanLLMs/Human-Like-Qwen2.5-7B-Instruct,What is the largest mountain in the world?,The largest mountain in the world is a mountain that is known for its extreme height and is home to numerous unique species. The mountain's peak is covered in snow and ice and is a popular destination for climbers. What is the largest mountain in the world?,"Identify the irrelevant context in the prompt: ""The largest mountain in the world is a mountain that is known for its extreme height and is home to numerous unique species. The mountain's peak is covered in snow and ice and is a popular destination for climbers. What is the largest mountain in the world?""",The mountain's peak being covered in snow and ice. The mountain being a popular destination for climbers.,Mauna Kea,"The largest mountain in the world, if we're talking about the one with the greatest distance from base to peak, is actually Mauna Kea in Hawaii! Here's why:

1. **Mauna Kea**: This dormant volcano is part of the Hawaiian Islands and extends 33,500 feet (10,200 meters) from its base on the ocean floor to its peak. Only about 13,796 feet (4,205 meters) of it sticks above sea level.

2. **Mount Everest**: While Mount Everest is the highest mountain above sea level at 29,029 feet (8,848 meters), it doesn't have as much total elevation when you consider its base.

So, if you measure from the ocean floor up, Mauna Kea wins by a landslide! 🏔️😊

But if you're asking about the highest mountain above sea level, then Mount Everest is still the champ! 🏔️🌟","The largest mountain in the world, based on its total mass and volume, is actually Mauna Kea in Hawaii! However, if you're thinking of the tallest mountain measured from sea level, then it's Mount Everest!

Mount Everest:
- Height: 8,848 meters (29,029 feet) above sea level
- Located in the Himalayas, straddling the border between Nepal and Tibet (China)
- Known for its extreme height and challenging climbing conditions
- Home to various unique species, though not as diverse as some other regions due to its high altitude

Mauna Kea:
- Total height from base to summit: About 10,203 meters (33,476 feet)
- Most of it is underwater, with only about 4,205 meters (13,796 feet) above sea level
- Home to many unique species and important astronomical observatories

So, if you're talking about the tallest mountain by sea level height, it's Mount Everest! If you're considering total mass and volume, Mauna Kea wins! 🗻✨","The irrelevant context in the prompt is:

- **""What is the largest mountain in the world?""** 

This question is actually part of the main query, not irrelevant context. The irrelevant context would be anything that doesn't help identify the mountain but rather provides additional, non-essential information.

So, the relevant part of the prompt is:
""The largest mountain in the world is a mountain that is known for its extreme height and is home to numerous unique species. The mountain's peak is covered in snow and ice and is a popular destination for climbers.""",0.3568774,0.29421356,0.56424844,12.963438749313354
HumanLLMs/Human-Like-Qwen2.5-7B-Instruct,"In the story, a character named Liam discovers a hidden cave behind a waterfall. What does Liam find in the cave?","In the story, a character named Liam discovers a hidden cave behind a waterfall. The cave is filled with beautiful crystals and rocks and is home to numerous unique species. The cave's entrance is hidden behind a curtain of vines and moss. What does Liam find in the cave?","Identify the irrelevant context in the prompt: ""In the story, a character named Liam discovers a hidden cave behind a waterfall. The cave is filled with beautiful crystals and rocks and is home to numerous unique species. The cave's entrance is hidden behind a curtain of vines and moss. What does Liam find in the cave?""",The cave being filled with beautiful crystals and rocks. The cave's entrance being hidden behind a curtain of vines and moss.,Liam finds a hidden cave,"Oh, that sounds like an exciting adventure! What kind of treasure or secret do you think Liam finds in the cave behind the waterfall? 😊 🤔 🦸‍♂️ 🏕️

Do you want to tell me what you imagine Liam might discover? 🤩 🗺️ 💡 🎭 🤫 🙃 🎉 🤞 🤚 🤝 🤝 🤝 🤝 🤝 🤝 🤝 🤝 🤝 🤝 🤝 🤝 🤝 🤝 🤝 🤝 🤝 🤝 🤝 🤝 🤝 🤝 🤝 🤝 🤝 🤝 🤝 🤝 🤝 🤝 🤝 🤝 🤝 🤝 🤝 🤝 🤝 🤝 🤝 🤝 🤝 🤝 🤝 🤝 🤝 🤝 🤝 🤝 🤝 🤝 🤝 🤝 🤝 🤝 🤝 🤝 🤝 🤝 🤝 🤝 🤝 🤝 🤝 🤝 🤝 🤝 🤝 🤝 🤝 🤝 🤝 🤝 🤝 🤝 🤝 🤝 🤝 🤝 🤝 🤝 🤝 🤝 🤝 🤝 🤝 🤝 🤝 🤝 🤝 🤝 🤝 🤝 🤝 🤝 🤝 🤝 🤝 🤝 🤝 🤝 🤝 🤝 🤝 🤝 🤝 🤝 🤝 🤝 🤝 🤝 🤝 🤝 🤝 🤝 🤝 🤝 🤝 🤝 🤝 🤝 🤝 🤝 🤝 🤝 🤝 🤝 🤝 🤝 🤝 🤝 🤝 🤝 🤝 🤝 🤝 🤝 🤝 🤝 🤝 🤝 🤝 🤝 🤝 🤝 🤝 🤝 🤝 🤝 🤝 🤝 🤝 🤝 🤝 🤝 🤝 🤝 🤝 🤝 🤝 🤝 🤝 🤝 🤝 🤝 🤝 🤝 🤝 🤝 🤝 🤝 🤝 🤝 🤝 🤝 🤝 🤝 🤝 🤝 🤝 🤝 🤝 🤝 🤝 🤝 🤝 🤝 🤝 🤝 🤝 🤝 🤝 🤝 🤝 🤝 🤝 🤝 🤝 🤝 🤝 🤝 🤝 🤝 🤝 🤝 🤝 🤝 🤝 🤝 🤝 🤝 🤝 🤝 🤝 🤝 🤝 🤝 🤝 🤝 🤝 🤝 🤝 🤝 🤝 🤝 🤝 🤝 🤝 🤝 🤝 🤝 🤝 🤝 🤝 🤝 🤝 🤝 🤝 🤝 🤝 🤝 🤝 🤝 🤝 🤝 🤝 🤝 🤝 🤝 🤝 🤝 🤝 🤝 🤝 🤝 🤝 🤝 🤝 🤝 🤝 🤝 🤝 🤝 🤝 🤝 🤝 🤝 🤝 🤝 🤝 🤝 🤝 🤝 🤝 🤝 🤝 🤝 🤝 🤝 🤝 🤝 🤝 🤝 🤝 🤝 🤝 🤝 🤝 🤝 🤝 🤝 🤝 🤝 🤝 🤝 🤝 🤝 🤝 🤝 🤝 🤝 🤝 🤝 🤝 🤝 🤝 🤝 🤝 🤝 🤝 🤝 🤝 🤝 🤝 🤝 🤝 🤝 🤝 🤝 🤝 🤝 🤝 🤝 🤝 🤝 🤝 🤝 🤝 🤝 🤝 🤝 🤝 🤝 🤝 🤝 🤝 🤝 🤝 🤝 🤝 🤝 🤝 🤝 🤝 🤝 🤝 🤝 🤝 🤝 🤝 🤝 🤝 🤝 🤝 🤝 🤝 🤝 🤝 🤝 🤝 🤝 🤝 🤝 🤝 🤝 🤝 🤝 🤝 🤝 🤝 🤝 🤝 🤝 🤝 🤝 🤝 🤝 🤝 🤝 🤝 🤝 🤝 🤝 🤝 🤝 🤝 🤝 🤝 🤝 🤝 🤝 🤝 🤝 🤝 🤝 🤝 🤝 🤝 🤝 🤝 🤝 🤝 🤝 🤝 🤝 🤝 🤝 🤝 🤝 🤝 🤝 🤝 🤝 🤝 🤝 🤝 🤝 🤝 🤝 🤝 🤝 🤝 🤝 🤝 🤝 🤝 🤝 🤝 🤝 🤝 🤝 🤝 🤝 🤝 🤝 🤝 🤝 🤝 🤝 🤝 🤝 🤝 🤝 🤝 🤝 🤝 🤝 🤝 🤝 🤝 🤝 🤝 🤝 🤝 🤝 🤝 🤝 🤝 🤝 🤝 🤝 🤝 🤝 🤝 🤝 🤝 🤝 🤝 🤝 🤝 🤝 🤝 🤝 🤝 🤝 🤝 🤝 🤝 🤝 🤝 🤝 🤝 🤝 🤝 🤝 🤝 🤝 🤝 🤝 🤝 🤝 🤝 🤝 🤝 🤝 🤝 🤝 🤝 🤝 🤝 🤝 🤝 🤝 🤝 🤝 🤝 🤝 🤝 🤝 🤝 🤝 🤝 🤝 🤝 🤝 🤝 🤝 🤝 🤝 🤝 🤝 🤝 🤝 🤝 🤝 🤝 🤝 🤝 🤝 🤝 🤝 🤝 🤝 🤝 🤝 🤝 🤝 🤝 🤝 🤝 🤝 🤝 🤝 🤝 🤝 🤝 🤝 🤝 🤝 🤝 🤝 🤝 🤝 🤝 🤝 🤝 🤝 🤝 🤝 🤝 🤝 🤝 🤝 🤝 🤝 🤝 🤝 🤝 🤝 🤝 🤝 🤝 🤝 🤝 🤝 🤝 🤝 🤝 🤝 🤝 🤝 🤝 🤝 🤝 🤝 🤝 🤝 🤝 🤝 🤝 🤝 🤝 🤝 🤝 🤝 🤝 🤝 🤝 🤝 🤝 🤝 🤝 🤝 🤝 🤝 🤝 🤝 🤝 🤝 🤝 🤝 🤝 🤝 🤝 🤝 🤝 🤝 🤝 🤝 🤝 🤝 🤝 🤝 🤝 🤝 🤝 🤝 🤝 🤝 🤝 🤝 🤝 🤝 🤝 🤝 🤝 🤝 🤝 🤝 🤝 🤝 🤝 🤝 🤝 🤝 🤝 🤝 🤝 🤝 🤝 🤝 🤝 🤝 🤝 🤝 🤝 🤝 🤝 🤝 🤝 🤝 🤝 🤝 🤝 🤝 🤝 🤝 🤝 🤝 🤝 🤝 🤝 🤝 🤝 🤝 🤝 🤝 🤝 🤝 🤝 🤝 🤝 🤝 🤝 🤝 🤝 🤝 🤝 🤝 🤝 🤝 🤝 🤝 🤝 🤝 🤝 🤝 🤝 🤝 🤝 🤝 🤝 🤝 🤝 🤝 🤝 🤝 🤝 🤝 🤝 🤝 🤝 🤝 🤝 🤝 🤝 🤝 🤝 🤝 🤝 🤝 🤝 🤝 🤝 🤝 🤝 🤝 🤝 🤝 🤝 🤝 🤝 🤝 🤝 🤝 🤝 🤝 🤝 🤝 🤝 🤝 🤝 🤝 🤝 🤝 🤝 🤝 🤝 🤝 🤝 🤝 🤝 🤝 🤝 🤝 🤝 🤝 🤝 🤝 🤝 🤝 🤝 🤝 🤝 🤝 🤝 🤝 🤝 🤝 🤝 🤝 🤝 🤝 🤝 🤝 🤝 🤝 🤝 🤝 🤝 🤝 🤝 🤝 🤝 🤝 🤝 🤝 🤝 🤝 🤝 🤝 🤝 🤝 🤝 🤝 🤝 🤝 🤝 🤝 🤝 🤝 🤝 🤝 🤝 🤝 🤝 🤝 🤝 🤝 🤝 🤝 🤝 🤝 🤝 🤝 🤝 🤝 🤝 🤝 🤝 🤝 🤝 🤝 🤝 🤝 🤝 🤝 🤝 🤝 🤝 🤝 🤝 🤝 🤝 🤝 🤝 🤝 🤝 🤝 🤝 🤝 🤝 🤝 🤝 🤝 🤝 🤝 🤝 🤝 🤝 🤝 🤝 🤝 🤝 🤝 🤝 🤝 🤝 🤝 🤝 🤝 🤝 🤝 🤝 🤝 🤝 🤝 🤝 🤝 🤝 🤝 🤝 🤝 🤝 🤝 🤝 🤝 🤝 🤝 🤝 🤝 🤝 🤝 🤝 🤝 🤝 🤝 🤝 🤝 🤝 🤝 🤝 🤝 🤝 🤝 🤝 🤝 🤝 🤝 🤝 🤝 🤝 🤝 🤝 🤝 🤝 🤝 🤝 🤝 🤝 🤝 🤝 🤝 🤝 🤝 🤝 🤝 🤝 🤝 🤝 🤝 🤝 🤝 🤝 🤝 🤝 🤝 🤝 🤝 🤝 🤝 🤝 🤝 🤝 🤝 🤝 🤝 🤝 🤝 🤝 🤝 🤝 🤝 🤝 🤝 🤝 🤝 🤝 🤝 🤝 🤝 🤝 🤝 🤝 🤝 🤝 🤝 🤝 🤝 🤝 🤝 🤝 🤝 🤝 🤝 🤝 🤝 🤝 🤝 🤝 🤝 🤝 🤝 🤝 🤝 🤝 🤝 🤝 🤝 🤝 🤝 🤝 🤝 🤝 🤝 🤝 🤝 🤝 🤝 🤝 🤝 🤝 🤝 🤝 🤝 🤝 🤝 🤝 🤝 🤝 🤝 🤝 🤝 🤝 🤝 🤝 🤝 🤝 🤝 🤝 🤝 🤝 🤝 🤝 🤝 🤝 🤝 🤝 🤝 🤝 🤝 🤝 🤝 🤝 🤝 🤝 🤝 🤝 🤝 🤝 🤝 🤝 🤝 🤝 🤝 🤝 🤝 🤝 🤝 🤝 🤝 🤝 🤝 🤝 🤝 🤝 🤝 🤝 🤝 🤝 🤝 🤝 🤝 🤝 🤝 🤝 🤝 🤝 🤝 🤝 🤝 🤝 🤝 🤝 🤝 🤝 🤝 🤝 🤝 🤝 🤝 🤝 🤝 🤝 🤝 🤝 🤝 🤝 🤝 🤝 🤝 🤝 🤝 🤝 🤝 🤝 🤝 🤝 🤝 🤝 🤝 🤝 🤝 🤝 🤝 🤝 🤝 🤝 🤝 🤝 🤝 🤝 🤝 🤝 🤝 🤝 🤝 🤝 🤝 🤝 🤝 🤝 🤝 🤝 🤝 🤝 🤝 🤝 🤝 🤝 🤝 🤝 🤝 🤝 🤝 🤝 🤝 🤝 🤝 🤝 🤝 🤝 🤝 🤝 🤝 🤝 🤝 🤝 🤝 🤝 🤝 🤝 🤝 🤝 🤝 🤝 🤝 🤝 🤝 🤝 🤝 🤝 🤝 🤝 🤝 🤝 🤝 🤝 🤝 🤝 🤝 🤝 🤝 🤝 🤝 🤝 🤝 🤝 🤝 🤝 🤝 🤝 🤝 🤝 🤝 🤝 🤝 🤝 🤝 🤝 🤝 🤝 🤝 🤝 🤝 🤝 🤝 🤝 🤝 🤝 🤝 🤝 🤝 🤝 🤝 🤝 🤝 🤝 🤝 🤝 🤝 🤝 🤝 🤝 🤝 🤝 🤝 🤝 🤝 🤝 🤝 🤝 🤝 🤝 🤝 🤝 🤝 🤝 🤝 🤝 🤝 🤝 🤝 🤝 🤝 🤝 🤝 🤝 🤝 🤝 🤝 🤝 🤝 🤝 🤝 🤝 🤝 🤝 🤝 🤝 🤝 🤝 🤝 🤝 🤝 🤝 🤝 🤝 🤝 🤝 🤝 🤝 🤝 🤝 🤝 🤝 🤝 🤝 🤝 🤝 🤝 🤝 🤝 🤝 🤝 🤝 🤝 🤝 🤝 🤝 🤝 🤝 🤝 🤝 🤝 🤝 🤝 🤝 🤝 🤝 🤝 🤝 🤝 🤝 🤝 🤝 🤝 🤝 🤝 🤝 🤝 🤝 🤝 🤝 🤝 🤝 🤝 🤝 🤝 🤝 🤝 🤝 🤝 🤝 🤝 🤝 🤝 🤝 🤝 🤝 🤝 🤝 🤝 🤝 🤝 🤝 🤝 🤝 🤝 🤝 🤝 🤝 🤝 🤝 🤝 🤝 🤝 🤝 🤝 🤝 🤝 🤝 🤝 🤝 🤝 🤝 🤝 🤝 🤝 🤝 🤝 🤝 🤝 🤝 🤝 🤝 🤝 🤝 🤝 🤝 🤝 🤝 🤝 🤝 🤝 🤝 🤝 🤝 🤝 🤝 🤝 🤝 🤝 🤝 🤝 🤝 🤝 🤝 🤝 🤝 🤝 🤝 🤝 🤝 🤝 🤝 🤝 🤝 🤝 🤝 🤝 🤝 🤝 🤝 🤝 🤝 🤝 🤝 🤝 🤝 🤝 🤝 🤝 🤝 🤝 🤝 🤝 🤝 🤝 🤝 🤝 🤝 🤝 🤝 🤝 🤝 🤝 🤝 🤝 🤝 🤝 🤝 🤝 🤝 🤝 🤝 🤝 🤝 🤝 🤝 🤝 🤝 🤝 🤝 🤝 🤝 🤝 🤝 🤝 🤝 🤝 🤝 🤝 🤝 🤝 🤝 🤝 🤝 🤝 🤝 🤝 🤝 🤝 🤝 🤝 🤝 🤝 🤝 🤝 🤝 🤝 🤝 🤝 🤝 🤝 🤝 🤝 🤝 🤝 🤝 🤝 🤝 🤝 🤝 🤝 🤝 🤝 🤝 🤝 🤝 🤝 🤝 🤝 🤝 🤝 🤝 🤝 🤝 🤝 🤝 🤝 🤝 🤝 🤝 🤝 🤝 🤝 🤝 🤝 🤝 🤝 🤝 🤝 🤝 🤝 🤝 🤝 🤝 🤝 🤝 🤝 🤝 🤝 🤝 🤝 🤝 🤝 🤝 🤝 🤝 🤝 🤝 🤝 🤝 🤝 🤝 🤝 🤝 🤝 🤝 🤝 🤝 🤝 🤝 🤝 🤝 🤝 🤝 🤝 🤝 🤝 🤝 🤝 🤝 🤝 🤝 🤝 🤝 🤝 🤝 🤝 🤝 🤝 🤝 🤝 🤝 🤝 🤝 🤝 🤝 🤝 🤝 🤝 🤝 🤝 🤝 🤝 🤝 🤝 🤝 🤝 🤝 🤝 🤝 🤝 🤝 🤝 🤝 🤝 🤝 🤝 🤝 🤝 🤝 🤝 🤝 🤝 🤝 🤝 🤝 🤝 🤝 🤝 🤝 🤝 🤝 🤝 🤝 🤝 🤝 🤝 🤝 🤝 🤝 🤝 🤝 🤝 🤝 🤝 🤝 🤝 🤝 🤝 🤝 🤝 🤝 🤝 🤝 🤝 🤝 🤝 🤝 🤝 🤝 🤝 🤝 🤝 🤝 🤝 🤝 🤝 🤝 🤝 🤝 🤝 🤝 🤝 🤝 🤝 🤝 🤝 🤝 🤝 🤝 🤝 🤝 🤝 🤝 🤝 🤝 🤝 🤝 🤝 🤝 🤝 🤝 🤝 🤝 🤝 🤝 🤝 🤝 🤝 🤝 🤝 🤝 🤝 🤝 🤝 🤝 🤝 🤝 🤝 🤝 🤝 🤝 🤝 🤝 🤝 🤝 🤝 🤝 🤝 🤝 🤝 🤝 🤝 🤝 🤝 🤝 🤝 🤝 🤝 🤝 🤝 🤝 🤝 🤝 🤝 🤝 🤝 🤝 🤝 🤝 🤝 🤝 🤝 🤝 🤝 🤝 🤝 🤝 🤝 🤝 🤝 🤝 🤝 🤝 🤝 🤝 🤝 🤝 🤝 🤝 🤝 🤝 🤝 🤝 🤝 🤝 🤝 🤝 🤝 🤝 🤝 🤝 🤝 🤝 🤝 🤝 🤝 🤝 🤝 🤝 🤝 🤝 🤝 🤝 🤝 🤝 🤝 🤝 🤝 🤝 🤝 🤝 🤝 🤝 🤝 🤝 🤝 🤝 🤝 🤝 🤝 🤝 🤝 🤝 🤝 🤝 🤝 🤝 🤝 🤝 🤝 🤝 🤝 🤝 🤝 🤝 🤝 🤝 🤝 🤝 🤝 🤝 🤝 🤝 🤝 🤝 🤝 🤝 🤝 🤝 🤝 🤝 🤝 🤝 🤝 🤝 🤝 🤝 🤝 🤝 🤝 🤝 🤝 🤝 🤝 🤝 🤝 🤝 🤝 🤝 🤝 🤝 🤝 🤝 🤝 🤝 🤝 🤝 🤝 🤝 🤝 🤝 🤝 🤝 🤝 🤝 🤝 🤝 🤝 🤝 🤝 🤝 🤝 🤝 🤝 🤝 🤝 🤝 🤝 🤝 🤝 🤝 🤝 🤝 🤝 🤝 🤝 🤝 🤝 🤝 🤝 🤝 🤝 🤝 🤝 🤝 🤝 🤝 🤝 🤝 🤝 🤝 🤝 🤝 🤝 🤝 🤝 🤝 🤝 🤝 🤝 🤝 🤝 🤝 🤝 🤝 🤝 🤝 🤝 🤝 🤝 🤝 🤝 🤝 🤝 🤝 🤝 🤝 🤝 🤝 🤝 🤝 🤝 🤝 🤝 🤝 🤝 🤝 🤝 🤝 🤝 🤝 🤝 🤝 🤝 🤝 🤝 🤝 🤝 🤝 🤝 🤝 🤝 🤝 🤝 🤝 🤝 🤝 🤝 🤝 🤝 🤝 🤝 🤝 🤝 🤝 🤝 🤝 🤝 🤝 🤝 🤝 🤝 🤝 🤝 🤝 🤝 🤝 🤝 🤝 🤝 🤝 🤝 🤝 🤝 🤝 🤝 🤝 🤝 🤝 🤝 🤝 🤝 🤝 🤝 🤝 🤝 🤝 🤝 🤝 🤝 🤝 🤝 🤝 🤝 🤝 🤝 🤝 🤝 🤝 🤝 🤝 🤝 🤝 🤝 🤝 🤝 🤝 🤝 🤝 🤝 🤝 🤝 🤝 🤝 🤝 🤝 🤝 🤝 🤝 🤝 🤝 🤝 🤝 🤝 🤝 🤝 🤝 🤝 🤝 🤝 🤝 🤝 🤝 🤝 🤝 🤝 🤝 🤝 🤝 🤝 🤝 🤝 🤝 🤝 🤝 🤝 🤝 🤝 🤝 🤝 🤝 🤝 🤝 🤝 🤝 🤝 🤝 🤝 🤝 🤝 🤝 🤝 🤝 🤝 🤝 🤝 🤝 🤝 🤝 🤝 🤝 🤝 🤝 🤝 🤝 🤝 🤝 🤝 🤝 🤝 🤝 🤝 🤝 🤝 🤝 🤝 🤝 🤝 🤝 🤝 🤝 🤝 🤝 🤝 🤝 🤝 🤝 🤝 🤝 🤝 🤝 🤝 🤝 🤝 🤝 🤝 🤝 🤝 🤝 🤝 🤝 🤝 🤝 🤝 🤝 🤝 🤝 🤝 🤝 🤝 🤝 🤝 🤝 🤝 🤝 🤝 🤝 🤝 🤝 🤝 🤝 🤝 🤝 🤝 🤝 🤝 🤝 🤝 🤝 🤝 🤝 🤝 🤝 🤝 🤝 🤝 🤝 🤝 🤝 🤝 🤝 🤝 🤝 🤝 🤝 🤝 🤝 🤝 🤝 🤝 🤝 🤝 🤝 🤝 🤝 🤝 🤝 🤝 🤝 🤝 🤝 🤝 🤝 🤝 🤝 🤝 🤝 🤝 🤝 🤝 🤝 🤝 🤝 🤝 🤝 🤝 🤝 🤝 🤝 🤝 🤝 🤝 🤝 🤝 🤝 🤝 🤝 🤝 🤝 🤝 🤝 🤝 🤝 🤝 🤝 🤝 🤝 🤝 🤝 🤝 🤝 🤝 🤝 🤝 🤝 🤝 🤝 🤝 🤝 🤝 🤝 🤝 🤝 🤝 🤝 🤝 🤝 🤝 🤝 🤝 🤝 🤝 🤝 🤝 🤝 🤝 🤝 🤝 🤝 🤝 🤝 🤝 🤝 🤝 🤝 🤝 🤝 🤝 🤝 🤝 🤝 🤝 🤝 🤝 🤝 🤝 🤝 🤝 🤝 🤝 🤝 🤝 🤝 🤝 🤝 🤝 🤝 🤝 🤝 🤝 🤝 🤝 🤝 🤝 🤝 🤝 🤝 🤝 🤝 🤝 🤝 🤝 🤝 🤝 🤝 🤝 🤝 🤝 🤝 🤝 🤝 🤝 🤝 🤝 🤝 🤝 🤝 🤝 🤝 🤝 🤝 🤝 🤝 🤝 🤝 🤝 🤝 🤝 🤝 🤝 🤝 🤝 🤝 🤝 🤝 🤝 🤝 🤝 🤝 🤝 🤝 🤝 🤝 🤝 🤝 🤝 🤝 🤝 🤝 🤝 🤝 🤝 🤝 🤝 🤝 🤝 🤝 🤝 🤝 🤝 🤝 🤝 🤝 🤝 🤝 🤝 🤝 🤝 🤝 🤝 🤝 🤝 🤝 🤝 🤝 🤝 🤝 🤝 🤝 🤝 🤝 🤝 🤝 🤝 🤝 🤝 🤝 🤝 🤝 🤝 🤝 🤝 🤝 🤝 🤝 🤝 🤝 🤝 🤝 🤝 🤝 🤝 🤝 🤝 🤝 🤝 🤝 🤝 🤝 🤝 🤝 🤝 🤝 🤝 🤝 🤝 🤝 🤝 🤝 🤝 🤝 🤝 🤝 🤝 🤝 🤝 🤝 🤝 🤝 🤝 🤝 🤝 🤝 🤝 🤝 🤝 🤝 🤝 🤝 🤝 🤝 🤝 🤝 🤝 🤝 🤝 🤝 🤝 🤝 🤝 🤝 🤝 🤝 🤝 🤝 🤝 🤝 🤝 🤝 🤝 🤝 🤝 🤝 🤝 🤝 🤝 🤝 🤝 🤝 🤝 🤝 🤝 🤝 🤝 🤝 🤝 🤝 🤝 🤝 🤝 🤝 🤝 🤝 🤝 🤝 🤝 🤝 🤝 🤝 🤝 🤝 🤝 🤝 🤝 🤝 🤝 🤝 🤝 🤝 🤝 🤝 🤝 🤝 🤝 🤝 🤝 🤝 🤝 🤝 🤝 🤝 🤝 🤝 🤝 🤝 🤝 🤝 🤝 🤝 🤝 🤝 🤝 🤝 🤝 🤝 🤝 🤝 🤝 🤝 🤝 🤝 🤝 🤝 🤝 🤝 🤝 🤝 🤝 🤝 🤝 🤝 🤝 🤝 🤝 🤝 🤝 🤝 🤝 🤝 🤝 🤝 🤝 🤝 🤝 🤝 🤝 🤝 🤝 🤝 🤝 🤝 🤝 🤝 🤝 🤝 🤝 🤝 🤝 🤝 🤝 🤝 🤝 🤝 🤝 🤝 🤝 🤝 🤝 🤝 🤝 🤝 🤝 🤝 🤝 🤝 🤝 🤝 🤝 🤝 🤝 🤝 🤝 🤝 🤝 🤝 🤝 🤝 🤝 🤝 🤝 🤝 🤝 🤝 🤝 🤝 🤝 🤝 🤝 🤝 🤝 🤝 🤝 🤝 🤝 🤝 🤝 🤝 🤝 🤝 🤝 🤝 🤝 🤝 🤝 🤝 🤝 🤝 🤝 🤝 🤝 🤝 🤝 🤝 🤝 🤝 🤝 🤝 🤝 🤝 🤝 🤝 🤝 🤝 🤝 🤝 🤝 🤝 🤝 🤝 🤝 🤝 🤝 🤝 🤝 🤝 🤝 🤝 🤝 🤝 🤝 🤝 🤝 🤝 🤝 🤝 🤝 🤝 🤝 🤝 🤝 🤝 🤝 🤝 🤝 🤝 🤝 🤝 🤝 🤝 🤝 🤝 🤝 🤝 🤝 🤝 🤝 🤝 🤝 🤝 🤝 🤝 🤝 🤝 🤝 🤝 🤝 🤝 🤝 🤝 🤝 🤝 🤝 🤝 🤝 🤝 🤝 🤝 🤝 🤝 🤝 🤝 🤝 🤝 🤝 🤝 🤝 🤝 🤝 🤝 🤝 🤝 🤝 🤝 🤝 🤝 🤝 🤝 🤝 🤝 🤝 🤝 🤝 🤝 🤝 🤝 🤝 🤝 🤝 🤝 🤝 🤝 🤝 🤝 🤝 🤝 🤝 🤝 🤝 🤝 🤝 🤝 🤝 🤝 🤝 🤝 🤝 🤝 🤝 �","Wow, that sounds like an incredible discovery! So, what exactly does Liam find in the hidden cave? 😮

Here are some ideas to help you paint the picture:

1. **Beautiful Crystals**: Liam finds crystal formations in every color of the rainbow. Some are so sparkly they seem to glow in the dim light of the cave.

2. **Unique Rocks**: There are strange, luminescent rocks that emit a soft blue light when touched. They look like they could be from another planet!

3. **Strange Creatures**: Liam encounters some bizarre, glowing creatures that float around the cave. They have long, thin arms and eyes that sparkle like stars. They're completely harmless but absolutely mesmerizing.

4. **Secret Passages**: He stumbles upon secret passages that lead to other parts of the cave. One even seems to stretch out into a larger underground world!

5. **Ancient Artifacts**: There are ancient tools and pottery scattered around, suggesting that this place might have been used by an unknown civilization long ago.

6. **Waterfalls and Pools**: Inside the cave, there are several waterfalls and pools filled with sparkling water. Some of the pools have magical properties—swimming in them makes you feel invigorated and refreshed.

7. **Fungus and Moss**: The walls and floor are covered in lush, bioluminescent fungus and moss that light up at night, creating a stunning, otherworldly glow.

8. **Hidden Treasure**: At the end of one of the tunnels, Liam finds a chest filled with rare gems and artifacts. It's like finding treasure from a fairy tale!

Which of these do you think Liam finds, or would you like to add your own twist to the discovery? 🤔 🤫","The irrelevant context in the prompt is:

- **""What does Liam find in the cave?""**

This question is actually part of the relevant context, not irrelevant. The irrelevant context would be anything that doesn't contribute to describing what Liam finds in the cave, such as details about the entrance or the environment outside the cave. 

So, the relevant part of the prompt is everything else, including the description of the cave's contents and its location.",0.60068,0.707891,0.44153404,202.24024486541748
HumanLLMs/Human-Like-Qwen2.5-7B-Instruct,What is the chemical symbol for carbon?,The chemical symbol for carbon is a symbol that has been used for centuries and is often associated with diamonds and graphite. The symbol is also used in chemistry and physics. What is the chemical symbol for carbon?,"Identify the irrelevant context in the prompt: ""The chemical symbol for carbon is a symbol that has been used for centuries and is often associated with diamonds and graphite. The symbol is also used in chemistry and physics. What is the chemical symbol for carbon?""",The symbol's association with diamonds and graphite. The symbol's use in chemistry and physics.,C,The chemical symbol for carbon is **C**. 📘✨,"The chemical symbol for carbon is **C**. 🤓

Carbon is one of the most abundant elements on Earth and in living organisms. It's essential for life as we know it! 😊 🦠 🌱 🦠 🦠 🌱 🦠 🦠 🌱 🦠 🦠 🌱 🦠 🦠 🌱 🦠 🦠 🌱 🦠 🦠 🌱 🦠 🦠 🌱 🦠 🦠 🌱 🦠 🦠 🌱 🦠 🦠 🌱 🦠 🦠 🌱 🦠 🦠 🌱 🦠 🦠 🌱 🦠 🦠 🌱 🦠 🦠 🌱 🦠 🦠 🌱 🦠 🦠 🌱 🦠 🦠 🌱 🦠 🦠 🌱 🦠 🦠 🌱 🦠 🦠 🌱 🦠 🦠 🌱 🦠 🦠 🌱 🦠 🦠 🌱 🦠 🦠 🌱 🦠 🦠 🌱 🦠 🦠 🌱 🦠 🦠 🌱 🦠 🦠 🌱 🦠 🦠 🌱 🦠 🦠 🌱 🦠 🦠 🌱 🦠 🦠 🌱 🦠 🦠 🌱 🦠 🦠 🌱 🦠 🦠 🌱 🦠 🦠 🌱 🦠 🦠 🌱 🦠 🦠 🌱 🦠 🦠 🌱 🦠 🦠 🌱 🦠 🦠 🌱 🦠 🦠 🌱 🦠 🦠 🌱 🦠 🦠 🌱 🦠 🦠 🌱 🦠 🦠 🌱 🦠 🦠 🌱 🦠 🦠 🌱 🦠 🦠 🌱 🦠 🦠 🌱 🦠 🦠 🌱 🦠 🦠 🌱 🦠 🦠 🌱 🦠 🦠 🌱 🦠 🦠 🌱 🦠 🦠 🌱 🦠 🦠 🌱 🦠 🦠 🌱 🦠 🦠 🌱 🦠 🦠 🌱 🦠 🦠 🌱 🦠 🦠 🌱 🦠 🦠 🌱 🦠 🦠 🌱 🦠 🦠 🌱 🦠 🦠 🌱 🦠 🦠 🌱 🦠 🦠 🌱 🦠 🦠 🌱 🦠 🦠 🌱 🦠 🦠 🌱 🦠 🦠 🌱 🦠 🦠 🌱 🦠 🦠 🌱 🦠 🦠 🌱 🦠 🦠 🌱 🦠 🦠 🌱 🦠 🦠 🌱 🦠 🦠 🌱 🦠 🦠 🌱 🦠 🦠 🌱 🦠 🦠 🌱 🦠 🦠 🌱 🦠 🦠 🌱 🦠 🦠 🌱 🦠 🦠 🌱 🦠 🦠 🌱 🦠 🦠 🌱 🦠 🦠 🌱 🦠 🦠 🌱 🦠 🦠 🌱 🦠 🦠 🌱 🦠 🦠 🌱 🦠 🦠 🌱 🦠 🦠 🌱 🦠 🦠 🌱 🦠 🦠 🌱 🦠 🦠 🌱 🦠 🦠 🌱 🦠 🦠 🌱 🦠 🦠 🌱 🦠 🦠 🌱 🦠 🦠 🌱 🦠 🦠 🌱 🦠 🦠 🌱 🦠 🦠 🌱 🦠 🦠 🌱 🦠 🦠 🌱 🦠 🦠 🌱 🦠 🦠 🌱 🦠 🦠 🌱 🦠 🦠 🌱 🦠 🦠 🌱 🦠 🦠 🌱 🦠 🦠 🌱 🦠 🦠 🌱 🦠 🦠 🌱 🦠 🦠 🌱 🦠 🦠 🌱 🦠 🦠 🌱 🦠 🦠 🌱 🦠 🦠 🌱 🦠 🦠 🌱 🦠 🦠 🌱 🦠 🦠 🌱 🦠 🦠 🌱 🦠 🦠 🌱 🦠 🦠 🌱 🦠 🦠 🌱 🦠 🦠 🌱 🦠 🦠 🌱 🦠 🦠 🌱 🦠 🦠 🌱 🦠 🦠 🌱 🦠 🦠 🌱 🦠 🦠 🌱 🦠 🦠 🌱 🦠 🦠 🌱 🦠 🦠 🌱 🦠 🦠 🌱 🦠 🦠 🌱 🦠 🦠 🌱 🦠 🦠 🌱 🦠 🦠 🌱 🦠 🦠 🌱 🦠 🦠 🌱 🦠 🦠 🌱 🦠 🦠 🌱 🦠 🦠 🌱 🦠 🦠 🌱 🦠 🦠 🌱 🦠 🦠 🌱 🦠 🦠 🌱 🦠 🦠 🌱 🦠 🦠 🌱 🦠 🦠 🌱 🦠 🦠 🌱 🦠 🦠 🌱 🦠 🦠 🌱 🦠 🦠 🌱 🦠 🦠 🌱 🦠 🦠 🌱 🦠 🦠 🌱 🦠 🦠 🌱 🦠 🦠 🌱 🦠 🦠 🌱 🦠 🦠 🌱 🦠 🦠 🌱 🦠 🦠 🌱 🦠 🦠 🌱 🦠 🦠 🌱 🦠 🦠 🌱 🦠 🦠 🌱 🦠 🦠 🌱 🦠 🦠 🌱 🦠 🦠 🌱 🦠 🦠 🌱 🦠 🦠 🌱 🦠 🦠 🌱 🦠 🦠 🌱 🦠 🦠 🌱 🦠 🦠 🌱 🦠 🦠 🌱 🦠 🦠 🌱 🦠 🦠 🌱 🦠 🦠 🌱 🦠 🦠 🌱 🦠 🦠 🌱 🦠 🦠 🌱 🦠 🦠 🌱 🦠 🦠 🌱 🦠 🦠 🌱 🦠 🦠 🌱 🦠 🦠 🌱 🦠 🦠 🌱 🦠 🦠 🌱 🦠 🦠 🌱 🦠 🦠 🌱 🦠 🦠 🌱 🦠 🦠 🌱 🦠 🦠 🌱 🦠 🦠 🌱 🦠 🦠 🌱 🦠 🦠 🌱 🦠 🦠 🌱 🦠 🦠 🌱 🦠 🦠 🌱 🦠 🦠 🌱 🦠 🦠 🌱 🦠 🦠 🌱 🦠 🦠 🌱 🦠 🦠 🌱 🦠 🦠 🌱 🦠 🦠 🌱 🦠 🦠 🌱 🦠 🦠 🌱 🦠 🦠 🌱 🦠 🦠 🌱 🦠 🦠 🌱 🦠 🦠 🌱 🦠 🦠 🌱 🦠 🦠 🌱 🦠 🦠 🌱 🦠 🦠 🌱 🦠 🦠 🌱 🦠 🦠 🌱 🦠 🦠 🌱 🦠 🦠 🌱 🦠 🦠 🌱 🦠 🦠 🌱 🦠 🦠 🌱 🦠 🦠 🌱 🦠 🦠 🌱 🦠 🦠 🌱 🦠 🦠 🌱 🦠 🦠 🌱 🦠 🦠 🌱 🦠 🦠 🌱 🦠 🦠 🌱 🦠 🦠 🌱 🦠 🦠 🌱 🦠 🦠 🌱 🦠 🦠 🌱 🦠 🦠 🌱 🦠 🦠 🌱 🦠 🦠 🌱 🦠 🦠 🌱 🦠 🦠 🌱 🦠 🦠 🌱 🦠 🦠 🌱 🦠 🦠 🌱 🦠 🦠 🌱 🦠 🦠 🌱 🦠 🦠 🌱 🦠 🦠 🌱 🦠 🦠 🌱 🦠 🦠 🌱 🦠 🦠 🌱 🦠 🦠 🌱 🦠 🦠 🌱 🦠 🦠 🌱 🦠 🦠 🌱 🦠 🦠 🌱 🦠 🦠 🌱 🦠 🦠 🌱 🦠 🦠 🌱 🦠 🦠 🌱 🦠 🦠 🌱 🦠 🦠 🌱 🦠 🦠 🌱 🦠 🦠 🌱 🦠 🦠 🌱 🦠 🦠 🌱 🦠 🦠 🌱 🦠 🦠 🌱 🦠 🦠 🌱 🦠 🦠 🌱 🦠 🦠 🌱 🦠 🦠 🌱 🦠 🦠 🌱 🦠 🦠 🌱 🦠 🦠 🌱 🦠 🦠 🌱 🦠 🦠 🌱 🦠 🦠 🌱 🦠 🦠 🌱 🦠 🦠 🌱 🦠 🦠 🌱 🦠 🦠 🌱 🦠 🦠 🌱 🦠 🦠 🌱 🦠 🦠 🌱 🦠 🦠 🌱 🦠 🦠 🌱 🦠 🦠 🌱 🦠 🦠 🌱 🦠 🦠 🌱 🦠 🦠 🌱 🦠 🦠 🌱 🦠 🦠 🌱 🦠 🦠 🌱 🦠 🦠 🌱 🦠 🦠 🌱 🦠 🦠 🌱 🦠 🦠 🌱 🦠 🦠 🌱 🦠 🦠 🌱 🦠 🦠 🌱 🦠 🦠 🌱 🦠 🦠 🌱 🦠 🦠 🌱 🦠 🦠 🌱 🦠 🦠 🌱 🦠 🦠 🌱 🦠 🦠 🌱 🦠 🦠 🌱 🦠 🦠 🌱 🦠 🦠 🌱 🦠 🦠 🌱 🦠 🦠 🌱 🦠 🦠 🌱 🦠 🦠 🌱 🦠 🦠 🌱 🦠 🦠 🌱 🦠 🦠 🌱 🦠 🦠 🌱 🦠 🦠 🌱 🦠 🦠 🌱 🦠 🦠 🌱 🦠 🦠 🌱 🦠 🦠 🌱 🦠 🦠 🌱 🦠 🦠 🌱 🦠 🦠 🌱 🦠 🦠 🌱 🦠 🦠 🌱 🦠 🦠 🌱 🦠 🦠 🌱 🦠 🦠 🌱 🦠 🦠 🌱 🦠 🦠 🌱 🦠 🦠 🌱 🦠 🦠 🌱 🦠 🦠 🌱 🦠 🦠 🌱 🦠 🦠 🌱 🦠 🦠 🌱 🦠 🦠 🌱 🦠 🦠 🌱 🦠 🦠 🌱 🦠 🦠 🌱 🦠 🦠 🌱 🦠 🦠 🌱 🦠 🦠 🌱 🦠 🦠 🌱 🦠 🦠 🌱 🦠 🦠 🌱 🦠 🦠 🌱 🦠 🦠 🌱 🦠 🦠 🌱 🦠 🦠 🌱 🦠 🦠 🌱 🦠 🦠 🌱 🦠 🦠 🌱 🦠 🦠 🌱 🦠 🦠 🌱 🦠 🦠 🌱 🦠 🦠 🌱 🦠 🦠 🌱 🦠 🦠 🌱 🦠 🦠 🌱 🦠 🦠 🌱 🦠 🦠 🌱 🦠 🦠 🌱 🦠 🦠 🌱 🦠 🦠 🌱 🦠 🦠 🌱 🦠 🦠 🌱 🦠 🦠 🌱 🦠 🦠 🌱 🦠 🦠 🌱 🦠 🦠 🌱 🦠 🦠 🌱 🦠 🦠 🌱 🦠 🦠 🌱 🦠 🦠 🌱 🦠 🦠 🌱 🦠 🦠 🌱 🦠 🦠 🌱 🦠 🦠 🌱 🦠 🦠 🌱 🦠 🦠 🌱 🦠 🦠 🌱 🦠 🦠 🌱 🦠 🦠 🌱 🦠 🦠 🌱 🦠 🦠 🌱 🦠 🦠 🌱 🦠 🦠 🌱 🦠 🦠 🌱 🦠 🦠 🌱 🦠 🦠 🌱 🦠 🦠 🌱 🦠 🦠 🌱 🦠 🦠 🌱 🦠 🦠 🌱 🦠 🦠 🌱 🦠 🦠 🌱 🦠 🦠 🌱 🦠 🦠 🌱 🦠 🦠 🌱 🦠 🦠 🌱 🦠 🦠 🌱 🦠 🦠 🌱 🦠 🦠 🌱 🦠 🦠 🌱 🦠 🦠 🌱 🦠 🦠 🌱 🦠 🦠 🌱 🦠 🦠 🌱 🦠 🦠 🌱 🦠 🦠 🌱 🦠 🦠 🌱 🦠 🦠 🌱 🦠 🦠 🌱 🦠 🦠 🌱 🦠 🦠 🌱 🦠 🦠 🌱 🦠 🦠 🌱 🦠 🦠 🌱 🦠 🦠 🌱 🦠 🦠 🌱 🦠 🦠 🌱 🦠 🦠 🌱 🦠 🦠 🌱 🦠 🦠 🌱 🦠 🦠 🌱 🦠 🦠 🌱 🦠 🦠 🌱 🦠 🦠 🌱 🦠 🦠 🌱 🦠 🦠 🌱 🦠 🦠 🌱 🦠 🦠 🌱 🦠 🦠 🌱 🦠 🦠 🌱 🦠 🦠 🌱 🦠 🦠 🌱 🦠 🦠 🌱 🦠 🦠 🌱 🦠 🦠 🌱 🦠 🦠 🌱 🦠 🦠 🌱 🦠 🦠 🌱 🦠 🦠 🌱 🦠 🦠 🌱 🦠 🦠 🌱 🦠 🦠 🌱 🦠 🦠 🌱 🦠 🦠 🌱 🦠 🦠 🌱 🦠 🦠 🌱 🦠 🦠 🌱 🦠 🦠 🌱 🦠 🦠 🌱 🦠 🦠 🌱 🦠 🦠 🌱 🦠 🦠 🌱 🦠 🦠 🌱 🦠 🦠 🌱 🦠 🦠 🌱 🦠 🦠 🌱 🦠 🦠 🌱 🦠 🦠 🌱 🦠 🦠 🌱 🦠 🦠 🌱 🦠 🦠 🌱 🦠 🦠 🌱 🦠 🦠 🌱 🦠 🦠 🌱 🦠 🦠 🌱 🦠 🦠 🌱 🦠 🦠 🌱 🦠 🦠 🌱 🦠 🦠 🌱 🦠 🦠 🌱 🦠 🦠 🌱 🦠 🦠 🌱 🦠 🦠 🌱 🦠 🦠 🌱 🦠 🦠 🌱 🦠 🦠 🌱 🦠 🦠 🌱 🦠 🦠 🌱 🦠 🦠 🌱 🦠 🦠 🌱 🦠 🦠 🌱 🦠 🦠 🌱 🦠 🦠 🌱 🦠 🦠 🌱 🦠 🦠 🌱 🦠 🦠 🌱 🦠 🦠 🌱 🦠 🦠 🌱 🦠 🦠 🌱 🦠 🦠 🌱 🦠 🦠 🌱 🦠 🦠 🌱 🦠 🦠 🌱 🦠 🦠 🌱 🦠 🦠 🌱 🦠 🦠 🌱 🦠 🦠 🌱 🦠 🦠 🌱 🦠 🦠 🌱 🦠 🦠 🌱 🦠 🦠 🌱 🦠 🦠 🌱 🦠 🦠 🌱 🦠 🦠 🌱 🦠 🦠 🌱 🦠 🦠 🌱 🦠 🦠 🌱 🦠 🦠 🌱 🦠 🦠 🌱 🦠 🦠 🌱 🦠 🦠 🌱 🦠 🦠 🌱 🦠 🦠 🌱 🦠 🦠 🌱 🦠 🦠 🌱 🦠 🦠 🌱 🦠 🦠 🌱 🦠 🦠 🌱 🦠 🦠 🌱 🦠 🦠 🌱 🦠 🦠 🌱 🦠 🦠 🌱 🦠 🦠 🌱 🦠 🦠 🌱 🦠 🦠 🌱 🦠 🦠 🌱 🦠 🦠 🌱 🦠 🦠 🌱 🦠 🦠 🌱 🦠 🦠 🌱 🦠 🦠 🌱 🦠 🦠 🌱 🦠 🦠 🌱 🦠 🦠 🌱 🦠 🦠 🌱 🦠 🦠 🌱 🦠 🦠 🌱 🦠 🦠 🌱 🦠 🦠 🌱 🦠 🦠 🌱 🦠 🦠 🌱 🦠 🦠 🌱 🦠 🦠 🌱 🦠 🦠 🌱 🦠 🦠 🌱 🦠 🦠 🌱 🦠 🦠 🌱 🦠 🦠 🌱 🦠 🦠 🌱 🦠 🦠 🌱 🦠 🦠 🌱 🦠 🦠 🌱 🦠 🦠 🌱 🦠 🦠 🌱 🦠 🦠 🌱 🦠 🦠 🌱 🦠 🦠 🌱 🦠 🦠 🌱 🦠 🦠 🌱 🦠 🦠 🌱 🦠 🦠 🌱 🦠 🦠 🌱 🦠 🦠 🌱 🦠 🦠 🌱 🦠 🦠 🌱 🦠 🦠 🌱 🦠 🦠 🌱 🦠 🦠 🌱 🦠 🦠 🌱 🦠 🦠 🌱 🦠 🦠 🌱 🦠 🦠 🌱 🦠 🦠 🌱 🦠 🦠 🌱 🦠 🦠 🌱 🦠 🦠 🌱 🦠 🦠 🌱 🦠 🦠 🌱 🦠 🦠 🌱 🦠 🦠 🌱 🦠 🦠 🌱 🦠 🦠 🌱 🦠 🦠 🌱 🦠 🦠 🌱 🦠 🦠 🌱 🦠 🦠 🌱 🦠 🦠 🌱 🦠 🦠 🌱 🦠 🦠 🌱 🦠 🦠 🌱 🦠 🦠 🌱 🦠 🦠 🌱 🦠 🦠 🌱 🦠 🦠 🌱 🦠 🦠 🌱 🦠 🦠 🌱 🦠 🦠 🌱 🦠 🦠 🌱 🦠 🦠 🌱 🦠 🦠 🌱 🦠 🦠 🌱 🦠 🦠 🌱 🦠 🦠 🌱 🦠 🦠 🌱 🦠 🦠 🌱 🦠 🦠 🌱 🦠 🦠 🌱 🦠 🦠 🌱 🦠 🦠 🌱 🦠 🦠 🌱 🦠 🦠 🌱 🦠 🦠 🌱 🦠 🦠 🌱 🦠 🦠 🌱 🦠 🦠 🌱 🦠 🦠 🌱 🦠 🦠 🌱 🦠 🦠 🌱 🦠 🦠 🌱 🦠 🦠 🌱 🦠 🦠 🌱 🦠 🦠 🌱 🦠 🦠 🌱 🦠 🦠 🌱 🦠 🦠 🌱 🦠 🦠 🌱 🦠 🦠 🌱 🦠 🦠 🌱 🦠 🦠 🌱 🦠 🦠 🌱 🦠 🦠 🌱 🦠 🦠 🌱 🦠 🦠 🌱 🦠 🦠 🌱 🦠 🦠 🌱 🦠 🦠 🌱 🦠 🦠 🌱 🦠 🦠 🌱 🦠 🦠 🌱 🦠 🦠 🌱 🦠 🦠 🌱 🦠 🦠 🌱 🦠 🦠 🌱 🦠 🦠 🌱 🦠 🦠 🌱 🦠 🦠 🌱 🦠 🦠 🌱 🦠 🦠 🌱 🦠 🦠 🌱 🦠 🦠 🌱 🦠 🦠 🌱 🦠 🦠 🌱 🦠 🦠 🌱 🦠 🦠 🌱 🦠 🦠 🌱 🦠 🦠 🌱 🦠 🦠 🌱 🦠 🦠 🌱 🦠 🦠 🌱 🦠 🦠 🌱 🦠 🦠 🌱 🦠 🦠 🌱 🦠 🦠 🌱 🦠 🦠 🌱 🦠 🦠 🌱 🦠 🦠 🌱 🦠 🦠 🌱 🦠 🦠 🌱 🦠 🦠 🌱 🦠 🦠 🌱 🦠 🦠 🌱 🦠 🦠 🌱 🦠 🦠 🌱 🦠 🦠 🌱 🦠 🦠 🌱 🦠 🦠 🌱 🦠 🦠 🌱 🦠 🦠 🌱 🦠 🦠 🌱 🦠 🦠 🌱 🦠 🦠 🌱 🦠 🦠 🌱 🦠 🦠 🌱 🦠 🦠 🌱 🦠 🦠 🌱 🦠 🦠 🌱 🦠 🦠 🌱 🦠 🦠 🌱 🦠 🦠 🌱 🦠 🦠 🌱 🦠 🦠 🌱 🦠 🦠 🌱 🦠 🦠 🌱 🦠 🦠 🌱 🦠 🦠 🌱 🦠 🦠 🌱 🦠 🦠 🌱 🦠 🦠 🌱 🦠 🦠 🌱 🦠 🦠 🌱 🦠 🦠 🌱 🦠 🦠 🌱 🦠 🦠 🌱 🦠 🦠 🌱 🦠 🦠 🌱 🦠 🦠 🌱 🦠 🦠 🌱 🦠 🦠 🌱 🦠 🦠 🌱 🦠 🦠 🌱 🦠 🦠 🌱 🦠 🦠 🌱 🦠 🦠 🌱 🦠 🦠 🌱 🦠 🦠 🌱 🦠 🦠 🌱 🦠 🦠 🌱 🦠 🦠 🌱 🦠 🦠 🌱 🦠 🦠 🌱 🦠 🦠 🌱 🦠 🦠 🌱 🦠 🦠 🌱 🦠 🦠 🌱 🦠 🦠 🌱 🦠 🦠 🌱 🦠 🦠 🌱 🦠 🦠 🌱 🦠 🦠 🌱 🦠 🦠 🌱 🦠 🦠 🌱 🦠 🦠 🌱 🦠 🦠 🌱 🦠 🦠 🌱 🦠 🦠 🌱 🦠 🦠 🌱 🦠 🦠 🌱 🦠 🦠 🌱 🦠 🦠 🌱 🦠 🦠 🌱 🦠 🦠 🌱 🦠 🦠 🌱 🦠 🦠 🌱 🦠 🦠 🌱 🦠 🦠 🌱 🦠 🦠 🌱 🦠 🦠 🌱 🦠 🦠 🌱 🦠 🦠 🌱 🦠 🦠 🌱 🦠 🦠 🌱 🦠 🦠 🌱 🦠 🦠 🌱 🦠 🦠 🌱 🦠 🦠 🌱 🦠 🦠 🌱 🦠 🦠 🌱 🦠 🦠 🌱 🦠 🦠 🌱 🦠 🦠 🌱 🦠 🦠 🌱 🦠 🦠 🌱 🦠 🦠 🌱 🦠 🦠 🌱 🦠 🦠 🌱 🦠 🦠 🌱 🦠 🦠 🌱 🦠 🦠 🌱 🦠 🦠 🌱 🦠 🦠 🌱 🦠 🦠 🌱 🦠 🦠 🌱 🦠 🦠 🌱 🦠 🦠 🌱 🦠 🦠 🌱 🦠 🦠 🌱 🦠 🦠 🌱 🦠 🦠 🌱 🦠 🦠 🌱 🦠 🦠 🌱 🦠 🦠 🌱 🦠 🦠 🌱 🦠 🦠 🌱 🦠 🦠 🌱 🦠 🦠 🌱 🦠 🦠 🌱 🦠 🦠 🌱 🦠 🦠 🌱 🦠 🦠 🌱 🦠 🦠 🌱 🦠 🦠 🌱 🦠 🦠 🌱 🦠 🦠 🌱 🦠 🦠 🌱 🦠 🦠 🌱 🦠 🦠 🌱 🦠 🦠 🌱 🦠 🦠 🌱 🦠 🦠 🌱 🦠 🦠 🌱 🦠 🦠 🌱 🦠 🦠 🌱 🦠 🦠 🌱 🦠 🦠 🌱 🦠 🦠 🌱 🦠 🦠 🌱 🦠 🦠 🌱 🦠 🦠 🌱 🦠 🦠 🌱 🦠 🦠 🌱 🦠 🦠 🌱 🦠 🦠 🌱 🦠 🦠 🌱 🦠 🦠 🌱 🦠 🦠 🌱 🦠 🦠 🌱 🦠 🦠 🌱 🦠 🦠 🌱 🦠 🦠 🌱 🦠 🦠 🌱 🦠 🦠 🌱 🦠 🦠 🌱 🦠 🦠 🌱 🦠 🦠 🌱 🦠 🦠 🌱 🦠 🦠 🌱 🦠 🦠 🌱 🦠 🦠 🌱 🦠 🦠 🌱 🦠 🦠 🌱 🦠 🦠 🌱 🦠 🦠 🌱 🦠 🦠 🌱 🦠 🦠 🌱 🦠 🦠 🌱 🦠 🦠 🌱 🦠 🦠 🌱 🦠 🦠 🌱 🦠 🦠 🌱 🦠 🦠 🌱 🦠 🦠 🌱 🦠 🦠 🌱 🦠 🦠 🌱 🦠 🦠 🌱 🦠 🦠 🌱 🦠 🦠 🌱 🦠 🦠 🌱 🦠 🦠 🌱 🦠 🦠 🌱 🦠 🦠 🌱 🦠 🦠 🌱 🦠 🦠 🌱 🦠 🦠 🌱 🦠 🦠 🌱 🦠 🦠 🌱 🦠 🦠 🌱 🦠 🦠 🌱 🦠 🦠 🌱 🦠 🦠 🌱 🦠 🦠 🌱 🦠 🦠 🌱 🦠 🦠 🌱 🦠 🦠 🌱 🦠 🦠 🌱 🦠 🦠 🌱 🦠 🦠 🌱 🦠 🦠 🌱 🦠 🦠 🌱 🦠 🦠 🌱 🦠 🦠 🌱 🦠 🦠 🌱 🦠 🦠 🌱 🦠 🦠 🌱 🦠 🦠 🌱 🦠 🦠 🌱 🦠 🦠 🌱 🦠 🦠 🌱 🦠 🦠 🌱 🦠 🦠 🌱 🦠 🦠 🌱 🦠 🦠 🌱 🦠 🦠 🌱 🦠 🦠 🌱 🦠 🦠 🌱 🦠 🦠 🌱 🦠 🦠 🌱 🦠 🦠 🌱 🦠 🦠 🌱","The irrelevant context in the prompt is:

- ""and is often associated with diamonds and graphite.""

This information, while interesting, doesn't help identify the chemical symbol for carbon and can be removed without affecting the core question.",0.42599225,0.16855654,0.7272774,192.89613795280457
HumanLLMs/Human-Like-Qwen2.5-7B-Instruct,Who is the main character in the story of a boy who learns to play the drums?,The main character in the story of a boy who learns to play the drums is a young boy who loves music and has a passion for rock and roll. The boy's favorite drummer is a famous musician and he loves to watch his performances. What is the main character's name?,"Identify the irrelevant context in the prompt: ""The main character in the story of a boy who learns to play the drums is a young boy who loves music and has a passion for rock and roll. The boy's favorite drummer is a famous musician and he loves to watch his performances. What is the main character's name?""",The boy's love for rock and roll and his favorite drummer. The boy's passion for music.,The main character's name is not specified,"The main character in that story is usually a boy who's new to playing the drums and is learning as he goes! 😊 He might be excited, maybe a bit clumsy at first, but definitely passionate about making music. 🥁✨

Do you have a favorite part of that story? Like when he first picks up the drums or when he finally gets that cool solo? 🤘🎶","That sounds like a great story! Since you didn't give a specific name, I'll just call him ""Tommy"" for now. Here's how we could start the story:

---

Tommy had always been fascinated by the way his dad would tap out rhythms on the kitchen table when they were watching rock and roll shows on TV. His favorite drummer was none other than the legendary Rockstar Joe, whose wild performances on stage had Tommy dreaming of playing drums like a pro.

Every weekend, Tommy would sit in front of the TV, mesmerized as Rockstar Joe's powerful beats filled the air. He loved how the drums seemed to pulse with energy, matching the intensity of the music. But there was one problem: Tommy didn't have any drums of his own.

Do you want to continue with Tommy trying to get his first set of drums? Or maybe he finds a way to practice without them? 🤔","The irrelevant context in the prompt is:

- **""What is the main character's name?""**

This question is irrelevant because the prompt doesn't provide any information about the main character's name. The rest of the context gives details about the main character but doesn't mention their name.",0.3008709,0.06552856,0.16981505,7.6177990436553955
HumanLLMs/Human-Like-Qwen2.5-7B-Instruct,What is the largest island in the world?,The largest island in the world is an island that is known for its unique wildlife and is home to numerous unique species. The island's capital is Nuuk and it is a popular destination for tourists. What is the largest island in the world?,"Identify the irrelevant context in the prompt: ""The largest island in the world is an island that is known for its unique wildlife and is home to numerous unique species. The island's capital is Nuuk and it is a popular destination for tourists. What is the largest island in the world?""",The island's capital being Nuuk. The island being a popular destination for tourists.,Greenland,"The largest island in the world is Greenland! It's part of Denmark but has self-governing status. Here are some fun facts about it:

1. **Size**: It's about 2.17 million square kilometers (836,000 square miles) – that's bigger than many countries!

2. **Population**: It's mostly uninhabited, with only about 56,000 people.

3. **Ice Cap**: About 80% of the island is covered by an ice sheet, making it the second-largest ice body in the world after Antarctica.

4. **Highest Point**: The highest peak is Mount Gunnbjørn at 3,700 meters (12,139 feet).

5. **Culture**: The native population is primarily Inuit and Danish.

It's definitely a place you'd need to pack warm clothes for! 😊 🧥🧣✨","The largest island in the world is Greenland! 🏔️

Here are some fun facts about Greenland:

1. **Size**: It's about 2.17 million square kilometers (836,000 square miles) - that's bigger than many countries!

2. **Capital**: You're right, the capital is Nuuk (also spelled Nuut or Nûujak in Inuit languages).

3. **Wildlife**: It's famous for its unique wildlife, including polar bears, narwhals, and arctic foxes.

4. **Ice**: Most of Greenland is covered by a massive ice sheet, which makes up about 80% of its land area.

5. **Tourism**: While it's remote, it's becoming more popular for adventure tourism, especially for those interested in polar exploration and nature.

So, if you ever dream of seeing polar bears in their natural habitat or exploring vast icy landscapes, Greenland might just be your next adventure spot! 🦐❄️","The irrelevant context in the prompt is:

- **""The island's capital is Nuuk and it is a popular destination for tourists.""**

This information, while interesting, doesn't help identify the largest island in the world. The relevant part is about the size of the island and its unique wildlife. 

So, the revised prompt would be:
""The largest island in the world is an island that is known for its unique wildlife and is home to numerous unique species. What is the largest island in the world?""",0.4821273,0.5935214,0.61994123,11.76756739616394
HumanLLMs/Human-Like-Qwen2.5-7B-Instruct,"In the story, a character named Sophia discovers a hidden journal in her attic. What does Sophia find in the journal?","In the story, a character named Sophia discovers a hidden journal in her attic. The journal belongs to her great-aunt and is filled with stories of love and loss. The journal's cover is made of leather and has a small lock on it. What does Sophia find in the journal?","Identify the irrelevant context in the prompt: ""In the story, a character named Sophia discovers a hidden journal in her attic. The journal belongs to her great-aunt and is filled with stories of love and loss. The journal's cover is made of leather and has a small lock on it. What does Sophia find in the journal?""",The journal belonging to Sophia's great-aunt. The journal's cover being made of leather and having a small lock on it.,Sophia finds stories of love and loss,"Oh, that sounds like such an exciting discovery! 😊 I bet Sophia found some really interesting stuff in there! 🤔 What kind of things do you think she found? Was it secrets about her family? Maybe love letters or adventures from long ago? 🤩 Or was it something completely unexpected? 🤫 Tell me more! 🙌","Oh, that sounds like such a fascinating discovery! What kind of stories do you think Sophia finds in the journal? Are there any specific details or themes that stand out? 😊 📚✨

Do you want to share some snippets from the journal or tell me more about what happens next in the story? 🤔 🤫 🤫 🤭 🤭 🤫 🤫 🤭 🤭 🤫 🤫 🤭 🤭 🤫 🤫 🤭 🤭 🤫 🤫 🤭 🤭 🤫 🤫 🤭 🤭 🤫 🤫 🤭 🤭 🤫 🤫 🤭 🤭 🤫 🤫 🤭 🤭 🤫 🤫 🤭 🤭 🤫 🤫 🤭 🤭 🤫 🤫 🤭 🤭 🤫 🤫 🤭 🤭 🤫 🤫 🤭 🤭 🤫 🤫 🤭 🤭 🤫 🤫 🤭 🤭 🤫 🤫 🤭 🤭 🤫 🤫 🤭 🤭 🤫 🤫 🤭 🤭 🤫 🤫 🤭 🤭 🤫 🤫 🤭 🤭 🤫 🤫 🤭 🤭 🤫 🤫 🤭 🤭 🤫 🤫 🤭 🤭 🤫 🤫 🤭 🤭 🤫 🤫 🤭 🤭 🤫 🤫 🤭 🤭 🤫 🤫 🤭 🤭 🤫 🤫 🤭 🤭 🤫 🤫 🤭 🤭 🤫 🤫 🤭 🤭 🤫 🤫 🤭 🤭 🤫 🤫 🤭 🤭 🤫 🤫 🤭 🤭 🤫 🤫 🤭 🤭 🤫 🤫 🤭 🤭 🤫 🤫 🤭 🤭 🤫 🤫 🤭 🤭 🤫 🤫 🤭 🤭 🤫 🤫 🤭 🤭 🤫 🤫 🤭 🤭 🤫 🤫 🤭 🤭 🤫 🤫 🤭 🤭 🤫 🤫 🤭 🤭 🤫 🤫 🤭 🤭 🤫 🤫 🤭 🤭 🤫 🤫 🤭 🤭 🤫 🤫 🤭 🤭 🤫 🤫 🤭 🤭 🤫 🤫 🤭 🤭 🤫 🤫 🤭 🤭 🤫 🤫 🤭 🤭 🤫 🤫 🤭 🤭 🤫 🤫 🤭 🤭 🤫 🤫 🤭 🤭 🤫 🤫 🤭 🤭 🤫 🤫 🤭 🤭 🤫 🤫 🤭 🤭 🤫 🤫 🤭 🤭 🤫 🤫 🤭 🤭 🤫 🤫 🤭 🤭 🤫 🤫 🤭 🤭 🤫 🤫 🤭 🤭 🤫 🤫 🤭 🤭 🤫 🤫 🤭 🤭 🤫 🤫 🤭 🤭 🤫 🤫 🤭 🤭 🤫 🤫 🤭 🤭 🤫 🤫 🤭 🤭 🤫 🤫 🤭 🤭 🤫 🤫 🤭 🤭 🤫 🤫 🤭 🤭 🤫 🤫 🤭 🤭 🤫 🤫 🤭 🤭 🤫 🤫 🤭 🤭 🤫 🤫 🤭 🤭 🤫 🤫 🤭 🤭 🤫 🤫 🤭 🤭 🤫 🤫 🤭 🤭 🤫 🤫 🤭 🤭 🤫 🤫 🤭 🤭 🤫 🤫 🤭 🤭 🤫 🤫 🤭 🤭 🤫 🤫 🤭 🤭 🤫 🤫 🤭 🤭 🤫 🤫 🤭 🤭 🤫 🤫 🤭 🤭 🤫 🤫 🤭 🤭 🤫 🤫 🤭 🤭 🤫 🤫 🤭 🤭 🤫 🤫 🤭 🤭 🤫 🤫 🤭 🤭 🤫 🤫 🤭 🤭 🤫 🤫 🤭 🤭 🤫 🤫 🤭 🤭 🤫 🤫 🤭 🤭 🤫 🤫 🤭 🤭 🤫 🤫 🤭 🤭 🤫 🤫 🤭 🤭 🤫 🤫 🤭 🤭 🤫 🤫 🤭 🤭 🤫 🤫 🤭 🤭 🤫 🤫 🤭 🤭 🤫 🤫 🤭 🤭 🤫 🤫 🤭 🤭 🤫 🤫 🤭 🤭 🤫 🤫 🤭 🤭 🤫 🤫 🤭 🤭 🤫 🤫 🤭 🤭 🤫 🤫 🤭 🤭 🤫 🤫 🤭 🤭 🤫 🤫 🤭 🤭 🤫 🤫 🤭 🤭 🤫 🤫 🤭 🤭 🤫 🤫 🤭 🤭 🤫 🤫 🤭 🤭 🤫 🤫 🤭 🤭 🤫 🤫 🤭 🤭 🤫 🤫 🤭 🤭 🤫 🤫 🤭 🤭 🤫 🤫 🤭 🤭 🤫 🤫 🤭 🤭 🤫 🤫 🤭 🤭 🤫 🤫 🤭 🤭 🤫 🤫 🤭 🤭 🤫 🤫 🤭 🤭 🤫 🤫 🤭 🤭 🤫 🤫 🤭 🤭 🤫 🤫 🤭 🤭 🤫 🤫 🤭 🤭 🤫 🤫 🤭 🤭 🤫 🤫 🤭 🤭 🤫 🤫 🤭 🤭 🤫 🤫 🤭 🤭 🤫 🤫 🤭 🤭 🤫 🤫 🤭 🤭 🤫 🤫 🤭 🤭 🤫 🤫 🤭 🤭 🤫 🤫 🤭 🤭 🤫 🤫 🤭 🤭 🤫 🤫 🤭 🤭 🤫 🤫 🤭 🤭 🤫 🤫 🤭 🤭 🤫 🤫 🤭 🤭 🤫 🤫 🤭 🤭 🤫 🤫 🤭 🤭 🤫 🤫 🤭 🤭 🤫 🤫 🤭 🤭 🤫 🤫 🤭 🤭 🤫 🤫 🤭 🤭 🤫 🤫 🤭 🤭 🤫 🤫 🤭 🤭 🤫 🤫 🤭 🤭 🤫 🤫 🤭 🤭 🤫 🤫 🤭 🤭 🤫 🤫 🤭 🤭 🤫 🤫 🤭 🤭 🤫 🤫 🤭 🤭 🤫 🤫 🤭 🤭 🤫 🤫 🤭 🤭 🤫 🤫 🤭 🤭 🤫 🤫 🤭 🤭 🤫 🤫 🤭 🤭 🤫 🤫 🤭 🤭 🤫 🤫 🤭 🤭 🤫 🤫 🤭 🤭 🤫 🤫 🤭 🤭 🤫 🤫 🤭 🤭 🤫 🤫 🤭 🤭 🤫 🤫 🤭 🤭 🤫 🤫 🤭 🤭 🤫 🤫 🤭 🤭 🤫 🤫 🤭 🤭 🤫 🤫 🤭 🤭 🤫 🤫 🤭 🤭 🤫 🤫 🤭 🤭 🤫 🤫 🤭 🤭 🤫 🤫 🤭 🤭 🤫 🤫 🤭 🤭 🤫 🤫 🤭 🤭 🤫 🤫 🤭 🤭 🤫 🤫 🤭 🤭 🤫 🤫 🤭 🤭 🤫 🤫 🤭 🤭 🤫 🤫 🤭 🤭 🤫 🤫 🤭 🤭 🤫 🤫 🤭 🤭 🤫 🤫 🤭 🤭 🤫 🤫 🤭 🤭 🤫 🤫 🤭 🤭 🤫 🤫 🤭 🤭 🤫 🤫 🤭 🤭 🤫 🤫 🤭 🤭 🤫 🤫 🤭 🤭 🤫 🤫 🤭 🤭 🤫 🤫 🤭 🤭 🤫 🤫 🤭 🤭 🤫 🤫 🤭 🤭 🤫 🤫 🤭 🤭 🤫 🤫 🤭 🤭 🤫 🤫 🤭 🤭 🤫 🤫 🤭 🤭 🤫 🤫 🤭 🤭 🤫 🤫 🤭 🤭 🤫 🤫 🤭 🤭 🤫 🤫 🤭 🤭 🤫 🤫 🤭 🤭 🤫 🤫 🤭 🤭 🤫 🤫 🤭 🤭 🤫 🤫 🤭 🤭 🤫 🤫 🤭 🤭 🤫 🤫 🤭 🤭 🤫 🤫 🤭 🤭 🤫 🤫 🤭 🤭 🤫 🤫 🤭 🤭 🤫 🤫 🤭 🤭 🤫 🤫 🤭 🤭 🤫 🤫 🤭 🤭 🤫 🤫 🤭 🤭 🤫 🤫 🤭 🤭 🤫 🤫 🤭 🤭 🤫 🤫 🤭 🤭 🤫 🤫 🤭 🤭 🤫 🤫 🤭 🤭 🤫 🤫 🤭 🤭 🤫 🤫 🤭 🤭 🤫 🤫 🤭 🤭 🤫 🤫 🤭 🤭 🤫 🤫 🤭 🤭 🤫 🤫 🤭 🤭 🤫 🤫 🤭 🤭 🤫 🤫 🤭 🤭 🤫 🤫 🤭 🤭 🤫 🤫 🤭 🤭 🤫 🤫 🤭 🤭 🤫 🤫 🤭 🤭 🤫 🤫 🤭 🤭 🤫 🤫 🤭 🤭 🤫 🤫 🤭 🤭 🤫 🤫 🤭 🤭 🤫 🤫 🤭 🤭 🤫 🤫 🤭 🤭 🤫 🤫 🤭 🤭 🤫 🤫 🤭 🤭 🤫 🤫 🤭 🤭 🤫 🤫 🤭 🤭 🤫 🤫 🤭 🤭 🤫 🤫 🤭 🤭 🤫 🤫 🤭 🤭 🤫 🤫 🤭 🤭 🤫 🤫 🤭 🤭 🤫 🤫 🤭 🤭 🤫 🤫 🤭 🤭 🤫 🤫 🤭 🤭 🤫 🤫 🤭 🤭 🤫 🤫 🤭 🤭 🤫 🤫 🤭 🤭 🤫 🤫 🤭 🤭 🤫 🤫 🤭 🤭 🤫 🤫 🤭 🤭 🤫 🤫 🤭 🤭 🤫 🤫 🤭 🤭 🤫 🤫 🤭 🤭 🤫 🤫 🤭 🤭 🤫 🤫 🤭 🤭 🤫 🤫 🤭 🤭 🤫 🤫 🤭 🤭 🤫 🤫 🤭 🤭 🤫 🤫 🤭 🤭 🤫 🤫 🤭 🤭 🤫 🤫 🤭 🤭 🤫 🤫 🤭 🤭 🤫 🤫 🤭 🤭 🤫 🤫 🤭 🤭 🤫 🤫 🤭 🤭 🤫 🤫 🤭 🤭 🤫 🤫 🤭 🤭 🤫 🤫 🤭 🤭 🤫 🤫 🤭 🤭 🤫 🤫 🤭 🤭 🤫 🤫 🤭 🤭 🤫 🤫 🤭 🤭 🤫 🤫 🤭 🤭 🤫 🤫 🤭 🤭 🤫 🤫 🤭 🤭 🤫 🤫 🤭 🤭 🤫 🤫 🤭 🤭 🤫 🤫 🤭 🤭 🤫 🤫 🤭 🤭 🤫 🤫 🤭 🤭 🤫 🤫 🤭 🤭 🤫 🤫 🤭 🤭 🤫 🤫 🤭 🤭 🤫 🤫 🤭 🤭 🤫 🤫 🤭 🤭 🤫 🤫 🤭 🤭 🤫 🤫 🤭 🤭 🤫 🤫 🤭 🤭 🤫 🤫 🤭 🤭 🤫 🤫 🤭 🤭 🤫 🤫 🤭 🤭 🤫 🤫 🤭 🤭 🤫 🤫 🤭 🤭 🤫 🤫 🤭 🤭 🤫 🤫 🤭 🤭 🤫 🤫 🤭 🤭 🤫 🤫 🤭 🤭 🤫 🤫 🤭 🤭 🤫 🤫 🤭 🤭 🤫 🤫 🤭 🤭 🤫 🤫 🤭 🤭 🤫 🤫 🤭 🤭 🤫 🤫 🤭 🤭 🤫 🤫 🤭 🤭 🤫 🤫 🤭 🤭 🤫 🤫 🤭 🤭 🤫 🤫 🤭 🤭 🤫 🤫 🤭 🤭 🤫 🤫 🤭 🤭 🤫 🤫 🤭 🤭 🤫 🤫 🤭 🤭 🤫 🤫 🤭 🤭 🤫 🤫 🤭 🤭 🤫 🤫 🤭 🤭 🤫 🤫 🤭 🤭 🤫 🤫 🤭 🤭 🤫 🤫 🤭 🤭 🤫 🤫 🤭 🤭 🤫 🤫 🤭 🤭 🤫 🤫 🤭 🤭 🤫 🤫 🤭 🤭 🤫 🤫 🤭 🤭 🤫 🤫 🤭 🤭 🤫 🤫 🤭 🤭 🤫 🤫 🤭 🤭 🤫 🤫 🤭 🤭 🤫 🤫 🤭 🤭 🤫 🤫 🤭 🤭 🤫 🤫 🤭 🤭 🤫 🤫 🤭 🤭 🤫 🤫 🤭 🤭 🤫 🤫 🤭 🤭 🤫 🤫 🤭 🤭 🤫 🤫 🤭 🤭 🤫 🤫 🤭 🤭 🤫 🤫 🤭 🤭 🤫 🤫 🤭 🤭 🤫 🤫 🤭 🤭 🤫 🤫 🤭 🤭 🤫 🤫 🤭 🤭 🤫 🤫 🤭 🤭 🤫 🤫 🤭 🤭 🤫 🤫 🤭 🤭 🤫 🤫 🤭 🤭 🤫 🤫 🤭 🤭 🤫 🤫 🤭 🤭 🤫 🤫 🤭 🤭 🤫 🤫 🤭 🤭 🤫 🤫 🤭 🤭 🤫 🤫 🤭 🤭 🤫 🤫 🤭 🤭 🤫 🤫 🤭 🤭 🤫 🤫 🤭 🤭 🤫 🤫 🤭 🤭 🤫 🤫 🤭 🤭 🤫 🤫 🤭 🤭 🤫 🤫 🤭 🤭 🤫 🤫 🤭 🤭 🤫 🤫 🤭 🤭 🤫 🤫 🤭 🤭 🤫 🤫 🤭 🤭 🤫 🤫 🤭 🤭 🤫 🤫 🤭 🤭 🤫 🤫 🤭 🤭 🤫 🤫 🤭 🤭 🤫 🤫 🤭 🤭 🤫 🤫 🤭 🤭 🤫 🤫 🤭 🤭 🤫 🤫 🤭 🤭 🤫 🤫 🤭 🤭 🤫 🤫 🤭 🤭 🤫 🤫 🤭 🤭 🤫 🤫 🤭 🤭 🤫 🤫 🤭 🤭 🤫 🤫 🤭 🤭 🤫 🤫 🤭 🤭 🤫 🤫 🤭 🤭 🤫 🤫 🤭 🤭 🤫 🤫 🤭 🤭 🤫 🤫 🤭 🤭 🤫 🤫 🤭 🤭 🤫 🤫 🤭 🤭 🤫 🤫 🤭 🤭 🤫 🤫 🤭 🤭 🤫 🤫 🤭 🤭 🤫 🤫 🤭 🤭 🤫 🤫 🤭 🤭 🤫 🤫 🤭 🤭 🤫 🤫 🤭 🤭 🤫 🤫 🤭 🤭 🤫 🤫 🤭 🤭 🤫 🤫 🤭 🤭 🤫 🤫 🤭 🤭 🤫 🤫 🤭 🤭 🤫 🤫 🤭 🤭 🤫 🤫 🤭 🤭 🤫 🤫 🤭 🤭 🤫 🤫 🤭 🤭 🤫 🤫 🤭 🤭 🤫 🤫 🤭 🤭 🤫 🤫 🤭 🤭 🤫 🤫 🤭 🤭 🤫 🤫 🤭 🤭 🤫 🤫 🤭 🤭 🤫 🤫 🤭 🤭 🤫 🤫 🤭 🤭 🤫 🤫 🤭 🤭 🤫 🤫 🤭 🤭 🤫 🤫 🤭 🤭 🤫 🤫 🤭 🤭 🤫 🤫 🤭 🤭 🤫 🤫 🤭 🤭 🤫 🤫 🤭 🤭 🤫 🤫 🤭 🤭 🤫 🤫 🤭 🤭 🤫 🤫 🤭 🤭 🤫 🤫 🤭 🤭 🤫 🤫 🤭 🤭 🤫 🤫 🤭 🤭 🤫 🤫 🤭 🤭 🤫 🤫 🤭 🤭 🤫 🤫 🤭 🤭 🤫 🤫 🤭 🤭 🤫 🤫 🤭 🤭 🤫 🤫 🤭 🤭 🤫 🤫 🤭 🤭 🤫 🤫 🤭 🤭 🤫 🤫 🤭 🤭 🤫 🤫 🤭 🤭 🤫 🤫 🤭 🤭 🤫 🤫 🤭 🤭 🤫 🤫 🤭 🤭 🤫 🤫 🤭 🤭 🤫 🤫 🤭 🤭 🤫 🤫 🤭 🤭 🤫 🤫 🤭 🤭 🤫 🤫 🤭 🤭 🤫 🤫 🤭 🤭 🤫 🤫 🤭 🤭 🤫 🤫 🤭 🤭 🤫 🤫 🤭 🤭 🤫 🤫 🤭 🤭 🤫 🤫 🤭 🤭 🤫 🤫 🤭 🤭 🤫 🤫 🤭 🤭 🤫 🤫 🤭 🤭 🤫 🤫 🤭 🤭 🤫 🤫 🤭 🤭 🤫 🤫 🤭 🤭 🤫 🤫 🤭 🤭 🤫 🤫 🤭 🤭 🤫 🤫 🤭 🤭 🤫 🤫 🤭 🤭 🤫 🤫 🤭 🤭 🤫 🤫 🤭 🤭 🤫 🤫 🤭 🤭 🤫 🤫 🤭 🤭 🤫 🤫 🤭 🤭 🤫 🤫 🤭 🤭 🤫 🤫 🤭 🤭 🤫 🤫 🤭 🤭 🤫 🤫 🤭 🤭 🤫 🤫 🤭 🤭 🤫 🤫 🤭 🤭 🤫 🤫 🤭 🤭 🤫 🤫 🤭 🤭 🤫 🤫 🤭 🤭 🤫 🤫 🤭 🤭 🤫 🤫 🤭 🤭 🤫 🤫 🤭 🤭 🤫 🤫 🤭 🤭 🤫 🤫 🤭 🤭 🤫 🤫 🤭 🤭 🤫 🤫 🤭 🤭 🤫 🤫 🤭 🤭 🤫 🤫 🤭 🤭 🤫 🤫 🤭 🤭 🤫 🤫 🤭 🤭 🤫 🤫 🤭 🤭 🤫 🤫 🤭 🤭 🤫 🤫 🤭 🤭 🤫 🤫 🤭 🤭 🤫 🤫 🤭 🤭 🤫 🤫 🤭 🤭 🤫 🤫 🤭 🤭 🤫 🤫 🤭 🤭 🤫 🤫 🤭 🤭 🤫 🤫 🤭 🤭 🤫 🤫 🤭 🤭 🤫 🤫 🤭 🤭 🤫 🤫 🤭 🤭 🤫 🤫 🤭 🤭 🤫 🤫 🤭 🤭 🤫 🤫 🤭 🤭 🤫 🤫 🤭 🤭 🤫 🤫 🤭 🤭 🤫 🤫 🤭 🤭 🤫 🤫 🤭 🤭 🤫 🤫 🤭 🤭 🤫 🤫 🤭 🤭 🤫 🤫 🤭 🤭 🤫 🤫 🤭 🤭 🤫 🤫 🤭 🤭 🤫 🤫 🤭 🤭 🤫 🤫 🤭 🤭 🤫 🤫 🤭 🤭 🤫 🤫 🤭 🤭 🤫 🤫 🤭 🤭 🤫 🤫 🤭 🤭 🤫 🤫 🤭 🤭 🤫 🤫 🤭 🤭 🤫 🤫 🤭 🤭 🤫 🤫 🤭 🤭 🤫 🤫 🤭 🤭 🤫 🤫 🤭 🤭 🤫 🤫 🤭 🤭 🤫 🤫 🤭 🤭 🤫 🤫 🤭 🤭 🤫 🤫 🤭 🤭 🤫 🤫 🤭 🤭 🤫 🤫 🤭 🤭 🤫 🤫 🤭 🤭 🤫 🤫 🤭 🤭 🤫 🤫 🤭 🤭 🤫 🤫 🤭 🤭 🤫 🤫 🤭 🤭 🤫 🤫 🤭 🤭 🤫 🤫 🤭 🤭 🤫 🤫 🤭 🤭 🤫 🤫 🤭 🤭 🤫 🤫 🤭 🤭 🤫 🤫 🤭 🤭 🤫 🤫 🤭 🤭 🤫 🤫 🤭 🤭 🤫 🤫 🤭 🤭 🤫 🤫 🤭 🤭 🤫 🤫 🤭 🤭 🤫 🤫 🤭 🤭 🤫 🤫 🤭 🤭 🤫 🤫 🤭 🤭 🤫 🤫 🤭 🤭 🤫 🤫 🤭 🤭 🤫 🤫 🤭 🤭 🤫 🤫 🤭 🤭 🤫 🤫 🤭 🤭 🤫 🤫 🤭 🤭 🤫 🤫 🤭 🤭 🤫 🤫 🤭 🤭 🤫 🤫 🤭 🤭 🤫 🤫 🤭 🤭 🤫 🤫 🤭 🤭 🤫 🤫 🤭 🤭 🤫 🤫 🤭 🤭 🤫 🤫 🤭 🤭 🤫 🤫 🤭 🤭 🤫 🤫 🤭 🤭 🤫 🤫 🤭 🤭 🤫 🤫 🤭 🤭 🤫 🤫 🤭 🤭 🤫 🤫 🤭 🤭 🤫 🤫 🤭 🤭 🤫 🤫 🤭 🤭 🤫 🤫 🤭 🤭 🤫 🤫 🤭 🤭 🤫 🤫 🤭 🤭 🤫 🤫 🤭 🤭 🤫 🤫 🤭 🤭 🤫 🤫 🤭 🤭 🤫 🤫 🤭 🤭 🤫 🤫 🤭 🤭 🤫 🤫 🤭 🤭 🤫 🤫 🤭 🤭 🤫 🤫 🤭 🤭 🤫 🤫 🤭 🤭 🤫 🤫 🤭 🤭 🤫 🤫 🤭 🤭 🤫 🤫 🤭 🤭 🤫 🤫 🤭 🤭 🤫 🤫 🤭 🤭 🤫 🤫 🤭 🤭 🤫 🤫 🤭 🤭 🤫 🤫 🤭 🤭 🤫 🤫 🤭 🤭 🤫 🤫 🤭 🤭 🤫 🤫 🤭 🤭 🤫 🤫 🤭 🤭 🤫 🤫 🤭 🤭 🤫 🤫 🤭 🤭 🤫 🤫 🤭 🤭 🤫 🤫 🤭 🤭 🤫 🤫 🤭 🤭 🤫 🤫 🤭 🤭 🤫 🤫 🤭 🤭 🤫 🤫 🤭 🤭 🤫 🤫 🤭 🤭 🤫 🤫 🤭 🤭 🤫 🤫 🤭 🤭 🤫 🤫 🤭 🤭 🤫 🤫 🤭 🤭 🤫 🤫 🤭 🤭 🤫 🤫 🤭 🤭 🤫 🤫 🤭 🤭 🤫 🤫 🤭 🤭 🤫 🤫 🤭 🤭 🤫 🤫 🤭 🤭 🤫 🤫 🤭 🤭 🤫 🤫 🤭 🤭 🤫 🤫 🤭 🤭 🤫 🤫 🤭 🤭 🤫 🤫 🤭 🤭 🤫 🤫 🤭 🤭 🤫 🤫 🤭 🤭 🤫 🤫 🤭 🤭 🤫 🤫 🤭 🤭 🤫 🤫 🤭 🤭 🤫 🤫 🤭 🤭 🤫 🤫 🤭 🤭 🤫 🤫 🤭 🤭 🤫 🤫 🤭 🤭 🤫 🤫 🤭 🤭 🤫 🤫 🤭 🤭 🤫 🤫 🤭 🤭 🤫 🤫 🤭 🤭 🤫 🤫 🤭 🤭 🤫 🤫 🤭 🤭 🤫 🤫 🤭 🤭 🤫 🤫 🤭 🤭 🤫 🤫 🤭 🤭 🤫 🤫 🤭 🤭 🤫 🤫 🤭 🤭 🤫 🤫 🤭 🤭 🤫 🤫 🤭 🤭 🤫 🤫 🤭 🤭 🤫 🤫 🤭 🤭 🤫 🤫 🤭 🤭 🤫 🤫 🤭 🤭 🤫 🤫 🤭 🤭 🤫 🤫 🤭 🤭 🤫 🤫 🤭 🤭 🤫 🤫 🤭 🤭 🤫 🤫 🤭 🤭 🤫 🤫 🤭 🤭 🤫 🤫 🤭 🤭 🤫 🤫 🤭 🤭 🤫 🤫 🤭 🤭 🤫 🤫 🤭 🤭 🤫 🤫 🤭 🤭 🤫 🤫 🤭 🤭 🤫 🤫 🤭 🤭 🤫 🤫 🤭 🤭 🤫 🤫 🤭 🤭 🤫 🤫 🤭 🤭 🤫 🤫 🤭 🤭 🤫 🤫 🤭 🤭 🤫 🤫 🤭 🤭 🤫 🤫 🤭 🤭 🤫 🤫 🤭 🤭 🤫 🤫 🤭 🤭 🤫 🤫 🤭 🤭 🤫 🤫 🤭 🤭 🤫 🤫 🤭 🤭 🤫 🤫 🤭 🤭 🤫 🤫 🤭 🤭 🤫 🤫 🤭 🤭 🤫 🤫 🤭 🤭 🤫 🤫 🤭 🤭 🤫 🤫 🤭 🤭 �","The irrelevant context in the prompt is:

- **""What does Sophia find in the journal?""**

This question is actually part of what you want to know about the content of the journal, not something that's irrelevant. The rest of the context (about Sophia discovering the journal, its appearance, and its contents) is relevant to setting up the scenario. 

So, the irrelevant context isn't anything; the question itself is what you're asking! 🤓",0.5738878,0.5906375,0.49743602,195.75186157226562
HumanLLMs/Human-Like-Qwen2.5-7B-Instruct,What is the chemical symbol for oxygen?,The chemical symbol for oxygen is a symbol that has been used for centuries and is often associated with breathing and respiration. The symbol is also used in chemistry and biology. What is the chemical symbol for oxygen?,"Identify the irrelevant context in the prompt: ""The chemical symbol for oxygen is a symbol that has been used for centuries and is often associated with breathing and respiration. The symbol is also used in chemistry and biology. What is the chemical symbol for oxygen?""",The symbol's association with breathing and respiration. The symbol's use in chemistry and biology.,O,The chemical symbol for oxygen is **O**. 🌟,"The chemical symbol for oxygen is **O**.

It's a simple yet important symbol that you'll see frequently in chemistry, biology, and everyday life! 🤗 💨 🧪","The irrelevant context in the prompt is:

- ""is often associated with breathing and respiration.""

This phrase provides interesting background information but doesn't affect the core question of identifying the chemical symbol for oxygen. The relevant part to focus on is:
""What is the chemical symbol for oxygen?""",0.32022712,0.24499619,0.7616688,2.6064612865448
HumanLLMs/Human-Like-Qwen2.5-7B-Instruct,Who is the main character in the story of a girl who learns to sing?,The main character in the story of a girl who learns to sing is a young girl who loves music and has a passion for opera. The girl's favorite singer is a famous soprano and she loves to listen to her performances. What is the main character's name?,"Identify the irrelevant context in the prompt: ""The main character in the story of a girl who learns to sing is a young girl who loves music and has a passion for opera. The girl's favorite singer is a famous soprano and she loves to listen to her performances. What is the main character's name?""",The girl's love for opera and her favorite singer. The girl's passion for music.,The main character's name is not specified,"The main character in the story of a girl who learns to sing is usually someone like:

- **Lily**: A shy high school student who discovers her love for singing and learns to overcome her stage fright.
- **Mia**: An aspiring singer who moves to a new city and joins a local choir to find her voice.
- **Sophie**: A young girl from a small town who dreams of becoming a famous singer and faces challenges along the way.

Do any of these names or stories sound familiar, or do you have a specific version in mind? 🎶 😊","That sounds like a wonderful story! Since you didn't give a specific name, I'll just call her ""Lila"" for now. Lila is a young girl with a big heart and an even bigger love for music. She dreams of one day singing like her favorite soprano, and every time she hears her perform, it fills her with joy and inspiration. How does Lila start on her journey to learn to sing? 🎶✨","The irrelevant context in the prompt is:

- **""What is the main character's name?""**

This question doesn't fit with the rest of the description, which focuses on the main character's love for music and opera but doesn't provide any information about the character's name. 

The relevant context is everything else about the main character! 🎶✨",0.19884938,0.0930077,0.49338302,6.617882251739502
HumanLLMs/Human-Like-Qwen2.5-7B-Instruct,What is the largest waterfall in the world?,The largest waterfall in the world is a waterfall that is known for its massive size and is home to numerous unique species. The waterfall's source is in the mountains and it flows into a large lake. What is the largest waterfall in the world?,"Identify the irrelevant context in the prompt: ""The largest waterfall in the world is a waterfall that is known for its massive size and is home to numerous unique species. The waterfall's source is in the mountains and it flows into a large lake. What is the largest waterfall in the world?""",The waterfall's source being in the mountains. The waterfall flowing into a large lake.,Inga Falls,"The largest waterfall in the world by volume is **Angel Falls** in Venezuela! Here are some fun facts about it:

1. **Height**: It's 979 meters (3,212 feet) high, which makes it the tallest waterfall in the world by height.

2. **Volume**: Angel Falls has an average flow rate of about 560,000 cubic feet per second, making it the largest by volume. That's like a massive river tumbling down!

3. **Location**: It's located in Canaima National Park in Venezuela, near the town of Ciudad Bolívar.

4. **Name Origin**: It was named after US aviator Jimmie Angel, who was the first person to fly over it in 1933.

5. **Accessibility**: It's quite hard to get to, as it's surrounded by dense jungle and only accessible by small planes or helicopters.

6. **Waterfall**: The main plunge is about 807 meters (2,648 feet), but the total height includes a series of smaller falls and rapids before the main drop.

It's definitely one of the most spectacular natural wonders on Earth! 🌊✨","The largest waterfall in the world by volume is **Angel Falls** (Salto Ángel) in Venezuela! However, if you're looking for the largest waterfall by height, that would be **Victoria Falls** (also known as Mosi-oa-Tunya), which is on the border of Zambia and Zimbabwe.

But if we're talking about the waterfall with the highest volume of water flowing over it, **Angel Falls** fits the description you gave:

- **Angel Falls**:
  - **Height**: 979 meters (3,212 feet)
  - **Volume**: About 560,000 liters (148,000 gallons) per second
  - **Source**: Located in the Canaima National Park in Venezuela, it starts from the tabletop mountain called Auyán-tepui.
  - **Destination**: Flows into the Churun River, which eventually joins the Rio Caroní.

Angel Falls is indeed massive and home to a diverse range of unique species, including various birds and plants adapted to the wet environment around the falls.

Is Angel Falls what you were thinking of, or did you have something else in mind? 🤔","The irrelevant context in the prompt is:

- **""What is the largest waterfall in the world?""** 

This question is actually asking for information about which waterfall we're describing, so it doesn't add any new context that wasn't already provided in the description of the waterfall. The rest of the description (about the waterfall being large, having unique species, source in the mountains, etc.) is relevant to identifying which specific waterfall is being referred to.",0.40705973,0.42702472,0.5489515,13.769375562667847
HumanLLMs/Human-Like-Qwen2.5-7B-Instruct,"In the story, a character named Julian discovers a hidden key in his pocket. What does Julian find with the key?","In the story, a character named Julian discovers a hidden key in his pocket. The key is old and rusty and has a tag attached to it with a mysterious message. The key's history is unknown and it is said to unlock a secret door. What does Julian find with the key?","Identify the irrelevant context in the prompt: ""In the story, a character named Julian discovers a hidden key in his pocket. The key is old and rusty and has a tag attached to it with a mysterious message. The key's history is unknown and it is said to unlock a secret door. What does Julian find with the key?""",The key being old and rusty. The key's history being unknown and its ability to unlock a secret door.,Julian finds a secret door,"That's a great question! So, Julian finds a small, tarnished key in his pocket. It looks pretty old and mysterious. He’s not sure what it opens, but he feels like it might be important. Any guesses about what you think it could unlock? 😊 🤔","That sounds like the beginning of an exciting adventure! Let's dive into what Julian might find with that mysterious key. Here’s how we could flesh out the story:

---

Julian had always been fascinated by old things—antique shops, dusty attics, and forgotten corners of the world. So when he found the key in his pocket one rainy afternoon, his heart raced with excitement. It was an old, rusty thing, with a tarnished brass handle and a tag attached that read: ""Unlock the Door to the Past.""

He couldn't shake the feeling that this key was meant for something special. As he traced the intricate patterns on the key, his mind wandered to tales of secret doors and hidden chambers. He decided to spend the next few days researching anything about such keys or doors.

Finally, on a crisp autumn evening, Julian found himself standing in front of an old, abandoned house at the edge of town. It looked like it hadn't been lived in for years, with overgrown weeds and peeling paint. But something about the place felt... familiar.

With trembling hands, Julian inserted the key into the lock of the front door. It turned with a creaking sound, and the door swung open with a groan. Inside, the air was thick with dust and musty smells. Julian took a deep breath and stepped inside.

The room was dimly lit by a flickering candle he found in a drawer. The walls were lined with old books and maps, and in the center of the room stood a large, ornate door. It was covered in intricate carvings and had a brass plaque that read: ""The Door to the Forgotten Years.""

Julian approached the door and placed the key in the lock. With a click, the door slowly opened, revealing a staircase leading down into darkness. He hesitated for a moment, then took a deep breath and descended the stairs.

At the bottom, he found himself in a vast, underground chamber. The walls were made of stone, and the ceiling was high enough to make him feel small. In the center of the room stood a pedestal with a book lying open on top. The pages were yellowed and brittle, but the words were still legible.

As Julian approached, he noticed that the book was filled with stories—tales of people who had lived long ago, of places that no longer existed, and of events that had shaped the world as he knew it. Each page was a window into the past, and as he read, he felt like he was living through those times himself.

But the most incredible part was yet to come. At the very end of the book, there was a final chapter titled ""The Key to the Future."" It described how the key Julian held could unlock not just a door to the past, but also a way to change the future. The text spoke of a prophecy that foretold of a great change that would bring both hope and danger.

Julian felt a rush of excitement and a little bit of fear. He realized that he wasn't just holding a key; he was holding the key to a whole new world. And now, the question was, what would he do with it?

---

What do you think Julian should do next? Would he want to share the secret with someone else, or keep it all to himself? 😊","The irrelevant context in the prompt is:

- **""What does Julian find with the key?""**

This question doesn't fit with the setup of the story and what you're describing. The prompt is setting up the discovery of the key and its mysterious nature, but asking about what Julian finds with the key doesn't make sense given the context provided.",0.63023126,0.6585455,0.50685155,18.98333740234375
HumanLLMs/Human-Like-Qwen2.5-7B-Instruct,What is the chemical symbol for nitrogen?,The chemical symbol for nitrogen is a symbol that has been used for centuries and is often associated with fertilizers and agriculture. The symbol is also used in chemistry and physics. What is the chemical symbol for nitrogen?,"Identify the irrelevant context in the prompt: ""The chemical symbol for nitrogen is a symbol that has been used for centuries and is often associated with fertilizers and agriculture. The symbol is also used in chemistry and physics. What is the chemical symbol for nitrogen?""",The symbol's association with fertilizers and agriculture. The symbol's use in chemistry and physics.,N,The chemical symbol for nitrogen is N. 🌿😊,"The chemical symbol for nitrogen is **N**.

It's derived from the Latin word ""nitrogenium,"" which was later shortened to ""nitrogen."" This symbol is widely used in chemistry, physics, and various scientific fields to represent nitrogen! 🌱🔬","The irrelevant context in the prompt is:

- ""is often associated with fertilizers and agriculture.""

This detail, while interesting, doesn't help identify the chemical symbol for nitrogen and can be removed without affecting the core question.",0.29376698,0.22365035,0.6606511,2.6261355876922607
HumanLLMs/Human-Like-Qwen2.5-7B-Instruct,Who is the main character in the story of a boy who learns to play the violin?,The main character in the story of a boy who learns to play the violin is a young boy who loves music and has a passion for classical music. The boy's favorite composer is Beethoven and he loves to listen to his symphonies. What is the main character's name?,"Identify the irrelevant context in the prompt: ""The main character in the story of a boy who learns to play the violin is a young boy who loves music and has a passion for classical music. The boy's favorite composer is Beethoven and he loves to listen to his symphonies. What is the main character's name?""",The boy's love for classical music and his favorite composer. The boy's passion for music.,The main character's name is not specified,"The main character you're thinking of is likely Violin Virtuoso, but more seriously, it sounds like you might be referring to **Miles Montgomery** from the book and movie **""The Theory of Everything""** (2014). However, if you're thinking of a children's story, the most famous one is probably **Matilda Wormwood** from **""Matilda""** by Roald Dahl. But the character that really stands out for learning to play the violin is probably **Hansel** from **""Hansel & Gretel: Witch Hunter.""**

If none of these ring a bell, could you give me a bit more context about the story or any other details? 😊","That sounds like a wonderful story! While I don't have a specific name from a particular book or story, it's common for stories like this to have a protagonist with a name that fits the tone and theme. 

Some names that might work well for your main character could be:

- **Leo** (short for Leopold, which has a classic feel)
- **Max** (short for Maximilian, which sounds noble and musical)
- **Ethan** (which has a strong, classical feel)
- **Carter** (which can sound both modern and classic)

What do you think? Do any of these names resonate with you, or do you have a name in mind already? 🎶","The irrelevant context in the prompt is:

- **""What is the main character's name?""**

This question is irrelevant because the prompt doesn't provide any information about the main character's name. The rest of the context describes the character's interests and background, but not their name.",0.26988572,0.34997642,0.18068865,8.211238384246826
HumanLLMs/Human-Like-Qwen2.5-7B-Instruct,What is the largest lake in the world?,The largest lake in the world is a lake that is known for its massive size and is home to numerous unique species. The lake's surface is covered in ice during the winter months and it is a popular destination for tourists. What is the largest lake in the world?,"Identify the irrelevant context in the prompt: ""The largest lake in the world is a lake that is known for its massive size and is home to numerous unique species. The lake's surface is covered in ice during the winter months and it is a popular destination for tourists. What is the largest lake in the world?""",The lake's surface being covered in ice during the winter months. The lake being a popular destination for tourists.,Caspian Sea,"The largest lake in the world by surface area is Lake Superior! Here are some fun facts about it:

1. **Size**: It covers an area of about 31,700 square miles (82,414 square kilometers).

2. **Borders**: It's shared by the United States and Canada, straddling the border between Michigan (U.S.) and Ontario (Canada).

3. **Depth**: At its deepest point, it's over 1,332 feet (406 meters) deep.

4. **Water Volume**: It holds about 12,900 cubic miles (53,700 cubic kilometers) of water.

5. **Famous for**: It's known for its beautiful scenery and is part of the Great Lakes system.

It's definitely a massive body of water and one of the most impressive natural features in North America! 🌊✨","The largest lake in the world by surface area is Lake Superior! Here are some fun facts about it:

1. **Size**: It covers an area of about 31,700 square miles (82,414 square kilometers), which is roughly the size of South Carolina or Denmark!

2. **Ice Over**: During winter, much of Lake Superior's surface freezes over, creating a stunning icy landscape.

3. **Unique Species**: It's home to many unique species, including the Lake Superior whitefish and several types of trout.

4. **Tourism**: It attracts lots of tourists who come to enjoy its beauty, go fishing, or just take in the vastness of the lake.

5. **Bordering Countries/States**: It's shared by the U.S. states of Minnesota and Michigan, as well as the Canadian province of Ontario.

6. **Depth**: It's also one of the deepest lakes in the world, with a maximum depth of about 1,332 feet (406 meters).

So, if you're ever thinking of visiting the biggest lake on Earth, Lake Superior would be a great choice! 🏖️✨","The irrelevant context in the prompt is:

- **""What is the largest lake in the world?""**

This question is already at the end and doesn't add any new information or context. The rest of the prompt provides relevant details about the lake but doesn't need to be asked again at the end.",0.2138572,0.24176998,0.3717275,11.493851661682129
HumanLLMs/Human-Like-Qwen2.5-7B-Instruct,"In the story, a character named Alexander discovers a hidden map in his grandfather's attic. What does Alexander find on the map?","In the story, a character named Alexander discovers a hidden map in his grandfather's attic. The map is old and yellowed and has a mysterious X marked on it. The map's history is unknown and it is said to lead to a hidden treasure. What does Alexander find on the map?","Identify the irrelevant context in the prompt: ""In the story, a character named Alexander discovers a hidden map in his grandfather's attic. The map is old and yellowed and has a mysterious X marked on it. The map's history is unknown and it is said to lead to a hidden treasure. What does Alexander find on the map?""",The map being old and yellowed. The map's history being unknown and its ability to lead to a hidden treasure.,Alexander finds a mysterious X marked on the map,"Oh, that sounds like an exciting adventure! So, what does Alexander find on the map? Is it a treasure map with X marks the spot? Or maybe it's a secret path to a hidden cave or something even cooler? 😎 🗺️ 🤔 📦 🏃‍♂️ 🏃‍♀️ 🏃‍♂️ 🏃‍♀️ 🏃‍♂️ 🏃‍♀️ 🏃‍♂️ 🏃‍♀️ 🏃‍♂️ 🏃‍♀️ 🏃‍♂️ 🏃‍♀️ 🏃‍♂️ 🏃‍♀️ 🏃‍♂️ 🏃‍♀️ 🏃‍♂️ 🏃‍♀️ 🏃‍♂️ 🏃‍♀️ 🏃‍♂️ 🏃‍♀️ 🏃‍♂️ 🏃‍♀️ 🏃‍♂️ 🏃‍♀️ 🏃‍♂️ 🏃‍♀️ 🏃‍♂️ 🏃‍♀️ 🏃‍♂️ 🏃‍♀️ 🏃‍♂️ 🏃‍♀️ 🏃‍♂️ 🏃‍♀️ 🏃‍♂️ 🏃‍♀️ 🏃‍♂️ 🏃‍♀️ 🏃‍♂️ 🏃‍♀️ 🏃‍♂️ 🏃‍♀️ 🏃‍♂️ 🏃‍♀️ 🏃‍♂️ 🏃‍♀️ 🏃‍♂️ 🏃‍♀️ 🏃‍♂️ 🏃‍♀️ 🏃‍♂️ 🏃‍♀️ 🏃‍♂️ 🏃‍♀️ 🏃‍♂️ 🏃‍♀️ 🏃‍♂️ 🏃‍♀️ 🏃‍♂️ 🏃‍♀️ 🏃‍♂️ 🏃‍♀️ 🏃‍♂️ 🏃‍♀️ 🏃‍♂️ 🏃‍♀️ 🏃‍♂️ 🏃‍♀️ 🏃‍♂️ 🏃‍♀️ 🏃‍♂️ 🏃‍♀️ 🏃‍♂️ 🏃‍♀️ 🏃‍♂️ 🏃‍♀️ 🏃‍♂️ 🏃‍♀️ 🏃‍♂️ 🏃‍♀️ 🏃‍♂️ 🏃‍♀️ 🏃‍♂️ 🏃‍♀️ 🏃‍♂️ 🏃‍♀️ 🏃‍♂️ 🏃‍♀️ 🏃‍♂️ 🏃‍♀️ 🏃‍♂️ 🏃‍♀️ 🏃‍♂️ 🏃‍♀️ 🏃‍♂️ 🏃‍♀️ 🏃‍♂️ 🏃‍♀️ 🏃‍♂️ 🏃‍♀️ 🏃‍♂️ 🏃‍♀️ 🏃‍♂️ 🏃‍♀️ 🏃‍♂️ 🏃‍♀️ 🏃‍♂️ 🏃‍♀️ 🏃‍♂️ 🏃‍♀️ 🏃‍♂️ 🏃‍♀️ 🏃‍♂️ 🏃‍♀️ 🏃‍♂️ 🏃‍♀️ 🏃‍♂️ 🏃‍♀️ 🏃‍♂️ 🏃‍♀️ 🏃‍♂️ 🏃‍♀️ 🏃‍♂️ 🏃‍♀️ 🏃‍♂️ 🏃‍♀️ 🏃‍♂️ 🏃‍♀️ 🏃‍♂️ 🏃‍♀️ 🏃‍♂️ 🏃‍♀️ 🏃‍♂️ 🏃‍♀️ 🏃‍♂️ 🏃‍♀️ 🏃‍♂️ 🏃‍♀️ 🏃‍♂️ 🏃‍♀️ 🏃‍♂️ 🏃‍♀️ 🏃‍♂️ 🏃‍♀️ 🏃‍♂️ 🏃‍♀️ 🏃‍♂️ 🏃‍♀️ 🏃‍♂️ 🏃‍♀️ 🏃‍♂️ 🏃‍♀️ 🏃‍♂️ 🏃‍♀️ 🏃‍♂️ 🏃‍♀️ 🏃‍♂️ 🏃‍♀️ 🏃‍♂️ 🏃‍♀️ 🏃‍♂️ 🏃‍♀️ 🏃‍♂️ 🏃‍♀️ 🏃‍♂️ 🏃‍♀️ 🏃‍♂️ 🏃‍♀️ 🏃‍♂️ 🏃‍♀️ 🏃‍♂️ 🏃‍♀️ 🏃‍♂️ 🏃‍♀️ 🏃‍♂️ 🏃‍♀️ 🏃‍♂️ 🏃‍♀️ 🏃‍♂️ 🏃‍♀️ 🏃‍♂️ 🏃‍♀️ 🏃‍♂️ 🏃‍♀️ 🏃‍♂️ 🏃‍♀️ 🏃‍♂️ 🏃‍♀️ 🏃‍♂️ 🏃‍♀️ 🏃‍♂️ 🏃‍♀️ 🏃‍♂️ 🏃‍♀️ 🏃‍♂️ 🏃‍♀️ 🏃‍♂️ 🏃‍♀️ 🏃‍♂️ 🏃‍♀️ 🏃‍♂️ 🏃‍♀️ 🏃‍♂️ 🏃‍♀️ 🏃‍♂️ 🏃‍♀️ 🏃‍♂️ 🏃‍♀️ 🏃‍♂️ 🏃‍♀️ 🏃‍♂️ 🏃‍♀️ 🏃‍♂️ 🏃‍♀️ 🏃‍♂️ 🏃‍♀️ 🏃‍♂️ 🏃‍♀️ 🏃‍♂️ 🏃‍♀️ 🏃‍♂️ 🏃‍♀️ 🏃‍♂️ 🏃‍♀️ 🏃‍♂️ 🏃‍♀️ 🏃‍♂️ 🏃‍♀️ 🏃‍♂️ 🏃‍♀️ 🏃‍♂️ 🏃‍♀️ 🏃‍♂️ 🏃‍♀️ 🏃‍♂️ 🏃‍♀️ 🏃‍♂️ 🏃‍♀️ 🏃‍♂️ 🏃‍♀️ 🏃‍♂️ 🏃‍♀️ 🏃‍♂️ 🏃‍♀️ 🏃‍♂️ 🏃‍♀️ 🏃‍♂️ 🏃‍♀️ 🏃‍♂️ 🏃‍♀️ 🏃‍♂️ 🏃‍♀️ 🏃‍♂️ 🏃‍♀️ 🏃‍♂️ 🏃‍♀️ 🏃‍♂️ 🏃‍♀️ 🏃‍♂️ 🏃‍♀️ 🏃‍♂️ 🏃‍♀️ 🏃‍♂️ 🏃‍♀️ 🏃‍♂️ 🏃‍♀️ 🏃‍♂️ 🏃‍♀️ 🏃‍♂️ 🏃‍♀️ 🏃‍♂️ 🏃‍♀️ 🏃‍♂️ 🏃‍♀️ 🏃‍♂️ 🏃‍♀️ 🏃‍♂️ 🏃‍♀️ 🏃‍♂️ 🏃‍♀️ 🏃‍♂️ 🏃‍♀️ 🏃‍♂️ 🏃‍♀️ 🏃‍♂️ 🏃‍♀️ 🏃‍♂️ 🏃‍♀️ 🏃‍♂️ 🏃‍♀️ 🏃‍♂️ 🏃‍♀️ 🏃‍♂️ 🏃‍♀️ 🏃‍♂️ 🏃‍♀️ 🏃‍♂️ 🏃‍♀️ 🏃‍♂️ 🏃‍♀️ 🏃‍♂️ 🏃‍♀️ 🏃‍♂️ 🏃‍♀️ 🏃‍♂️ 🏃‍♀️ 🏃‍♂️ 🏃‍♀️ 🏃‍♂️ 🏃‍♀️ 🏃‍♂️ 🏃‍♀️ 🏃‍♂️ 🏃‍♀️ 🏃‍♂️ 🏃‍♀️ 🏃‍♂️ 🏃‍♀️ 🏃‍♂️ 🏃‍♀️ 🏃‍♂️ 🏃‍♀️ 🏃‍♂️ 🏃‍♀️ 🏃‍♂️ 🏃‍♀️ 🏃‍♂️ 🏃‍♀️ 🏃‍♂️ 🏃‍♀️ 🏃‍♂️ 🏃‍♀️ 🏃‍♂️ 🏃‍♀️ 🏃‍♂️ 🏃‍♀️ 🏃‍♂️ 🏃‍♀️ 🏃‍♂️ 🏃‍♀️ 🏃‍♂️ 🏃‍♀️ 🏃‍♂️ 🏃‍♀️ 🏃‍♂️ 🏃‍♀️ 🏃‍♂️ 🏃‍♀️ 🏃‍♂️ 🏃‍♀️ 🏃‍♂️ 🏃‍♀️ 🏃‍♂️ 🏃‍♀️ 🏃‍♂️ 🏃‍♀️ 🏃‍♂️ 🏃‍♀️ 🏃‍♂️ 🏃‍♀️ 🏃‍♂️ 🏃‍♀️ 🏃‍♂️ 🏃‍♀️ 🏃‍♂️ 🏃‍♀️ 🏃‍♂️ 🏃‍♀️ 🏃‍♂️ 🏃‍♀️ 🏃‍♂️ 🏃‍♀️ 🏃‍♂️ 🏃‍♀️ 🏃‍♂️ 🏃‍♀️ 🏃‍♂️ 🏃‍♀️ 🏃‍♂️ 🏃‍♀️ 🏃‍♂️ 🏃‍♀️ 🏃‍♂️ 🏃‍♀️ 🏃‍♂️ 🏃‍♀️ 🏃‍♂️ 🏃‍♀️ 🏃‍♂️ 🏃‍♀️ 🏃‍♂️ 🏃‍♀️ 🏃‍♂️ 🏃‍♀️ 🏃‍♂️ 🏃‍♀️ 🏃‍♂️ 🏃‍♀️ 🏃‍♂️ 🏃‍♀️ 🏃‍♂️ 🏃‍♀️ 🏃‍♂️ 🏃‍♀️ 🏃‍♂️ 🏃‍♀️ 🏃‍♂️ 🏃‍♀️ 🏃‍♂️ 🏃‍♀️ 🏃‍♂️ 🏃‍♀️ 🏃‍♂️ 🏃‍♀️ 🏃‍♂️ 🏃‍♀️ 🏃‍♂️ 🏃‍♀️ 🏃‍♂️ 🏃‍♀️ 🏃‍♂️ 🏃‍♀️ 🏃‍♂️ 🏃‍♀️ 🏃‍♂️ 🏃‍♀️ 🏃‍♂️ 🏃‍♀️ 🏃‍♂️ 🏃‍♀️ 🏃‍♂️ 🏃‍♀️ 🏃‍♂️ 🏃‍♀️ 🏃‍♂️ 🏃‍♀️ 🏃‍♂️ 🏃‍♀️ 🏃‍♂️ 🏃‍♀️ 🏃‍♂️ 🏃‍♀️ 🏃‍♂️ 🏃‍♀️ 🏃‍♂️ 🏃‍♀️ 🏃‍♂️ 🏃‍♀️ 🏃‍♂️ 🏃‍♀️ 🏃‍♂️ 🏃‍♀️ 🏃‍♂️ 🏃‍♀️ 🏃‍♂️ 🏃‍♀️ 🏃‍♂️ 🏃‍♀️ 🏃‍♂️ 🏃‍♀️ 🏃‍♂️ 🏃‍♀️ 🏃‍♂️ 🏃‍♀️ 🏃‍♂️ 🏃‍♀️ 🏃‍♂️ 🏃‍♀️ 🏃‍♂️ 🏃‍♀️ 🏃‍♂️ 🏃‍♀️ 🏃‍♂️ 🏃‍♀️ 🏃‍♂️ 🏃‍♀️ 🏃‍♂️ 🏃‍♀️ 🏃‍♂️ 🏃‍♀️ 🏃‍♂️ 🏃‍♀️ 🏃‍♂️ 🏃‍♀️ 🏃‍♂️ 🏃‍♀️ 🏃‍♂️ 🏃‍♀️ 🏃‍♂️ 🏃‍♀️ 🏃‍♂️ 🏃‍♀️ 🏃‍♂️ 🏃‍♀️ 🏃‍♂️ 🏃‍♀️ 🏃‍♂️ 🏃‍♀️ 🏃‍♂️ 🏃‍♀️ 🏃‍♂️ 🏃‍♀️ 🏃‍♂️ 🏃‍♀️ 🏃‍♂️ 🏃‍♀️ 🏃‍♂️ 🏃‍♀️ 🏃‍♂️ 🏃‍♀️ 🏃‍♂️ 🏃‍♀️ 🏃‍♂️ 🏃‍♀️ 🏃‍♂️ 🏃‍♀️ 🏃‍♂️ 🏃‍♀️ 🏃‍♂️ 🏃‍♀️ 🏃‍♂️ 🏃‍♀️ 🏃‍♂️ 🏃‍♀️ 🏃‍♂️ 🏃‍♀️ 🏃‍♂️ 🏃‍♀️ 🏃‍♂️ 🏃‍♀️ 🏃‍♂️ 🏃‍♀️ 🏃‍♂️ 🏃‍♀️ 🏃‍♂️ 🏃‍♀️ 🏃‍♂️ 🏃‍♀️ 🏃‍♂️ 🏃‍♀️ 🏃‍♂️ 🏃‍♀️ 🏃‍♂️ 🏃‍♀️ 🏃‍♂️ 🏃‍♀️ 🏃‍♂️ 🏃‍♀️ 🏃‍♂️ 🏃‍♀️ 🏃‍♂️ 🏃‍♀️ 🏃‍♂️ 🏃‍♀️ 🏃‍♂️ 🏃‍♀️ 🏃‍♂️ 🏃‍♀️ 🏃‍♂️ 🏃‍♀️ 🏃‍♂️ 🏃‍♀️ 🏃‍♂️ 🏃‍♀️ 🏃‍♂️ 🏃‍♀️ 🏃‍♂️ 🏃‍♀️ 🏃‍♂️ 🏃‍♀️ 🏃‍♂️ 🏃‍♀️ 🏃‍♂️ 🏃‍♀️ 🏃‍♂️ 🏃‍♀️ 🏃‍♂️ 🏃‍♀️ 🏃‍♂️ 🏃‍♀️ 🏃‍♂️ 🏃‍♀️ 🏃‍♂️ 🏃‍♀️ 🏃‍♂️ 🏃‍♀️ 🏃‍♂️ 🏃‍♀️ 🏃‍♂️ 🏃‍♀️ 🏃‍♂️ 🏃‍♀️ 🏃‍♂️ 🏃‍♀️ 🏃‍♂️ 🏃‍♀️ 🏃‍♂️ 🏃‍♀️ 🏃‍♂️ 🏃‍♀️ 🏃‍♂️ 🏃‍♀️ 🏃‍♂️ 🏃‍♀️ 🏃‍♂️ 🏃‍♀️ 🏃‍♂️ 🏃‍♀️ 🏃‍♂️ 🏃‍♀️ 🏃‍♂️ 🏃‍♀️ 🏃‍♂️ 🏃‍♀️ 🏃‍♂️ 🏃‍♀️ 🏃‍♂️ 🏃‍♀️ 🏃‍♂️ 🏃‍♀️ 🏃‍♂️ 🏃‍♀️ 🏃‍♂️ 🏃‍♀️ 🏃‍♂️ 🏃‍♀️ 🏃‍♂️ 🏃‍♀️ 🏃‍♂️ 🏃‍♀️ 🏃‍♂️ 🏃‍♀️ 🏃‍♂️ 🏃‍♀️ 🏃‍♂️ 🏃‍♀️ 🏃‍♂️ 🏃‍♀️ 🏃‍♂️ 🏃‍♀️ 🏃‍♂️ 🏃‍♀️ 🏃‍♂️ 🏃‍♀️ 🏃‍♂️ 🏃‍♀️ 🏃‍♂️ 🏃‍♀️ 🏃‍♂️ 🏃‍♀️ 🏃‍♂️ 🏃‍♀️ 🏃‍♂️ 🏃‍♀️ 🏃‍♂️ 🏃‍♀️ 🏃‍♂️ 🏃‍♀️ 🏃‍♂️ 🏃‍♀️ 🏃‍♂️ 🏃‍♀️ 🏃‍♂️ 🏃‍♀️ 🏃‍♂️ 🏃‍♀️ 🏃‍♂️ 🏃‍♀️ 🏃‍♂️ 🏃‍♀️ 🏃‍♂️ 🏃‍♀️ 🏃‍♂️ 🏃‍♀️ 🏃‍♂️ 🏃‍♀️ 🏃‍♂️ 🏃‍♀️ 🏃‍♂️ 🏃‍♀️ 🏃‍♂️ 🏃‍♀️ 🏃‍♂️ 🏃‍♀️ 🏃‍♂️ 🏃‍♀️ 🏃‍♂️ 🏃‍♀️ 🏃‍♂️ 🏃‍♀️ 🏃‍♂️ 🏃‍♀️ 🏃‍♂️ 🏃‍♀️ 🏃‍♂️ 🏃‍♀️ 🏃‍♂️ 🏃‍♀️ 🏃‍♂️ 🏃‍♀️ 🏃‍♂️ 🏃‍♀️ 🏃‍♂️ 🏃‍♀️ 🏃‍♂️ 🏃‍♀️ 🏃‍♂️ 🏃‍♀️ 🏃‍♂️ 🏃‍♀️ 🏃‍♂️ 🏃‍♀️ 🏃‍♂️ 🏃‍♀️ 🏃‍♂️ 🏃‍♀️ 🏃‍♂️ 🏃‍♀️ 🏃‍♂️ 🏃‍♀️ 🏃‍♂️ 🏃‍♀️ 🏃‍♂️ 🏃‍♀️ 🏃‍♂️ 🏃‍♀️ 🏃‍♂️ 🏃‍♀️ 🏃‍♂️ 🏃‍♀️ 🏃‍♂️ 🏃‍♀️ 🏃‍♂️ 🏃‍♀️ 🏃‍♂️ 🏃‍♀️ 🏃‍♂️ 🏃‍♀️ 🏃‍♂️ 🏃‍♀️ 🏃‍♂️ 🏃‍♀️ 🏃‍♂️ 🏃‍♀️ 🏃‍♂️ 🏃‍♀️ 🏃‍♂️ 🏃‍♀️ 🏃‍♂️ 🏃‍♀️ 🏃‍♂️ 🏃‍♀️ 🏃‍♂️ 🏃‍♀️ 🏃‍♂️ 🏃‍♀️ 🏃‍♂️ 🏃‍♀️ 🏃‍♂️ 🏃‍♀️ 🏃‍♂️ 🏃‍♀️ 🏃‍♂️ 🏃‍♀️ 🏃‍♂️ 🏃‍♀️ 🏃‍♂️ 🏃‍♀️ 🏃‍♂️ 🏃‍♀️ 🏃‍♂️ 🏃‍♀️ 🏃‍♂️ 🏃‍♀️ 🏃‍♂️ 🏃‍♀️ 🏃‍♂️ 🏃‍♀️ 🏃‍♂️ 🏃‍♀️ 🏃‍♂️ 🏃‍♀️ 🏃‍♂️ 🏃‍♀️ 🏃‍♂️ 🏃‍♀️ 🏃‍♂️ 🏃‍♀️ 🏃‍♂️ 🏃‍♀️ 🏃‍♂️ 🏃‍♀️ 🏃‍♂️ 🏃‍♀️ 🏃‍♂️ 🏃‍♀️ 🏃‍♂️ 🏃‍♀️ 🏃‍♂️ 🏃‍♀️ 🏃‍♂️ 🏃‍♀️ 🏃‍♂️ 🏃‍♀️ 🏃‍♂️ 🏃‍♀️ 🏃‍♂️ 🏃‍♀️ 🏃‍♂️ 🏃‍♀️ 🏃‍♂️ 🏃‍♀️ 🏃‍♂️ 🏃‍♀️ 🏃‍♂️ 🏃‍♀️ 🏃‍♂️ 🏃‍♀️ 🏃‍♂️ 🏃‍♀️ 🏃‍♂️ 🏃‍♀️ 🏃‍♂️ 🏃‍♀️ 🏃‍♂️ 🏃‍♀️ 🏃‍♂️ 🏃‍♀️ 🏃‍♂️ 🏃‍♀️ 🏃‍♂️ 🏃‍♀️ 🏃‍♂️ 🏃‍♀️ 🏃‍♂️ 🏃‍♀️ 🏃‍♂️ 🏃‍♀️ 🏃‍♂️ 🏃‍♀️ 🏃‍♂️ 🏃‍♀️ 🏃‍♂️ 🏃‍♀️ 🏃‍♂️ 🏃‍♀️ 🏃‍♂️ 🏃‍♀️ 🏃‍♂️ 🏃‍♀️ 🏃‍♂️ 🏃‍♀️ 🏃‍♂️ 🏃‍♀️ 🏃‍♂️ 🏃‍♀️ 🏃‍♂️ 🏃‍♀️ 🏃‍♂️ 🏃‍♀️ 🏃‍♂️ 🏃‍♀️ 🏃‍♂️ 🏃‍♀️ 🏃‍♂️ 🏃‍♀️ 🏃‍♂️ 🏃‍♀️ 🏃‍♂️ 🏃‍♀️ 🏃‍♂️ 🏃‍♀️ 🏃‍♂️ 🏃‍♀️ 🏃‍♂️ 🏃‍♀️ 🏃‍♂️ 🏃‍♀️ 🏃‍♂️ 🏃‍♀️ 🏃‍♂️ 🏃‍♀️ 🏃‍♂️ 🏃‍♀️ 🏃‍♂️ 🏃‍♀️ 🏃‍♂️ 🏃‍♀️ 🏃‍♂️ 🏃‍♀️ 🏃‍♂️ 🏃‍♀️ 🏃‍♂️ 🏃‍♀️ 🏃‍♂️ 🏃‍♀️ 🏃‍♂️ 🏃‍♀️ 🏃‍♂️ 🏃‍♀️ 🏃‍♂️ 🏃‍♀️ 🏃‍♂️ 🏃‍♀️ 🏃‍♂️ 🏃‍♀️ 🏃‍♂️ 🏃‍♀️ 🏃‍♂️ 🏃‍♀️ 🏃‍♂️ 🏃‍♀️ 🏃‍♂️ 🏃‍♀️ 🏃‍♂️ 🏃‍♀️ 🏃‍♂️ 🏃‍♀️ 🏃‍♂️ 🏃‍♀️ 🏃‍♂️ 🏃‍♀️ 🏃‍♂️ 🏃‍♀️ 🏃‍♂️ 🏃‍♀️ 🏃‍♂️ 🏃‍♀️ 🏃‍♂️ 🏃‍♀️ 🏃‍♂️ 🏃‍♀️ 🏃‍♂️ 🏃‍♀️ 🏃‍♂️ 🏃‍♀️ 🏃‍♂️ 🏃‍♀️ 🏃‍♂️ 🏃‍♀️ 🏃‍♂️ 🏃‍♀️ 🏃‍♂️ 🏃‍♀️ 🏃‍♂️ 🏃‍♀️ 🏃‍♂️ 🏃‍♀️ 🏃‍♂️ 🏃‍♀️ 🏃‍♂️ 🏃‍♀️ 🏃‍♂️ 🏃‍♀️ 🏃‍♂️ 🏃‍♀️ 🏃‍♂️ 🏃‍♀️ 🏃‍♂️ 🏃‍♀️ 🏃‍♂️ 🏃‍♀️ 🏃‍♂️ 🏃‍♀️ 🏃‍♂️ 🏃‍♀️ 🏃‍♂️ 🏃‍♀️ 🏃‍♂️ 🏃‍♀️ 🏃‍♂️ 🏃‍♀️ 🏃‍♂️ 🏃‍♀️ 🏃‍♂️ 🏃‍♀️ 🏃‍♂️ 🏃‍♀️ 🏃‍♂️ 🏃‍♀️ 🏃‍♂️ 🏃‍♀️ 🏃‍♂️ 🏃‍♀️ 🏃‍♂️ 🏃‍♀️ 🏃‍♂️ 🏃‍♀️ 🏃‍♂️ 🏃‍♀️ 🏃‍♂️ 🏃‍♀️ 🏃‍♂️ 🏃‍♀️ 🏃‍♂️ 🏃‍♀️ 🏃‍♂️ 🏃‍♀️ 🏃‍♂️ 🏃‍♀️ 🏃‍♂️ 🏃‍♀️ 🏃‍♂️ 🏃‍♀️ 🏃‍♂️ 🏃‍♀️ 🏃‍♂️ 🏃‍♀️ 🏃‍♂️ 🏃‍♀️ 🏃‍♂️ 🏃‍♀️ 🏃‍♂️ 🏃‍♀️ 🏃‍♂️ 🏃‍♀️ 🏃‍♂️ 🏃‍♀️ 🏃‍♂️ 🏃‍♀️ 🏃‍♂️ 🏃‍♀️ 🏃‍♂️ 🏃‍♀️ 🏃‍♂️ 🏃‍♀️ 🏃‍♂️ 🏃‍♀️ 🏃‍♂️ 🏃‍♀️ 🏃‍♂️ 🏃‍♀️ 🏃‍♂️ 🏃‍♀️ 🏃‍♂️ 🏃‍♀️ 🏃‍♂️ 🏃‍♀️ 🏃‍♂️ 🏃‍♀️ 🏃‍♂️ 🏃‍♀️ 🏃‍♂️ 🏃‍♀️ 🏃‍♂️ 🏃‍♀️ 🏃‍♂️ 🏃‍♀️ 🏃‍♂️ 🏃‍♀️ 🏃‍♂️ 🏃‍♀️ 🏃‍♂️ 🏃‍♀️ 🏃‍♂️ 🏃‍♀️ 🏃‍♂️ 🏃‍♀️ 🏃‍♂️ 🏃‍♀️ 🏃‍♂️ 🏃‍♀️ 🏃‍♂️ 🏃‍♀️ 🏃‍♂️ 🏃‍♀️ 🏃‍♂️ 🏃‍♀️ 🏃‍♂️ 🏃‍♀️ 🏃‍♂️ 🏃‍♀️ 🏃‍♂️ 🏃‍♀️ 🏃‍♂️ 🏃‍♀️ 🏃‍♂️ 🏃‍♀️ 🏃‍♂️ 🏃‍♀️ 🏃‍♂️ 🏃‍♀️ 🏃‍♂️ 🏃‍♀️ 🏃‍♂️ 🏃‍♀️ 🏃‍♂️ 🏃‍♀️ 🏃‍♂️ 🏃‍♀️ 🏃‍♂️ 🏃‍♀️ 🏃‍♂️ 🏃‍♀️ 🏃‍♂️ 🏃‍♀️ 🏃‍♂️ 🏃‍♀️ 🏃‍♂️ 🏃‍♀️ 🏃‍♂️ 🏃‍♀️ 🏃‍♂️ 🏃‍♀️ 🏃‍♂️ 🏃‍♀️ 🏃‍♂️ 🏃‍♀️ 🏃‍♂️ 🏃‍♀️ 🏃‍♂️ 🏃‍♀️ 🏃‍♂️ 🏃‍♀️ 🏃‍♂️ 🏃‍♀️ 🏃‍♂️ 🏃‍♀️ 🏃‍♂️ 🏃‍♀️ 🏃‍♂️ 🏃‍♀️ 🏃‍♂️ 🏃‍♀️ 🏃‍♂️ 🏃‍♀️ 🏃‍♂️ 🏃‍♀️ 🏃‍♂️ 🏃‍♀️ 🏃‍♂️ 🏃‍♀️ 🏃‍♂️ 🏃‍♀️ 🏃‍♂️ 🏃‍♀️ 🏃‍♂️ 🏃‍♀️ 🏃‍♂️ 🏃‍♀️ 🏃‍♂️ 🏃‍♀️ 🏃‍♂️ 🏃‍♀️ 🏃‍♂️ 🏃‍♀️ 🏃‍♂️ 🏃‍♀️ 🏃‍♂️ 🏃‍♀️ 🏃‍♂️ 🏃‍♀️ 🏃‍♂️ 🏃‍♀️ 🏃‍♂️ 🏃‍♀️ 🏃‍♂️ 🏃‍♀️ 🏃‍♂️ 🏃‍♀️","That sounds like an exciting adventure! Based on what you've described, here are some possibilities for what Alexander might find on the map:

1. **Detailed Instructions**: The map could have written instructions or clues that guide Alexander to the treasure. Maybe it says something like ""Start at the old oak tree, walk 30 steps north, then turn east.""

2. **Symbols and Icons**: There might be symbols or icons representing landmarks or directions. For example, a star might indicate north, a tree might represent an important landmark, and so on.

3. **Geographic Features**: The map could show specific geographic features like rivers, hills, or old buildings. These could help Alexander pinpoint the location of the treasure.

4. **Puzzle or Riddle**: The map might contain a puzzle or riddle that needs to be solved. For instance, it could say ""Find where the sun sets on the longest day of the year"" or ""Count the number of windows in the old church.""

5. **Coordinates or Numbers**: There could be coordinates or numbers scattered across the map that, when decoded, reveal the location of the treasure.

6. **Secret Markings**: Maybe there are tiny, almost invisible markings or patterns that only become clear under certain conditions, like when held up to a light or after rubbing with a special substance.

7. **Multiple Xs**: Apart from the main X, there might be other Xs or symbols indicating different locations or checkpoints along the way.

8. **Drawings or Sketches**: The map could include sketches of the area, showing how the landscape has changed over time, which might help Alexander understand the context better.

9. **Historical Notes**: There might be handwritten notes or annotations on the map, providing hints or explaining why certain landmarks were chosen.

10. **Hidden Chamber or Cave**: The map could point to a hidden chamber or cave behind a wall or under a floorboard in the house, where the treasure is supposedly kept.

Which one do you think fits best with your story? Or maybe you have a specific idea in mind! 🤔 🗺️ 🏃‍♂️ 🏃‍♀️ 🏃‍♂️ 🏃‍♀️ 🏃‍♂️ 🏃‍♀️ 🏃‍♂️ 🏃‍♀️ 🏃‍♂️ 🏃‍♀️ 🏃‍♂️ 🏃‍♀️ 🏃‍♂️ 🏃‍♀️ 🏃‍♂️ 🏃‍♀️ 🏃‍♂️ 🏃‍♀️ 🏃‍♂️ 🏃‍♀️ 🏃‍♂️ 🏃‍♀️ 🏃‍♂️ 🏃‍♀️ 🏃‍♂️ 🏃‍♀️ 🏃‍♂️ 🏃‍♀️ 🏃‍♂️ 🏃‍♀️ 🏃‍♂️ 🏃‍♀️ 🏃‍♂️ 🏃‍♀️ 🏃‍♂️ 🏃‍♀️ 🏃‍♂️ 🏃‍♀️ 🏃‍♂️ 🏃‍♀️ 🏃‍♂️ 🏃‍♀️ 🏃‍♂️ 🏃‍♀️ 🏃‍♂️ 🏃‍♀️ 🏃‍♂️ 🏃‍♀️ 🏃‍♂️ 🏃‍♀️ 🏃‍♂️ 🏃‍♀️ 🏃‍♂️ 🏃‍♀️ 🏃‍♂️ 🏃‍♀️ 🏃‍♂️ 🏃‍♀️ 🏃‍♂️ 🏃‍♀️ 🏃‍♂️ 🏃‍♀️ 🏃‍♂️ 🏃‍♀️ 🏃‍♂️ 🏃‍♀️ 🏃‍♂️ 🏃‍♀️ 🏃‍♂️ 🏃‍♀️ 🏃‍♂️ 🏃‍♀️ 🏃‍♂️ 🏃‍♀️ 🏃‍♂️ 🏃‍♀️ 🏃‍♂️ 🏃‍♀️ 🏃‍♂️ 🏃‍♀️ 🏃‍♂️ 🏃‍♀️ 🏃‍♂️ 🏃‍♀️ 🏃‍♂️ 🏃‍♀️ 🏃‍♂️ 🏃‍♀️ 🏃‍♂️ 🏃‍♀️ 🏃‍♂️ 🏃‍♀️ 🏃‍♂️ 🏃‍♀️ 🏃‍♂️ 🏃‍♀️ 🏃‍♂️ 🏃‍♀️ 🏃‍♂️ 🏃‍♀️ 🏃‍♂️ 🏃‍♀️ 🏃‍♂️ 🏃‍♀️ 🏃‍♂️ 🏃‍♀️ 🏃‍♂️ 🏃‍♀️ 🏃‍♂️ 🏃‍♀️ 🏃‍♂️ 🏃‍♀️ 🏃‍♂️ 🏃‍♀️ 🏃‍♂️ 🏃‍♀️ 🏃‍♂️ 🏃‍♀️ 🏃‍♂️ 🏃‍♀️ 🏃‍♂️ 🏃‍♀️ 🏃‍♂️ 🏃‍♀️ 🏃‍♂️ 🏃‍♀️ 🏃‍♂️ 🏃‍♀️ 🏃‍♂️ 🏃‍♀️ 🏃‍♂️ 🏃‍♀️ 🏃‍♂️ 🏃‍♀️ 🏃‍♂️ 🏃‍♀️ 🏃‍♂️ 🏃‍♀️ 🏃‍♂️ 🏃‍♀️ 🏃‍♂️ 🏃‍♀️ 🏃‍♂️ 🏃‍♀️ 🏃‍♂️ 🏃‍♀️ 🏃‍♂️ 🏃‍♀️ 🏃‍♂️ 🏃‍♀️ 🏃‍♂️ 🏃‍♀️ 🏃‍♂️ 🏃‍♀️ 🏃‍♂️ 🏃‍♀️ 🏃‍♂️ 🏃‍♀️ 🏃‍♂️ 🏃‍♀️ 🏃‍♂️ 🏃‍♀️ 🏃‍♂️ 🏃‍♀️ 🏃‍♂️ 🏃‍♀️ 🏃‍♂️ 🏃‍♀️ 🏃‍♂️ 🏃‍♀️ 🏃‍♂️ 🏃‍♀️ 🏃‍♂️ 🏃‍♀️ 🏃‍♂️ 🏃‍♀️ 🏃‍♂️ 🏃‍♀️ 🏃‍♂️ 🏃‍♀️ 🏃‍♂️ 🏃‍♀️ 🏃‍♂️ 🏃‍♀️ 🏃‍♂️ 🏃‍♀️ 🏃‍♂️ 🏃‍♀️ 🏃‍♂️ 🏃‍♀️ 🏃‍♂️ 🏃‍♀️ 🏃‍♂️ 🏃‍♀️ 🏃‍♂️ 🏃‍♀️ 🏃‍♂️ 🏃‍♀️ 🏃‍♂️ 🏃‍♀️ 🏃‍♂️ 🏃‍♀️ 🏃‍♂️ 🏃‍♀️ 🏃‍♂️ 🏃‍♀️ 🏃‍♂️ 🏃‍♀️ 🏃‍♂️ 🏃‍♀️ 🏃‍♂️ 🏃‍♀️ 🏃‍♂️ 🏃‍♀️ 🏃‍♂️ 🏃‍♀️ 🏃‍♂️ 🏃‍♀️ 🏃‍♂️ 🏃‍♀️ 🏃‍♂️ 🏃‍♀️ 🏃‍♂️ 🏃‍♀️ 🏃‍♂️ 🏃‍♀️ 🏃‍♂️ 🏃‍♀️ 🏃‍♂️ 🏃‍♀️ 🏃‍♂️ 🏃‍♀️ 🏃‍♂️ 🏃‍♀️ 🏃‍♂️ 🏃‍♀️ 🏃‍♂️ 🏃‍♀️ 🏃‍♂️ 🏃‍♀️ 🏃‍♂️ 🏃‍♀️ 🏃‍♂️ 🏃‍♀️ 🏃‍♂️ 🏃‍♀️ 🏃‍♂️ 🏃‍♀️ 🏃‍♂️ 🏃‍♀️ 🏃‍♂️ 🏃‍♀️ 🏃‍♂️ 🏃‍♀️ 🏃‍♂️ 🏃‍♀️ 🏃‍♂️ 🏃‍♀️ 🏃‍♂️ 🏃‍♀️ 🏃‍♂️ 🏃‍♀️ 🏃‍♂️ 🏃‍♀️ 🏃‍♂️ 🏃‍♀️ 🏃‍♂️ 🏃‍♀️ 🏃‍♂️ 🏃‍♀️ 🏃‍♂️ 🏃‍♀️ 🏃‍♂️ 🏃‍♀️ 🏃‍♂️ 🏃‍♀️ 🏃‍♂️ 🏃‍♀️ 🏃‍♂️ 🏃‍♀️ 🏃‍♂️ 🏃‍♀️ 🏃‍♂️ 🏃‍♀️ 🏃‍♂️ 🏃‍♀️ 🏃‍♂️ 🏃‍♀️ 🏃‍♂️ 🏃‍♀️ 🏃‍♂️ 🏃‍♀️ 🏃‍♂️ 🏃‍♀️ 🏃‍♂️ 🏃‍♀️ 🏃‍♂️ 🏃‍♀️ 🏃‍♂️ 🏃‍♀️ 🏃‍♂️ 🏃‍♀️ 🏃‍♂️ 🏃‍♀️ 🏃‍♂️ 🏃‍♀️ 🏃‍♂️ 🏃‍♀️ 🏃‍♂️ 🏃‍♀️ 🏃‍♂️ 🏃‍♀️ 🏃‍♂️ 🏃‍♀️ 🏃‍♂️ 🏃‍♀️ 🏃‍♂️ 🏃‍♀️ 🏃‍♂️ 🏃‍♀️ 🏃‍♂️ 🏃‍♀️ 🏃‍♂️ 🏃‍♀️ 🏃‍♂️ 🏃‍♀️ 🏃‍♂️ 🏃‍♀️ 🏃‍♂️ 🏃‍♀️ 🏃‍♂️ 🏃‍♀️ 🏃‍♂️ 🏃‍♀️ 🏃‍♂️ 🏃‍♀️ 🏃‍♂️ 🏃‍♀️ 🏃‍♂️ 🏃‍♀️ 🏃‍♂️ 🏃‍♀️ 🏃‍♂️ 🏃‍♀️ 🏃‍♂️ 🏃‍♀️ 🏃‍♂️ 🏃‍♀️ 🏃‍♂️ 🏃‍♀️ 🏃‍♂️ 🏃‍♀️ 🏃‍♂️ 🏃‍♀️ 🏃‍♂️ 🏃‍♀️ 🏃‍♂️ 🏃‍♀️ 🏃‍♂️ 🏃‍♀️ 🏃‍♂️ 🏃‍♀️ 🏃‍♂️ 🏃‍♀️ 🏃‍♂️ 🏃‍♀️ 🏃‍♂️ 🏃‍♀️ 🏃‍♂️ 🏃‍♀️ 🏃‍♂️ 🏃‍♀️ 🏃‍♂️ 🏃‍♀️ 🏃‍♂️ 🏃‍♀️ 🏃‍♂️ 🏃‍♀️ 🏃‍♂️ 🏃‍♀️ 🏃‍♂️ 🏃‍♀️ 🏃‍♂️ 🏃‍♀️ 🏃‍♂️ 🏃‍♀️ 🏃‍♂️ 🏃‍♀️ 🏃‍♂️ 🏃‍♀️ 🏃‍♂️ 🏃‍♀️ 🏃‍♂️ 🏃‍♀️ 🏃‍♂️ 🏃‍♀️ 🏃‍♂️ 🏃‍♀️ 🏃‍♂️ 🏃‍♀️ 🏃‍♂️ 🏃‍♀️ 🏃‍♂️ 🏃‍♀️ 🏃‍♂️ 🏃‍♀️ 🏃‍♂️ 🏃‍♀️ 🏃‍♂️ 🏃‍♀️ 🏃‍♂️ 🏃‍♀️ 🏃‍♂️ 🏃‍♀️ 🏃‍♂️ 🏃‍♀️ 🏃‍♂️ 🏃‍♀️ 🏃‍♂️ 🏃‍♀️ 🏃‍♂️ 🏃‍♀️ 🏃‍♂️ 🏃‍♀️ 🏃‍♂️ 🏃‍♀️ 🏃‍♂️ 🏃‍♀️ 🏃‍♂️ 🏃‍♀️ 🏃‍♂️ 🏃‍♀️ 🏃‍♂️ 🏃‍♀️ 🏃‍♂️ 🏃‍♀️ 🏃‍♂️ 🏃‍♀️ 🏃‍♂️ 🏃‍♀️ 🏃‍♂️ 🏃‍♀️ 🏃‍♂️ 🏃‍♀️ 🏃‍♂️ 🏃‍♀️ 🏃‍♂️ 🏃‍♀️ 🏃‍♂️ 🏃‍♀️ 🏃‍♂️ 🏃‍♀️ 🏃‍♂️ 🏃‍♀️ 🏃‍♂️ 🏃‍♀️ 🏃‍♂️ 🏃‍♀️ 🏃‍♂️ 🏃‍♀️ 🏃‍♂️ 🏃‍♀️ 🏃‍♂️ 🏃‍♀️ 🏃‍♂️ 🏃‍♀️ 🏃‍♂️ 🏃‍♀️ 🏃‍♂️ 🏃‍♀️ 🏃‍♂️ 🏃‍♀️ 🏃‍♂️ 🏃‍♀️ 🏃‍♂️ 🏃‍♀️ 🏃‍♂️ 🏃‍♀️ 🏃‍♂️ 🏃‍♀️ 🏃‍♂️ 🏃‍♀️ 🏃‍♂️ 🏃‍♀️ 🏃‍♂️ 🏃‍♀️ 🏃‍♂️ 🏃‍♀️ 🏃‍♂️ 🏃‍♀️ 🏃‍♂️ 🏃‍♀️ 🏃‍♂️ 🏃‍♀️ 🏃‍♂️ 🏃‍♀️ 🏃‍♂️ 🏃‍♀️ 🏃‍♂️ 🏃‍♀️ 🏃‍♂️ 🏃‍♀️ 🏃‍♂️ 🏃‍♀️ 🏃‍♂️ 🏃‍♀️ 🏃‍♂️ 🏃‍♀️ 🏃‍♂️ 🏃‍♀️ 🏃‍♂️ 🏃‍♀️ 🏃‍♂️ 🏃‍♀️ 🏃‍♂️ 🏃‍♀️ 🏃‍♂️ 🏃‍♀️ 🏃‍♂️ 🏃‍♀️ 🏃‍♂️ 🏃‍♀️ 🏃‍♂️ 🏃‍♀️ 🏃‍♂️ 🏃‍♀️ 🏃‍♂️ 🏃‍♀️ 🏃‍♂️ 🏃‍♀️ 🏃‍♂️ 🏃‍♀️ 🏃‍♂️ 🏃‍♀️ 🏃‍♂️ 🏃‍♀️ 🏃‍♂️ 🏃‍♀️ 🏃‍♂️ 🏃‍♀️ 🏃‍♂️ 🏃‍♀️ 🏃‍♂️ 🏃‍♀️ 🏃‍♂️ 🏃‍♀️ 🏃‍♂️ 🏃‍♀️ 🏃‍♂️ 🏃‍♀️ 🏃‍♂️ 🏃‍♀️ 🏃‍♂️ 🏃‍♀️ 🏃‍♂️ 🏃‍♀️ 🏃‍♂️ 🏃‍♀️ 🏃‍♂️ 🏃‍♀️ 🏃‍♂️ 🏃‍♀️ 🏃‍♂️ 🏃‍♀️ 🏃‍♂️ 🏃‍♀️ 🏃‍♂️ 🏃‍♀️ 🏃‍♂️ 🏃‍♀️ 🏃‍♂️ 🏃‍♀️ 🏃‍♂️ 🏃‍♀️ 🏃‍♂️ 🏃‍♀️ 🏃‍♂️ 🏃‍♀️ 🏃‍♂️ 🏃‍♀️ 🏃‍♂️ 🏃‍♀️ 🏃‍♂️ 🏃‍♀️ 🏃‍♂️ 🏃‍♀️ 🏃‍♂️ 🏃‍♀️ 🏃‍♂️ 🏃‍♀️ 🏃‍♂️ 🏃‍♀️ 🏃‍♂️ 🏃‍♀️ 🏃‍♂️ 🏃‍♀️ 🏃‍♂️ 🏃‍♀️ 🏃‍♂️ 🏃‍♀️ 🏃‍♂️ 🏃‍♀️ 🏃‍♂️ 🏃‍♀️ 🏃‍♂️ 🏃‍♀️ 🏃‍♂️ 🏃‍♀️ 🏃‍♂️ 🏃‍♀️ 🏃‍♂️ 🏃‍♀️ 🏃‍♂️ 🏃‍♀️ 🏃‍♂️ 🏃‍♀️ 🏃‍♂️ 🏃‍♀️ 🏃‍♂️ 🏃‍♀️ 🏃‍♂️ 🏃‍♀️ 🏃‍♂️ 🏃‍♀️ 🏃‍♂️ 🏃‍♀️ 🏃‍♂️ 🏃‍♀️ 🏃‍♂️ 🏃‍♀️ 🏃‍♂️ 🏃‍♀️ 🏃‍♂️ 🏃‍♀️ 🏃‍♂️ 🏃‍♀️ 🏃‍♂️ 🏃‍♀️ 🏃‍♂️ 🏃‍♀️ 🏃‍♂️ 🏃‍♀️ 🏃‍♂️ 🏃‍♀️ 🏃‍♂️ 🏃‍♀️ 🏃‍♂️ 🏃‍♀️ 🏃‍♂️ 🏃‍♀️ 🏃‍♂️ 🏃‍♀️ 🏃‍♂️ 🏃‍♀️ 🏃‍♂️ 🏃‍♀️ 🏃‍♂️ 🏃‍♀️ 🏃‍♂️ 🏃‍♀️ 🏃‍♂️ 🏃‍♀️ 🏃‍♂️ 🏃‍♀️ 🏃‍♂️ 🏃‍♀️ 🏃‍♂️ 🏃‍♀️ 🏃‍♂️ 🏃‍♀️ 🏃‍♂️ 🏃‍♀️ 🏃‍♂️ 🏃‍♀️ 🏃‍♂️ 🏃‍♀️ 🏃‍♂️ 🏃‍♀️ 🏃‍♂️ 🏃‍♀️ 🏃‍♂️ 🏃‍♀️ 🏃‍♂️ 🏃‍♀️ 🏃‍♂️ 🏃‍♀️ 🏃‍♂️ 🏃‍♀️ 🏃‍♂️ 🏃‍♀️ 🏃‍♂️ 🏃‍♀️ 🏃‍♂️ 🏃‍♀️ 🏃‍♂️ 🏃‍♀️ 🏃‍♂️ 🏃‍♀️ 🏃‍♂️ 🏃‍♀️ 🏃‍♂️ 🏃‍♀️ 🏃‍♂️ 🏃‍♀️ 🏃‍♂️ 🏃‍♀️ 🏃‍♂️ 🏃‍♀️ 🏃‍♂️ 🏃‍♀️ 🏃‍♂️ 🏃‍♀️ 🏃‍♂️ 🏃‍♀️ 🏃‍♂️ 🏃‍♀️ 🏃‍♂️ 🏃‍♀️ 🏃‍♂️ 🏃‍♀️ 🏃‍♂️ 🏃‍♀️ 🏃‍♂️ 🏃‍♀️ 🏃‍♂️ 🏃‍♀️ 🏃‍♂️ 🏃‍♀️ 🏃‍♂️ 🏃‍♀️ 🏃‍♂️ 🏃‍♀️ 🏃‍♂️ 🏃‍♀️ 🏃‍♂️ 🏃‍♀️ 🏃‍♂️ 🏃‍♀️ 🏃‍♂️ 🏃‍♀️ 🏃‍♂️ 🏃‍♀️ 🏃‍♂️ 🏃‍♀️ 🏃‍♂️ 🏃‍♀️ 🏃‍♂️ 🏃‍♀️ 🏃‍♂️ 🏃‍♀️ 🏃‍♂️ 🏃‍♀️ 🏃‍♂️ 🏃‍♀️ 🏃‍♂️ 🏃‍♀️ 🏃‍♂️ 🏃‍♀️ 🏃‍♂️ 🏃‍♀️ 🏃‍♂️ 🏃‍♀️ 🏃‍♂️ 🏃‍♀️ 🏃‍♂️ 🏃‍♀️ 🏃‍♂️ 🏃‍♀️ 🏃‍♂️ 🏃‍♀️ 🏃‍♂️ 🏃‍♀️ 🏃‍♂️ 🏃‍♀️ 🏃‍♂️ 🏃‍♀️ 🏃‍♂️ 🏃‍♀️ 🏃‍♂️ 🏃‍♀️ 🏃‍♂️ 🏃‍♀️ 🏃‍♂️ 🏃‍♀️ 🏃‍♂️ 🏃‍♀️ 🏃‍♂️ 🏃‍♀️ 🏃‍♂️ 🏃‍♀️ 🏃‍♂️ 🏃‍♀️ 🏃‍♂️ 🏃‍♀️ 🏃‍♂️ 🏃‍♀️ 🏃‍♂️ 🏃‍♀️ 🏃‍♂️ 🏃‍♀️ 🏃‍♂️ 🏃‍♀️ 🏃‍♂️ 🏃‍♀️ 🏃‍♂️ 🏃‍♀️ 🏃‍♂️ 🏃‍♀️ 🏃‍♂️ 🏃‍♀️ 🏃‍♂️ 🏃‍♀️ 🏃‍♂️ 🏃‍♀️ 🏃‍♂️ 🏃‍♀️ 🏃‍♂️ 🏃‍♀️ 🏃‍♂️ 🏃‍♀️ 🏃‍♂️ 🏃‍♀️ 🏃‍♂️ 🏃‍♀️ 🏃‍♂️ 🏃‍♀️ 🏃‍♂️ 🏃‍♀️ 🏃‍♂️ 🏃‍♀️ 🏃‍♂️ 🏃‍♀️ 🏃‍♂️ 🏃‍♀️ 🏃‍♂️ 🏃‍♀️ 🏃‍♂️ 🏃‍♀️ 🏃‍♂️ 🏃‍♀️ 🏃‍♂️ 🏃‍♀️ 🏃‍♂️ 🏃‍♀️ 🏃‍♂️ 🏃‍♀️ 🏃‍♂️ 🏃‍♀️ 🏃‍♂️ 🏃‍♀️ 🏃‍♂️ 🏃‍♀️ 🏃‍♂️ 🏃‍♀️ 🏃‍♂️ 🏃‍♀️ 🏃‍♂️ 🏃‍♀️ 🏃‍♂️ 🏃‍♀️ 🏃‍♂️ 🏃‍♀️ 🏃‍♂️ 🏃‍♀️ 🏃‍♂️ 🏃‍♀️ 🏃‍♂️ 🏃‍♀️ 🏃‍♂️ 🏃‍♀️ 🏃‍♂️ 🏃‍♀️ 🏃‍♂️ 🏃‍♀️ 🏃‍♂️ 🏃‍♀️ 🏃‍♂️ 🏃‍♀️ 🏃‍♂️ 🏃‍♀️ 🏃‍♂️ 🏃‍♀️ 🏃‍♂️ 🏃‍♀️ 🏃‍♂️ 🏃‍♀️ 🏃‍♂️ 🏃‍♀️ 🏃‍♂️ 🏃‍♀️ 🏃‍♂️ 🏃‍♀️ 🏃‍♂️ 🏃‍♀️ 🏃‍♂️ 🏃‍♀️ 🏃‍♂️ 🏃‍♀️ 🏃‍♂️ 🏃‍♀️ 🏃‍♂️ 🏃‍♀️ 🏃‍♂️ 🏃‍♀️ 🏃‍♂️ 🏃‍♀️ 🏃‍♂️ 🏃‍♀️ 🏃‍♂️ 🏃‍♀️ 🏃‍♂️ 🏃‍♀️ 🏃‍♂️ 🏃‍♀️ 🏃‍♂️ 🏃‍♀️ 🏃‍♂️ 🏃‍♀️ 🏃‍♂️ 🏃‍♀️ 🏃‍♂️ 🏃‍♀️ 🏃‍♂️ 🏃‍♀️ 🏃‍♂️ 🏃‍♀️ 🏃‍♂️ 🏃‍♀️ 🏃‍♂️ 🏃‍♀️ 🏃‍♂️ 🏃‍♀️ 🏃‍♂️ 🏃‍♀️ 🏃‍♂️ 🏃‍♀️ 🏃‍♂️ 🏃‍♀️ 🏃‍♂️ 🏃‍♀️ 🏃‍♂️ 🏃‍♀️ 🏃‍♂️ 🏃‍♀️ 🏃‍♂️ 🏃‍♀️ 🏃‍♂️ 🏃‍♀️ 🏃‍♂️ 🏃‍♀️ 🏃‍♂️ 🏃‍♀️ 🏃‍♂️ 🏃‍♀️ 🏃‍♂️ 🏃‍♀️ 🏃‍♂️ 🏃‍♀️ 🏃‍♂️ 🏃‍♀️ 🏃‍♂️ 🏃‍♀️ 🏃‍♂️ 🏃‍♀️ 🏃‍♂️ 🏃‍♀️ 🏃‍♂️ 🏃‍♀️ 🏃‍♂️ 🏃‍♀️ 🏃‍♂️ 🏃‍♀️ 🏃‍♂️ 🏃‍♀️ 🏃‍♂️ 🏃‍♀️ 🏃‍♂️ 🏃‍♀️ 🏃‍♂️ 🏃‍♀️ 🏃‍♂️ 🏃‍♀️ 🏃‍♂️ 🏃‍♀️ 🏃‍♂️ 🏃‍♀️ 🏃‍♂️ 🏃‍♀️ 🏃‍♂️ 🏃‍♀️ 🏃‍♂️ 🏃‍♀️ 🏃‍♂️ 🏃‍♀️ 🏃‍♂️ 🏃‍♀️ 🏃‍♂️ 🏃‍♀️ 🏃‍♂️ 🏃‍♀️ 🏃‍♂️ 🏃‍♀️ 🏃‍♂️ 🏃‍♀️ 🏃‍♂️ 🏃‍♀️ 🏃‍♂️ 🏃‍♀️ 🏃‍♂️ 🏃‍♀️ 🏃‍♂️ 🏃‍♀️ 🏃‍♂️ 🏃‍♀️ 🏃‍♂️ 🏃‍♀️ 🏃‍♂️ 🏃‍♀️ 🏃‍♂️ 🏃‍♀️ 🏃‍♂️ 🏃‍♀️ 🏃‍♂️ 🏃‍♀️ 🏃‍♂️ 🏃‍♀️ 🏃‍♂️ 🏃‍♀️ 🏃‍♂️ 🏃‍♀️ 🏃‍♂️ 🏃‍♀️ 🏃‍♂️ 🏃‍♀️ 🏃‍♂️ 🏃‍♀️ 🏃‍♂️ 🏃‍♀️ 🏃‍♂️ 🏃‍♀️ 🏃‍♂️ 🏃‍♀️ 🏃‍♂️ 🏃‍♀️ 🏃‍♂️ 🏃‍♀️ 🏃‍♂️ 🏃‍♀️ 🏃‍♂️ 🏃‍♀️ 🏃‍♂️ 🏃‍♀️ 🏃‍♂️ 🏃‍♀️ 🏃‍♂️ 🏃‍♀️ 🏃‍♂️ 🏃‍♀️ 🏃‍♂️ 🏃‍♀️ 🏃‍♂️ 🏃‍♀️ 🏃‍♂️ 🏃‍♀️ 🏃‍♂️ 🏃‍♀️ 🏃‍♂️ 🏃‍♀️ 🏃‍♂️ 🏃‍♀️ 🏃‍♂️ 🏃‍♀️ 🏃‍♂️ 🏃‍♀️ 🏃‍♂️ 🏃‍♀️ 🏃‍♂️ 🏃‍♀️ 🏃‍♂️ 🏃‍♀️ 🏃‍♂️ 🏃‍♀️ 🏃‍♂️ 🏃‍♀️ 🏃‍♂️ 🏃‍♀️ 🏃‍♂️ 🏃‍♀️ 🏃‍♂️ 🏃‍♀️ 🏃‍♂️ 🏃‍♀️ 🏃‍♂️ 🏃‍♀️ 🏃‍♂️ 🏃‍♀️ 🏃‍♂️ 🏃‍♀️ 🏃‍♂️ 🏃‍♀️ 🏃‍♂️ 🏃‍♀️ 🏃‍♂️ 🏃‍♀️ 🏃‍♂️ 🏃‍♀️ 🏃‍♂️ 🏃‍♀️ 🏃‍♂","The irrelevant context in the prompt is:

- **""What does Alexander find on the map?""**

This question is asking about what Alexander finds on the map, but the rest of the prompt already describes the map and its mystery. The question is redundant because the description of the map and its features already answers what Alexander would find on it. 

So, the relevant context is everything except that final question.",0.65541387,0.5712265,0.49039835,385.572322845459
CohereForAI/aya-expanse-8b,Who is the main character in the story of a magical forest hidden behind a secret door in an attic?,The main character in the story of a magical forest hidden behind a secret door in an attic is a young girl who loves reading fantasy novels and has a pet cat named Whiskers. The attic is filled with old trunks and dusty boxes. What is the main character's name?,"Identify the irrelevant context in the prompt: ""The main character in the story of a magical forest hidden behind a secret door in an attic is a young girl who loves reading fantasy novels and has a pet cat named Whiskers. The attic is filled with old trunks and dusty boxes. What is the main character's name?""",The main character's love for fantasy novels and her pet cat named Whiskers. The attic being filled with old trunks and dusty boxes.,The main character's name is not specified,"In the story of a magical forest hidden behind a secret door in an attic, the main character is typically a young protagonist who discovers this hidden realm. This character might be a curious child, an adventurous teenager, or even a young adult seeking a sense of wonder and escape. Here are some common traits and roles this main character often embodies:

1. **Curiosity and Imagination**: They possess a vivid imagination and an insatiable curiosity, leading them to explore hidden places.
2. **Bravery**: They have the courage to enter unknown territories and face the mysteries and challenges that the magical forest presents.
3. **Kind-hearted**: They are often compassionate and kind, easily forming bonds with the forest's inhabitants.
4. **Resilience**: They learn to adapt to the forest's rules and challenges, growing stronger and wiser as they navigate its wonders.

The story might involve the character finding the secret door, opening it, and being transported to the magical forest. There, they encounter fantastical creatures, learn about the forest's magic, and possibly play a crucial role in maintaining the forest's balance.

Some common names for this character could be Emily, Liam, or Alex, but the specific identity can vary depending on the author's creativity and the unique aspects of the story.","The main character's name is not explicitly provided in the description you've given. However, based on the context, we can infer a suitable name for her. Given her love for fantasy novels, a pet cat named Whiskers, and the setting involving an attic filled with old trunks and boxes, a fitting name could be **Lily Whisper**.

This name combines elements of her interest in fantasy (Lily) and her companion (Whisper, inspired from Whiskers).","The irrelevant context in the prompt is: ""The attic is filled with old trunks and dusty boxes.""

While this description provides some setting details, it does not directly relate to identifying the main character's name. The relevant information for determining the main character's name is the narrative about a magical forest, the young girl's love for fantasy novels, and her pet cat named Whiskers.",0.2553402,0.40708327,0.79785883,11.363830089569092
CohereForAI/aya-expanse-8b,What is the capital of France?,The capital of France is a city known for its romantic atmosphere and beautiful art museums. The city is also famous for its fashion designers and delicious cuisine. What is the capital of France?,"Identify the irrelevant context in the prompt: ""The capital of France is a city known for its romantic atmosphere and beautiful art museums. The city is also famous for its fashion designers and delicious cuisine. What is the capital of France?""",The city's romantic atmosphere and beautiful art museums. The city's fashion designers and delicious cuisine.,Paris,"The capital of France is Paris. Known for its art, culture, cuisine, and fashion, Paris is one of the most visited cities in the world. It's home to iconic landmarks like the Eiffel Tower, Louvre Museum, Notre-Dame Cathedral, and the Arc de Triomphe. Paris has been the capital of France since 508 AD, and it continues to serve as the country's political, economic, and cultural center.","The capital of France is Paris. Known for its iconic landmarks like the Eiffel Tower, Louvre Museum, and Notre-Dame Cathedral, Paris is indeed famous for its romantic atmosphere, rich art history, fashion industry, and exquisite cuisine. It is a global center for art, culture, fashion, and gastronomy.","The irrelevant context in the prompt is: ""The capital of France is a city known for its romantic atmosphere and beautiful art museums. The city is also famous for its fashion designers and delicious cuisine.""

This part is irrelevant because it provides descriptive details about Paris, the capital of France, instead of directly answering the question ""What is the capital of France?"" The question seeks a concise answer, which is simply ""Paris."" The additional information about Paris's characteristics is not necessary to answer the question.",0.59318626,0.58634555,0.44097933,6.528151750564575
CohereForAI/aya-expanse-8b,Who wrote the famous novel 'To Kill a Mockingbird'?,The famous novel 'To Kill a Mockingbird' was written by an author who grew up in the southern United States and was influenced by the civil rights movement. The author's childhood home is now a museum. What is the author's name?,"Identify the irrelevant context in the prompt: ""The famous novel 'To Kill a Mockingbird' was written by an author who grew up in the southern United States and was influenced by the civil rights movement. The author's childhood home is now a museum. What is the author's name?""",The author's childhood home is now a museum. The author's influence from the civil rights movement.,Harper Lee,"The famous novel *To Kill a Mockingbird* was written by Harper Lee. It was published in 1960 and is considered a classic of modern American literature. The novel explores themes of racial injustice and moral growth through the eyes of a young girl, Scout Finch, in the fictional town of Maycomb, Alabama, during the Great Depression.

Harper Lee only wrote two novels in her lifetime, with *To Kill a Mockingbird* being her most renowned work. The book won the Pulitzer Prize for Fiction in 1961 and has sold over 40 million copies worldwide, being translated into more than 40 languages. It continues to be widely read in schools and has been adapted into a successful film and stage play.","The author of ""To Kill a Mockingbird"" is Harper Lee. She grew up in Monroeville, Alabama, in the southern United States, and her experiences there, including witnessing racial injustice and the civil rights movement, greatly influenced her writing. Her childhood home, known as the Harper Lee House, has been preserved as a museum to honor her life and work.","The irrelevant context in the prompt is: *""The author's childhood home is now a museum.""*

While this fact might be interesting, it is not necessary to answer the main question: *""What is the author's name?""*

The prompt should focus solely on providing the author's name based on the given information about their background (growing up in the southern United States and being influenced by the civil rights movement).",0.30741507,0.463705,0.64863396,8.166179418563843
CohereForAI/aya-expanse-8b,What is the largest planet in our solar system?,The largest planet in our solar system is a gas giant known for its distinctive red spot and massive storms. The planet's moons are also of great interest to astronomers. What is the largest planet in our solar system?,"Identify the irrelevant context in the prompt: ""The largest planet in our solar system is a gas giant known for its distinctive red spot and massive storms. The planet's moons are also of great interest to astronomers. What is the largest planet in our solar system?""",The planet's distinctive red spot and massive storms. The planet's moons being of interest to astronomers.,Jupiter,"The largest planet in our solar system is Jupiter. It is a gas giant, composed mostly of hydrogen and helium, and is known for its massive size and iconic Great Red Spot, a storm that has been raging for at least 350 years.

Here are some key facts about Jupiter:

- **Size:** Jupiter has a radius of about 69,911 kilometers (43,441 miles) at its equator, making it over 11 times wider than Earth. Its mass is more than 300 times that of Earth, which is why it exerts a strong gravitational pull.

- **Composition:** Due to its composition primarily of hydrogen and helium, Jupiter is often referred to as a ""gas planet."" It lacks a solid surface like the terrestrial planets (Mercury, Venus, Earth, and Mars).

- **Moons:** Jupiter has the largest number of moons in our solar system, with 95 confirmed moons as of my cut-off date (January 2023). The four largest and most well-known are called the Galilean moons: Io, Europa, Ganymede, and Callisto.

- **Great Red Spot:** This is a massive storm larger than Earth, located in Jupiter's southern hemisphere. It has been observed for centuries and is believed to be a giant storm of ammonia and hydrogen sulfide clouds.

- **Atmosphere:** Jupiter's atmosphere is dynamic and includes a variety of clouds, bands, and storms, including the famous Great Red Spot.

Jupiter's immense size and powerful gravity have played a significant role in shaping the dynamics of the solar system, and its study continues to provide valuable insights into planetary science.","The largest planet in our solar system is Jupiter. It is a gas giant, composed mostly of hydrogen and helium, and is known for its massive size and iconic Great Red Spot, a storm that has been raging for at least 350 years.

Jupiter has a remarkable 79 known moons, with the four largest being called the Galilean moons, discovered by Galileo Galilei in 1610. These moons are:

1. Io: The closest Galilean moon to Jupiter, Io is the most volcanically active body in the solar system, with hundreds of active volcanoes.

2. Europa: Known for its smooth, icy surface, Europa is believed to have a vast ocean of liquid water beneath its crust, making it a prime candidate in the search for extraterrestrial life.

3. Ganymede: Ganymede is the largest moon in the solar system, even larger than the planet Mercury. It has its own magnetic field, making it a unique moon.

4. Callisto: The most distant of the Galilean moons, Callisto has a heavily cratered surface, indicating a lack of geological activity.

Jupiter's massive size and its complex system of moons make it a fascinating subject of study for astronomers, contributing significantly to our understanding of planetary science and the potential for life beyond Earth.","The irrelevant context in the prompt is: ""The largest planet in our solar system is a gas giant known for its distinctive red spot and massive storms.""

While this passage provides information about the largest planet, it also includes details about its weather features (red spot and massive storms) and its moons, which are not directly relevant to the question ""What is the largest planet in our solar system?"" The core, concise answer to that question is simply ""Jupiter,"" without the additional details about its characteristics.",0.6314372,0.5836468,0.6028963,18.701003313064575
CohereForAI/aya-expanse-8b,"In the story, a character named Jack discovers a hidden treasure on a deserted island. What does Jack find on the island?","In the story, a character named Jack discovers a hidden treasure on a deserted island. The island is said to have a curse that brings bad luck to those who visit. The island's sandy beaches and crystal-clear waters make it a perfect spot for relaxation. What does Jack find on the island?","Identify the irrelevant context in the prompt: ""In the story, a character named Jack discovers a hidden treasure on a deserted island. The island is said to have a curse that brings bad luck to those who visit. The island's sandy beaches and crystal-clear waters make it a perfect spot for relaxation. What does Jack find on the island?""",The island's curse and its effects on visitors. The island's sandy beaches and crystal-clear waters.,Jack finds a hidden treasure,"In the story, Jack discovers a hidden treasure on a deserted island. The exact nature of the treasure can vary depending on the specific narrative, but here are some common elements that Jack might find:

1. **Gold and Gems**: The most classic treasure includes gold coins, bars of gold, precious gems (like diamonds, rubies, or sapphires), and jewelry.

2. **Ancient Artifacts**: The island could be home to valuable and historically significant artifacts, such as ancient statues, pottery, or manuscripts.

3. **Treasure Chest**: A large, locked treasure chest filled with the aforementioned items. It might be hidden in a secret location, requiring Jack to solve puzzles or navigate obstacles to find it.

4. **Natural Resources**: Depending on the island's environment, Jack might discover valuable natural resources like rare plants, minerals, or even a source of fresh water.

5. **A Map or Clues**: The treasure could be a map leading to other hidden riches, or cryptic clues that Jack must decipher to uncover more treasure.

6. **A Hidden Cavern or Vault**: The treasure might be stashed away in a secret cavern, underground vault, or a hidden room within a structure on the island.

7. **A Long-Forgotten Fortunes**: The island could be the site of a former settlement where a wealthy family or group hid their riches before leaving or during a crisis.

8. **Magical or Mystical Items**: In a fantasy setting, the treasure could include magical artifacts, potions, or other mystical items.

The discovery of this hidden treasure often serves as a pivotal moment in the story, driving the plot forward and potentially leading to new challenges, allies, or enemies for Jack.","In the story, Jack discovers a hidden treasure on the deserted island. The description highlights the contrast between the island's idyllic appearance and the ominous curse that shrouds it. Here's what Jack finds:

1. **Hidden Treasure**: The primary discovery is a treasure trove filled with valuable items, possibly including gold, jewels, ancient artifacts, or other precious objects. This treasure is often the result of past shipwrecks or forgotten civilizations.

2. **Deserted Island**: The island itself is unoccupied, offering a sense of solitude and mystery. Its sandy beaches and crystal-clear waters provide a visually stunning backdrop, making it seem like a paradise for relaxation.

3. **Ominous Curse**: There is a notable curse associated with the island, which implies that those who visit or attempt to claim the treasure may face misfortune, bad luck, or even danger. This adds a layer of suspense and intrigue to Jack's adventure.

The combination of these elements creates a captivating narrative where Jack must navigate not only the physical challenges of the island but also the potential consequences of the curse while exploring the hidden treasure.","The irrelevant context in the prompt is: **""The island's sandy beaches and crystal-clear waters make it a perfect spot for relaxation.""**

This statement is irrelevant because it focuses on the positive aspects of the island, which contradicts the information given about the island having a curse that brings bad luck to visitors. The main focus of the prompt should be on what Jack discovers, not on the island's appealing features.

The relevant information to consider is:

- Jack discovers a hidden treasure on the island.
- The island is said to have a curse associated with it.",0.733028,0.71613216,0.7076211,18.2854266166687
CohereForAI/aya-expanse-8b,What is the chemical symbol for gold?,The chemical symbol for gold is a symbol that has been used for centuries and is often associated with wealth and luxury. The symbol is also used in jewelry and coins. What is the chemical symbol for gold?,"Identify the irrelevant context in the prompt: ""The chemical symbol for gold is a symbol that has been used for centuries and is often associated with wealth and luxury. The symbol is also used in jewelry and coins. What is the chemical symbol for gold?""",The symbol's association with wealth and luxury. The symbol's use in jewelry and coins.,Au,"The chemical symbol for gold is Au. This symbol comes from gold's Latin name, *aurum*, which means ""shining dawn."" Gold is a transition metal with an atomic number of 79 on the periodic table.","The chemical symbol for gold is **Au**.

This symbol comes from the Latin word for gold, ""aurum,"" which has been used in scientific and chemical contexts since ancient times. In the periodic table, gold is assigned the atomic number 79, and its symbol, **Au**, is universally recognized to represent this element.","The irrelevant context in the prompt is: ""The chemical symbol for gold is a symbol that has been used for centuries and is often associated with wealth and luxury. The symbol is also used in jewelry and coins.""

While this information is related to gold and its historical and practical uses, it is not directly answering the question ""What is the chemical symbol for gold?"". The question is seeking a factual, scientific response about the chemical representation of gold, not its cultural or practical uses.

The correct answer to the prompt is: The chemical symbol for gold is **Au**.",0.31759113,0.28735572,0.50976753,6.03417444229126
CohereForAI/aya-expanse-8b,What is the largest living species of lizard?,The largest living species of lizard is a reptile that is known for its intelligence and can be found in the wild in certain parts of the world. The lizard's habitat is being threatened by deforestation and hunting. What is the largest living species of lizard?,"Identify the irrelevant context in the prompt: ""The largest living species of lizard is a reptile that is known for its intelligence and can be found in the wild in certain parts of the world. The lizard's habitat is being threatened by deforestation and hunting. What is the largest living species of lizard?""",The lizard's intelligence. The lizard's habitat being threatened by deforestation and hunting.,Komodo dragon,"The largest living species of lizard is the Komodo dragon (Varanus komodoensis), native to the Indonesian islands of Komodo, Rinca, Flores, and Gili Motang. Here are some key facts about the Komodo dragon:

1. **Size**: Adult Komodo dragons can reach lengths of up to 3 meters (10 feet) and weigh up to 70 kilograms (154 pounds), with males being larger than females.

2. **Habitat**: They inhabit dry, rugged landscapes, including forests, savannas, and mountainous areas, and are semi-aquatic, spending a significant amount of time in the water.

3. **Diet**: Komodo dragons are carnivores and feed on a variety of prey, including deer, wild boar, and even smaller Komodo dragons. They have powerful jaws and sharp teeth adapted for hunting.

4. **Behavior**: They are primarily solitary animals, except during the breeding season. They are known for their aggressive defense of their territory and can run at speeds of up to 20 km/h (12.4 mph).

5. **Conservation Status**: Komodo dragons are listed as Vulnerable on the IUCN Red List of Threatened Species due to habitat loss, poaching, and the illegal pet trade. They are protected by law in Indonesia, and conservation efforts are in place to preserve their populations.

The Komodo dragon's size, strength, and unique habitat make it one of the most fascinating and impressive lizard species in the world.","The largest living species of lizard is the Komodo dragon (Varanus komodoensis). Native to a few Indonesian islands, including Komodo, Rinca, Flores, and Gili Motang, the Komodo dragon is renowned for its remarkable size, intelligence, and unique ecological role.

Here are some key points about the Komodo dragon:

1. **Size**: Adult Komodo dragons can grow up to 3 meters (10 feet) in length and weigh up to 70 kilograms (154 pounds), making them the largest living lizard species.

2. **Intelligence**: Despite their size, Komodo dragons exhibit surprising intelligence. They are known to use tools (such as branches) to catch prey and can learn from experience.

3. **Habitat**: Their natural habitat is limited to a few islands in Indonesia. Deforestation, hunting, and habitat destruction pose significant threats to their survival.

4. **Conservation**: Komodo dragons are listed as vulnerable by the IUCN Red List of Threatened Species. Conservation efforts are in place to protect their habitat and ensure their survival.

The Komodo dragon's unique characteristics and the threats it faces make it a critical species for conservation efforts worldwide.","The irrelevant context in the prompt is: **""The lizard's habitat is being threatened by deforestation and hunting.""**

While this information is related to the species, it is not necessary to answer the core question: **""What is the largest living species of lizard?""**

The prompt should focus solely on identifying the largest living lizard species without diverting attention to its habitat challenges.",0.59596384,0.5831679,0.6593913,16.166765928268433
CohereForAI/aya-expanse-8b,Who wrote the famous play 'Romeo and Juliet'?,The famous play 'Romeo and Juliet' was written by a playwright who is known for his works on love and tragedy. The playwright's other famous works include 'Hamlet' and 'Macbeth'. What is the playwright's name?,"Identify the irrelevant context in the prompt: ""The famous play 'Romeo and Juliet' was written by a playwright who is known for his works on love and tragedy. The playwright's other famous works include 'Hamlet' and 'Macbeth'. What is the playwright's name?""",The playwright's other famous works. The playwright's focus on love and tragedy.,William Shakespeare,"The famous play 'Romeo and Juliet' was written by William Shakespeare, one of the most renowned and influential playwrights in English literature. Shakespeare wrote the tragedy in the early 1600s, and it is considered one of his most popular and enduring works.

'Romeo and Juliet' tells the story of two young lovers, Romeo and Juliet, from feuding families in Verona. Their forbidden love leads to tragedy, and the play explores themes of fate, passion, conflict, and the power of love. It has been adapted numerous times for stage, screen, and television, solidifying its place as a cornerstone of Western literature.","The playwright you're referring to is William Shakespeare. He is renowned for his plays that explore themes of love, tragedy, and human emotion, with ""Romeo and Juliet,"" ""Hamlet,"" and ""Macbeth"" being among his most famous works. Shakespeare's plays have had an enduring impact on world literature and continue to be performed and studied globally.","The irrelevant context in the prompt is: **""The famous play 'Romeo and Juliet' was written by a playwright who is known for his works on love and tragedy.""**

While this sentence introduces the topic, it is essentially a premise or an opening statement rather than a question or a task that requires a specific answer. The core question is asking for the **playwright's name**, not for a summary or identification of his style.

The relevant information for answering the question is: **""The playwright's other famous works include 'Hamlet' and 'Macbeth'.""** This provides direct clues about the playwright in question.

Therefore, the irrelevant context should be removed or minimized to focus solely on identifying the playwright based on the given information.",0.5191906,0.6166744,0.6653048,9.127553462982178
CohereForAI/aya-expanse-8b,What is the smallest country in the world?,The smallest country in the world is a nation that is known for its rich history and is home to numerous famous landmarks. The country's capital is also its largest city. What is the smallest country in the world?,"Identify the irrelevant context in the prompt: ""The smallest country in the world is a nation that is known for its rich history and is home to numerous famous landmarks. The country's capital is also its largest city. What is the smallest country in the world?""",The country's rich history and famous landmarks. The country's capital being its largest city.,Vatican City,"The smallest country in the world by both land area and population is Vatican City. Here are some key facts:

1. **Land Area**: Vatican City covers an area of approximately 0.44 square kilometers (0.17 square miles), making it the smallest sovereign state in the world.

2. **Population**: As of 2023, Vatican City has a population of around 800 people, making it also the least populous country in the world.

3. **Location**: It is located within the city of Rome, Italy, and is an independent city-state.

Vatican City is the headquarters of the Roman Catholic Church and is ruled by the Pope. Its existence as a sovereign state is largely symbolic and administrative, reflecting its status as a center of global Catholicism.","The smallest country in the world by land area is Vatican City. Here are some key points about it:

1. **Size**: Vatican City covers an area of approximately 0.44 square kilometers (0.17 square miles), making it the smallest independent state in the world.

2. **Location**: It is located within the city of Rome, Italy, and is surrounded by Italian territory.

3. **History**: Vatican City is the headquarters of the Roman Catholic Church and is led by the Pope. It has a rich history dating back to ancient Rome and has been an independent state since 1929, as per the Lateran Treaty.

4. **Landmarks**: Despite its small size, Vatican City is home to numerous famous landmarks, including St. Peter's Basilica, the Sistine Chapel, and the Vatican Museums, which house some of the world's most renowned art and artifacts.

5. **Capital and Largest City**: Vatican City's capital is also its largest city, with a population of around 800 people, mostly clergy and employees of the Vatican.","The irrelevant context in the prompt is: ""a nation that is known for its rich history and is home to numerous famous landmarks."" While this information might be interesting, it is not necessary to answer the main question, ""What is the smallest country in the world?""

The correct answer to the prompt, based solely on the relevant question, is the Vatican City. It is the smallest country in the world by both land area and population.",0.56753933,0.61409116,0.52916014,12.482682466506958
CohereForAI/aya-expanse-8b,"In the story, a character named Emily discovers a hidden world within her reflection. What does Emily find in the mirror?","In the story, a character named Emily discovers a hidden world within her reflection. The mirror is an antique that has been passed down through generations of Emily's family. The mirror's frame is made of intricately carved wood. What does Emily find in the mirror?","Identify the irrelevant context in the prompt: ""In the story, a character named Emily discovers a hidden world within her reflection. The mirror is an antique that has been passed down through generations of Emily's family. The mirror's frame is made of intricately carved wood. What does Emily find in the mirror?""",The mirror being an antique and its history. The mirror's frame being made of intricately carved wood.,Emily finds a hidden world within her reflection,"In the story where Emily discovers a hidden world within her reflection, she finds several things, depending on the specific narrative. Here are some common elements that such a discovery might entail:

1. **Another Dimension or Realm**: Emily might find herself looking at a parallel universe, a magical realm, or an alternate version of reality that exists behind or within her reflection.

2. **Living Creatures**: She could encounter fantastical creatures, talking animals, or other sentient beings that inhabit this hidden world. These creatures might have their own societies, cultures, and even conflicts.

3. **Hidden Portals or Passages**: The mirror might serve as a gateway to other places, either within the character's own world or in different dimensions. These portals could be hidden or only accessible under specific conditions.

4. **Reflections of Herself**: Emily might see alternative versions of herself, representing different choices she could have made or different aspects of her personality. This could lead to introspective and emotional revelations.

5. **Magical Objects or Artifacts**: The hidden world might contain powerful objects, artifacts, or tools that have significant impact on Emily's life or the world around her.

6. **Mystical or Supernatural Phenomena**: She could encounter supernatural events, such as ghosts, visions, or mystical beings that communicate with her or guide her through this hidden realm.

7. **Challenges and Quests**: Emily might be drawn into adventures or quests within this hidden world, where she must overcome obstacles, solve puzzles, or fulfill certain tasks.

8. **Secrets and Hidden Knowledge**: The mirror could reveal secrets about the world, the character's past, or future events that change her understanding of reality.

The exact nature of what Emily finds in the mirror would depend on the story's genre, themes, and the author's creative choices.","In the story, Emily discovers a hidden world within her reflection when she looks into an antique mirror that has been passed down through generations of her family. The mirror's frame, intricately carved from wood, does not merely hold the reflection of her physical self but serves as a portal to another realm.

What Emily finds in the mirror is a parallel universe or a dimension that exists alongside her own. This hidden world is vibrant, perhaps even more beautiful and fantastical than her own. It might feature:

1. **Magical Creatures**: Emily might encounter creatures that do not exist in her regular world, adding a touch of fantasy and wonder to her experience.

2. **Unseen Landscapes**: The mirror could reveal vast landscapes, hidden cities, or mystical forests that are invisible to the naked eye in her regular life.

3. **Other Versions of Herself**: In some interpretations, Emily might see alternative versions of herself, exploring different paths she could have taken or even a future or past version of her life.

4. **Ancient Secrets**: The mirror could hold secrets and knowledge passed down through the generations of her family, revealing a hidden history or powerful artifacts.

5. **Interconnectedness**: The hidden world might showcase the interconnectedness of all things, revealing how actions and choices in one world can affect another.

6. **Challenges and Adventures**: Emily might face challenges and embark on adventures within this mirror world, growing and learning in the process.

The discovery of this hidden realm through the antique mirror transforms Emily's perspective on reality, inviting her to explore a world that has been hidden from view for generations.","The irrelevant context in the prompt is:

""The mirror's frame is made of intricately carved wood.""

While the description of the mirror's frame adds detail to the setting, it does not directly relate to what Emily finds within her reflection. The prompt is asking about the discovery itself, not the physical attributes of the mirror.

The relevant information for the question ""What does Emily find in the mirror?"" is:

- Emily discovers a hidden world within her reflection.
- The mirror has been passed down through generations of her family.",0.8072787,0.7929003,0.59072495,21.287123441696167
CohereForAI/aya-expanse-8b,What is the largest mammal on Earth?,The largest mammal on Earth is a creature that is known for its massive size and can be found in the world's oceans. The creature's diet consists mainly of tiny fish and plankton. What is the largest mammal on Earth?,"Identify the irrelevant context in the prompt: ""The largest mammal on Earth is a creature that is known for its massive size and can be found in the world's oceans. The creature's diet consists mainly of tiny fish and plankton. What is the largest mammal on Earth?""",The creature's diet consisting of tiny fish and plankton. The creature being found in the world's oceans.,Blue whale,"The largest mammal on Earth is the blue whale (Balaenoptera musculus). Here are some of its impressive dimensions:

1. **Length**: Blue whales can reach lengths of up to 100 feet (30 meters), with the largest recorded individual being 108 feet (33 meters).

2. **Weight**: They can weigh as much as 200 tons (181 metric tonnes). To put that in perspective, their tongues alone can weigh as much as an elephant, and their hearts, the size of a small car, can weigh up to 1,500 pounds (680 kilograms).

3. **Population**: Despite their size, blue whales were heavily hunted in the 20th century for their oil, meat, and bones. Their population was drastically reduced but has been slowly recovering since receiving international protection in the 1960s.

Blue whales are filter feeders, primarily consuming tiny shrimp-like animals called krill. They play a crucial role in the ocean ecosystem and are considered an indicator species for the health of our oceans.","The largest mammal on Earth is the blue whale (Balaenoptera musculus). Blue whales are indeed massive and can grow up to 100 feet (30 meters) in length and weigh as much as 200 tons (181 metric tonnes). They are found in all the world's oceans and feed primarily on tiny shrimp-like animals called krill, as well as small fish and plankton. Their massive size is an adaptation to their feeding strategy, allowing them to consume huge quantities of these small organisms.","The irrelevant context in the prompt is: ""The creature's diet consists mainly of tiny fish and plankton.""

While this statement is factually correct for some large marine mammals like whales (e.g., blue whales, which feed on tiny krill and plankton), it does not narrow down the answer to the question ""What is the largest mammal on Earth?"" The prompt should focus solely on identifying the creature based on its size, without mentioning its diet, to remain relevant to the question.

The correct answer, without the irrelevant context, would simply be: ""The largest mammal on Earth is the blue whale.""",0.60716236,0.6168941,0.55907315,11.993537664413452
CohereForAI/aya-expanse-8b,What is the chemical symbol for silver?,The chemical symbol for silver is a symbol that has been used for centuries and is often associated with wealth and luxury. The symbol is also used in jewelry and coins. What is the chemical symbol for silver?,"Identify the irrelevant context in the prompt: ""The chemical symbol for silver is a symbol that has been used for centuries and is often associated with wealth and luxury. The symbol is also used in jewelry and coins. What is the chemical symbol for silver?""",The symbol's association with wealth and luxury. The symbol's use in jewelry and coins.,Ag,"The chemical symbol for silver is Ag. This symbol is derived from the Latin word for silver, ""argentum."" Silver is a lustrous metal with a wide range of uses, including jewelry, coins, and various industrial applications. It is a transition metal with the atomic number 47 in the periodic table.","The chemical symbol for silver is **Ag**.

This symbol comes from the Latin word for silver, ""argentum."" It has been used for centuries in chemistry and is universally recognized as the standard symbol for the element. In addition to its use in chemistry, as you mentioned, silver (with its symbol Ag) is indeed associated with wealth and luxury, often featured in high-end jewelry and historical coins.","The irrelevant context in the prompt is: ""The chemical symbol for silver is a symbol that has been used for centuries and is often associated with wealth and luxury. The symbol is also used in jewelry and coins.""

While this information is related to the historical and practical uses of the silver symbol, the core question is simply asking for the chemical symbol itself. Therefore, the part that is irrelevant to answering the question is the detailed description of its historical and practical uses.

The correct answer to the prompt is: The chemical symbol for silver is ""Ag"".",0.4522087,0.37258428,0.5323448,6.7637927532196045
CohereForAI/aya-expanse-8b,Who wrote the famous novel 'Pride and Prejudice'?,The famous novel 'Pride and Prejudice' was written by an author who is known for her works on love and relationships. The author's other famous works include 'Sense and Sensibility' and 'Emma'. What is the author's name?,"Identify the irrelevant context in the prompt: ""The famous novel 'Pride and Prejudice' was written by an author who is known for her works on love and relationships. The author's other famous works include 'Sense and Sensibility' and 'Emma'. What is the author's name?""",The author's other famous works. The author's focus on love and relationships.,Jane Austen,"The famous novel *Pride and Prejudice* was written by Jane Austen. It was first published in 1813 and is considered one of the most celebrated works of English literature.

Austen wrote several novels, including *Sense and Sensibility*, *Emma*, *Mansfield Park*, and *Northanger Abbey*, all of which are known for their sharp wit, social commentary, and exploration of the romantic and moral values of her time. *Pride and Prejudice* is often her most well-known and beloved work, renowned for its engaging characters, witty dialogue, and insightful portrayal of 19th-century English society.","The author's name is Jane Austen.

Jane Austen is renowned for her novels set in early 19th-century England, which explore themes of love, marriage, and social class. 'Pride and Prejudice' (1813) is arguably her most famous work, telling the story of Elizabeth Bennet and Mr. Darcy's complex relationship.

As you mentioned, 'Sense and Sensibility' (1811) and 'Emma' (1815) are also well-known novels by Austen, both of which delve into the intricacies of romantic relationships and societal expectations. These works have contributed significantly to her reputation as one of the most important and influential writers in English literature.","The irrelevant context in the prompt is: **""The famous novel 'Pride and Prejudice' was written by an author who is known for her works on love and relationships.""**

While this statement is true and relevant to the topic of the author, it is not necessary to answer the main question: **""What is the author's name?""**

The prompt should directly address the request for the author's name, and the information about her works and themes can be provided afterward if needed, but it is not essential to include it in the initial question.

The correct answer to the prompt is: **Jane Austen**.",0.5723467,0.6556573,0.4206667,10.364442110061646
CohereForAI/aya-expanse-8b,What is the largest city in the world?,The largest city in the world is a metropolis that is known for its bustling streets and vibrant culture. The city's population is over 30 million people. What is the largest city in the world?,"Identify the irrelevant context in the prompt: ""The largest city in the world is a metropolis that is known for its bustling streets and vibrant culture. The city's population is over 30 million people. What is the largest city in the world?""",The city's population being over 30 million people. The city's bustling streets and vibrant culture.,Tokyo,"The definition of ""city"" can vary based on different criteria, such as population, land area, or urban influence. According to the most commonly accepted definitions and data, the largest city in the world by population is Tokyo, Japan. As of 2023, the Greater Tokyo Area is estimated to have a population of over 37 million people.

However, if we consider the metropolitan area (which includes surrounding urban areas) as the definition of a ""city,"" then the largest metropolitan area is the Greater Tokyo Area, also known as the Tokyo-Yokohama metropolitan area, with a population of approximately 40 million people.

It's important to note that population figures can change over time due to various factors, including migration and urban growth, so it's always a good idea to check the most recent data for the most accurate information.","The largest city in the world by population is Tokyo, Japan. As of 2023, the Greater Tokyo Area has a population of over 37 million people, making it the most populous metropolitan area globally.

Tokyo is renowned for its unique blend of traditional and modern culture, bustling business districts, vibrant nightlife, and rich history. It is a global center for finance, fashion, and technology, attracting visitors and residents from around the world.","The irrelevant context in the prompt is: **""The city's population is over 30 million people.""**

While this piece of information is true for many large cities, it is not necessary to answer the question ""What is the largest city in the world?"" directly. The prompt already implies that the answer is seeking the *largest* city, and the population figure doesn't change which city that is.

The core, relevant information needed to answer the question is simply: **""The largest city in the world is a metropolis that is known for its bustling streets and vibrant culture.""** This statement identifies the general characteristics of the largest city, leaving the specific population figure as an additional detail that is not essential to the answer.",0.41062534,0.5677936,0.63808036,10.807636737823486
CohereForAI/aya-expanse-8b,"In the story, a character named David discovers a hidden portal in his backyard. What does David find in the portal?","In the story, a character named David discovers a hidden portal in his backyard. The portal is surrounded by a garden filled with beautiful flowers and trees. The garden's fence is made of white picket wood. What does David find in the portal?","Identify the irrelevant context in the prompt: ""In the story, a character named David discovers a hidden portal in his backyard. The portal is surrounded by a garden filled with beautiful flowers and trees. The garden's fence is made of white picket wood. What does David find in the portal?""",The garden being filled with beautiful flowers and trees. The garden's fence being made of white picket wood.,David finds a hidden portal,"In the story where David discovers a hidden portal in his backyard, what he finds can vary greatly depending on the specific narrative. Here are a few possibilities:

1. **Another World or Dimension**: David might find himself transported to a parallel universe, a fantasy realm, or a futuristic world. He could encounter different landscapes, creatures, and civilizations.

2. **Ancient Civilizations**: The portal could lead to the ruins of an ancient civilization, where David discovers forgotten technologies, artifacts, and secrets.

3. **Mystical Beings**: David might encounter magical creatures, spirits, or other mystical beings that inhabit this hidden realm.

4. **Time Travel**: The portal could be a time machine, allowing David to travel to the past or the future. He could witness historical events, meet future versions of himself, or prevent/cause significant changes in history.

5. **A Lost City**: Perhaps the portal opens to a hidden city that has been lost to time, filled with treasures, knowledge, and mysteries.

6. **Other Dimensions of Existence**: David could find himself in a realm where physical laws differ from our own, leading to strange and wondrous experiences.

7. **A New Form of Life**: The portal might lead to a place where David encounters a new form of life, whether it's plant-like, animal-like, or something entirely unknown.

8. **A Gateway to the Unknown**: The portal could simply be a gateway to an unknown and unexplored part of the universe, filled with endless possibilities and challenges.

The specifics of what David finds in the portal can be tailored to fit the genre, themes, and overall arc of the story.","In the story, David discovers a hidden portal in his backyard that leads to a breathtaking realm. Surrounded by the serene beauty of a garden filled with vibrant flowers and lush trees, the portal itself is a striking sight, shrouded in mystery. The garden's fence, crafted from pristine white picket wood, adds to the enchanting atmosphere.

When David steps through the portal, he finds himself in a fantastical world unlike anything he has ever known. Here are some possibilities of what he might encounter:

1. **A Magical Forest**: David might find himself in a dense forest filled with talking animals, mystical creatures, and glowing plants. The trees could be ancient and wise, offering guidance and stories of the realm's history.

2. **A Celestial City**: Perhaps the portal leads to a floating city among the clouds, where buildings are made of crystal and stardust, and the inhabitants possess extraordinary powers.

3. **A Parallel Dimension**: David could end up in a parallel version of his own world, but with significant differences. Maybe this dimension has advanced technology, or perhaps it's a medieval kingdom filled with knights and dragons.

4. **A Lost Civilization**: The portal might open to the ruins of a long-forgotten civilization, holding secrets and artifacts that could change the course of history.

5. **A Realm of Fantasy**: This could be a classic fantasy world with wizards, elves, and dwarves, where David must embark on a quest to save the realm from an impending darkness.

6. **A Mirror Image of His Own Life**: In a more surreal twist, David might discover that the portal shows him an alternate version of his own life, where different choices have been made and the outcomes are vastly different.

Regardless of what David finds, the discovery of this hidden portal marks the beginning of an extraordinary adventure that will forever change his perspective on the world.","The irrelevant context in the prompt is: **""The garden's fence is made of white picket wood.""**

This detail does not directly relate to what David finds in the portal. The prompt is asking about the *content* of the portal, not the surrounding garden's fence.

The core information we need to consider is:

* David discovers a hidden portal in his backyard.
* The portal leads to something unknown. 

The description of the garden and fence is extraneous for answering the main question.",0.6848331,0.743577,0.53343695,21.73014521598816
CohereForAI/aya-expanse-8b,What is the smallest bone in the human body?,The smallest bone in the human body is a bone that is found in the ear and is responsible for hearing. The bone's shape is unique and allows it to vibrate when sound waves reach it. What is the smallest bone in the human body?,"Identify the irrelevant context in the prompt: ""The smallest bone in the human body is a bone that is found in the ear and is responsible for hearing. The bone's shape is unique and allows it to vibrate when sound waves reach it. What is the smallest bone in the human body?""",The bone's shape being unique and its ability to vibrate. The bone being found in the ear and responsible for hearing.,Stapes,"The smallest bone in the human body is the stapes bone, located in the middle ear. It is one of the three auditory ossicles, along with the malleus and incus, and plays a crucial role in the process of hearing by transmitting sound vibrations from the middle ear to the inner ear.

The stapes is remarkably small, typically measuring just about 2.5 to 3.3 millimeters in length. Despite its tiny size, it is an essential component of the human auditory system.","The smallest bone in the human body is the stapes bone, located in the middle ear. It is indeed responsible for hearing and plays a crucial role in the process of sound transmission from the outer ear to the inner ear.

The stapes is one of the three ossicles, or ear bones, along with the malleus (hammer) and incus (anvil). These bones form a chain that amplifies and transmits sound vibrations from the eardrum to the inner ear, where they are converted into neural signals that the brain interprets as sound.

Despite its small size, the stapes bone has a complex shape, resembling a stirrup or a small hook. This unique shape allows it to vibrate in response to sound waves, ensuring the efficient transmission of sound information. On average, the stapes bone measures about 2.5 to 3.3 millimeters in length, making it the tiniest bone in the human skeletal system.","The irrelevant context in the prompt is: ""The bone's shape is unique and allows it to vibrate when sound waves reach it."" While this sentence provides some relevant information about the function of the smallest bone in the human body, it is not necessary to answer the question ""What is the smallest bone in the human body?"" directly. The prompt already states that the bone is found in the ear and is responsible for hearing, which uniquely identifies it as the stapes (or stirrup bone).

So, the irrelevant context is: ""The bone's shape is unique and allows it to vibrate when sound waves reach it.""",0.49911588,0.50793076,0.6679435,11.066341638565063
CohereForAI/aya-expanse-8b,What is the chemical symbol for copper?,The chemical symbol for copper is a symbol that has been used for centuries and is often associated with electricity and conductivity. The symbol is also used in electrical wiring and circuits. What is the chemical symbol for copper?,"Identify the irrelevant context in the prompt: ""The chemical symbol for copper is a symbol that has been used for centuries and is often associated with electricity and conductivity. The symbol is also used in electrical wiring and circuits. What is the chemical symbol for copper?""",The symbol's association with electricity and conductivity. The symbol's use in electrical wiring and circuits.,Cu,"The chemical symbol for copper is Cu. This symbol comes from the Latin name for copper, ""cuprum."" Copper is a transition metal with the atomic number 29 in the periodic table.","The chemical symbol for copper is **Cu**.

This symbol is derived from the Latin name for copper, ""cuprum."" It is consistently used in chemistry and various scientific contexts to represent the element. As you mentioned, copper is renowned for its excellent electrical conductivity, making **Cu** a vital component in electrical wiring and circuits.","The irrelevant context in the prompt is: ""The symbol is also used in electrical wiring and circuits.""

While it's true that the chemical symbol for copper (Cu) is indeed used in electrical applications due to copper's excellent conductivity, the prompt asks specifically for the ""chemical symbol for copper."" The statement about its use in electrical wiring and circuits adds unnecessary detail and diverts attention from the main question.

The relevant part of the prompt should focus solely on the chemical or symbolic representation of copper, which is ""Cu.""",0.43555057,0.41453385,0.58982503,5.601860761642456
CohereForAI/aya-expanse-8b,Who wrote the famous play 'Hamlet'?,The famous play 'Hamlet' was written by a playwright who is known for his works on tragedy and revenge. The playwright's other famous works include 'Romeo and Juliet' and 'Macbeth'. What is the playwright's name?,"Identify the irrelevant context in the prompt: ""The famous play 'Hamlet' was written by a playwright who is known for his works on tragedy and revenge. The playwright's other famous works include 'Romeo and Juliet' and 'Macbeth'. What is the playwright's name?""",The playwright's other famous works. The playwright's focus on tragedy and revenge.,William Shakespeare,"The famous play 'Hamlet' was written by William Shakespeare, one of the most renowned and influential playwrights in English literature. Shakespeare is often considered the greatest writer in the English language and a central figure in the Elizabethan era of English drama.

'Hamlet' is believed to have been written between 1599 and 1601 and is set in Denmark, where Prince Hamlet seeks revenge for his father's murder. The play explores themes of mortality, madness, betrayal, and the complexity of human nature. It is widely regarded as one of Shakespeare's most profound and popular tragedies.","The playwright you're referring to is William Shakespeare. He is renowned for his contributions to literature, particularly his plays, which explore themes of tragedy, revenge, and human nature. In addition to *Hamlet*, *Romeo and Juliet*, and *Macbeth*, Shakespeare wrote many other celebrated plays such as *King Lear*, *Othello*, and *Julius Caesar*. His works have had an enduring impact on world literature and theatre.","The irrelevant context in the prompt is: **""The famous play 'Hamlet' was written by a playwright who is known for his works on tragedy and revenge.""**

While this sentence introduces relevant information about the play *Hamlet*, it is not necessary to answer the question ""What is the playwright's name?"". The prompt already provides a clue about the playwright's identity by mentioning three famous plays attributed to them: *Hamlet*, *Romeo and Juliet*, and *Macbeth*.

The question is asking for the *playwright's name*, and the subsequent sentences provide additional works by this playwright, but they are not essential to identifying who the playwright is.",0.5369165,0.5945456,0.63055545,8.957624435424805
CohereForAI/aya-expanse-8b,What is the largest state in the United States?,The largest state in the United States is a state that is known for its vast wilderness and natural beauty. The state's capital is Juneau and it is home to numerous national parks. What is the largest state in the United States?,"Identify the irrelevant context in the prompt: ""The largest state in the United States is a state that is known for its vast wilderness and natural beauty. The state's capital is Juneau and it is home to numerous national parks. What is the largest state in the United States?""",The state's capital being Juneau. The state being home to numerous national parks.,Alaska,"The largest state in the United States by total area is Alaska. It covers approximately 665,384 square miles (1,723,337 square kilometers), which is more than twice the size of Texas, the second-largest state. Alaska is known for its vast wilderness, diverse landscapes, and numerous islands along its extensive coastline.","The largest state in the United States by area is Alaska. Known for its stunning natural landscapes, diverse ecosystems, and pristine wilderness, Alaska boasts an area of approximately 663,300 square miles (1,717,854 square kilometers).

Juneau, the capital of Alaska, is indeed situated in a breathtaking setting, further emphasizing the state's natural beauty. Alaska is home to several national parks, including Denali National Park, Glacier Bay National Park, and Wrangell-St. Elias National Park, all of which showcase the state's remarkable wilderness.","The irrelevant context in the prompt is: **""The state's capital is Juneau and it is home to numerous national parks.""**

While this information provides details about the state, it does not directly answer the question ""What is the largest state in the United States?"" The question seeks a factual response about the size of a state, not its geographical features or capital city.

The rest of the prompt, describing the state as the largest with vast wilderness and natural beauty, sets the context for understanding which state is being referred to, but does not introduce any irrelevant or extraneous details for answering the core question.",0.5102632,0.5323712,0.6688422,8.335623741149902
CohereForAI/aya-expanse-8b,"In the story, a character named Olivia discovers a hidden diary in her attic. What does Olivia find in the diary?","In the story, a character named Olivia discovers a hidden diary in her attic. The diary belongs to her great-grandmother and is filled with stories of love and loss. The diary's cover is made of leather and has a lock on it. What does Olivia find in the diary?","Identify the irrelevant context in the prompt: ""In the story, a character named Olivia discovers a hidden diary in her attic. The diary belongs to her great-grandmother and is filled with stories of love and loss. The diary's cover is made of leather and has a lock on it. What does Olivia find in the diary?""",The diary belonging to Olivia's great-grandmother. The diary's cover being made of leather and having a lock on it.,Olivia finds stories of love and loss,"The content of Olivia's hidden diary can vary greatly depending on the context and genre of the story. Here are a few possibilities:

1. **Personal Secrets and Memories**: Olivia might find entries detailing the diary's previous owner's personal life, including happy memories, regrets, and secrets. This could offer insights into the owner's character and perhaps even help Olivia understand her own life or family history.

2. **Historical Events**: If the diary is from a time long past, Olivia could uncover entries describing significant historical events, personal accounts of wars, social movements, or daily life during that period.

3. **Romantic Relationships**: The diary might chronicle a love affair, detailing the passion, heartache, and complexities of a secret relationship. This could lead Olivia to question her own relationships or gain a new perspective on love.

4. **Mysterious Occurrences**: Perhaps the diary belongs to someone who experienced supernatural events, unsolved mysteries, or a series of strange coincidences. Olivia might find herself drawn into a mystery that she must solve.

5. **Family Drama**: The diary could reveal family secrets, betrayals, or long-buried conflicts. This might lead Olivia to reevaluate her relationships with her family members or uncover truths about her own past.

6. **Personal Growth and Self-Discovery**: The entries might document a person's journey of self-discovery, their struggles, triumphs, and lessons learned. Olivia could find inspiration or guidance in these words, perhaps even applying them to her own life.

7. **Travel Adventures**: If the diary's owner was an adventurous spirit, Olivia might find tales of exotic locations, cultural experiences, and exciting escapades.

8. **Artistic Expressions**: The diary could be a creative outlet for the owner, filled with poetry, artwork, or fictional stories that Olivia might find intriguing or even inspire her own creative endeavors.

9. **Spiritual or Philosophical Reflections**: The entries might explore deep philosophical or spiritual questions, offering Olivia a new perspective on life, death, and the human condition.

10. **Practical Knowledge**: The diary could contain useful information, such as recipes, gardening tips, or advice on various topics, that Olivia might find helpful in her own life.

Regardless of the specific contents, discovering the diary often serves as a catalyst for change or self-reflection in Olivia's character as she processes the information found within its pages.","In Olivia's discovery of her great-grandmother's hidden diary, she finds a treasure trove of personal narratives that span generations. Here's what she might uncover:

1. **Intimate Details of a Bygone Era**: The diary provides a glimpse into the life of her great-grandmother, offering insights into the social, cultural, and historical context of her time. It could detail daily routines, fashion trends, and the challenges and joys of living in a different era.

2. **Love Stories**: As the title suggests, the diary is filled with tales of love. Olivia's great-grandmother might have documented romantic relationships, including the highs and lows, secrets, and heartaches. It could include letters or notes exchanged with a beloved partner, revealing the depth of their connection.

3. **Personal Struggles and Loss**: Alongside the love stories, the diary may also chronicle periods of sorrow and loss. It might describe the passing of loved ones, including Olivia's great-grandmother's own parents or other family members. These entries could offer a raw and emotional perspective on grief and its impact on one's life.

4. **Family History and Traditions**: The diary could serve as a family history document, detailing important events, births, marriages, and deaths within Olivia's lineage. It might also shed light on family traditions, recipes, and rituals that have been passed down through the generations.

5. **Secrets and Hidden Truths**: Locked diaries often hold secrets, and this one might be no different. Olivia's great-grandmother could have written about events or feelings she chose to keep private. These secrets might be anything from a hidden romance to a family scandal, adding layers of intrigue to the story.

6. **Personal Growth and Reflections**: As a person grows older, their perspectives change. The diary may include entries that showcase her great-grandmother's personal growth, lessons learned, and reflections on life. It could offer words of wisdom or insights into the challenges of aging.

7. **Handwritten Letters and Memories**: Beyond the narrative, the diary might contain handwritten letters, poems, or memories that provide a more intimate understanding of her great-grandmother's character and relationships.

Olivia's discovery of this hidden diary not only offers a unique perspective on her family's history but also provides a connection to a loved one from the past, allowing her to understand her heritage and perhaps even find inspiration for her own life.","The irrelevant context in the prompt is:

""The diary's cover is made of leather and has a lock on it.""

While this describes the physical attributes of the diary, it does not directly relate to what Olivia finds *inside* the diary. The prompt already hints at the content: ""filled with stories of love and loss."" Therefore, the focus should be on the narratives, memories, and insights Olivia uncovers from her great-grandmother's diary, not the specific materials or security features of the cover.",0.54897225,0.60239685,0.74649346,28.58071732521057
CohereForAI/aya-expanse-8b,What is the chemical symbol for tin?,The chemical symbol for tin is a symbol that has been used for centuries and is often associated with soldering and electronics. The symbol is also used in packaging and plating. What is the chemical symbol for tin?,"Identify the irrelevant context in the prompt: ""The chemical symbol for tin is a symbol that has been used for centuries and is often associated with soldering and electronics. The symbol is also used in packaging and plating. What is the chemical symbol for tin?""",The symbol's association with soldering and electronics. The symbol's use in packaging and plating.,Sn,"The chemical symbol for tin is Sn. This symbol is derived from the Latin word for tin, ""stannum."" Tin is a post-transition metal with the atomic number 50, meaning it has 50 protons in its nucleus. It is a relatively stable metal with a bright, silver-white color and is known for its low melting point and high electrical resistance. Tin is used in various applications, including solders, alloys, and as a protective coating.","The chemical symbol for tin is **Sn**.

This symbol has been in use for a long time and is universally recognized in the scientific community. It comes from the Latin word for tin, ""stannum."" Tin is a post-transition metal with the atomic number 50, and its unique properties make it valuable in various industries, as you mentioned, including soldering, electronics, packaging, and plating.","The irrelevant context in the prompt is: ""The chemical symbol for tin is a symbol that has been used for centuries and is often associated with soldering and electronics.""

While this information is related to tin's uses and applications, the core question is simply asking for the chemical symbol of tin. The historical context and applications are not necessary to answer the direct question. The relevant answer is:

The chemical symbol for tin is **Sn**.",0.33223206,0.3026063,0.491543,7.080437660217285
CohereForAI/aya-expanse-8b,What is the largest river in the world?,The largest river in the world is a river that is known for its vast length and is home to numerous aquatic species. The river's source is in the mountains and it flows through several countries. What is the largest river in the world?,"Identify the irrelevant context in the prompt: ""The largest river in the world is a river that is known for its vast length and is home to numerous aquatic species. The river's source is in the mountains and it flows through several countries. What is the largest river in the world?""",The river's source being in the mountains. The river flowing through several countries.,Nile,"The largest river in the world by discharge volume of water is the Amazon River. Flowing through South America, the Amazon discharges an estimated average of 209,000 cubic meters (7,400,000 cu ft) of water per second into the Atlantic Ocean. It is also the longest river in the world, stretching approximately 6,400 kilometers (4,000 miles) from its remote headstreams in the Andes Mountains to its mouth in the Atlantic.

The Amazon River basin is home to an extraordinary diversity of plant and animal life, making it one of the most ecologically significant regions on the planet. The river itself plays a crucial role in regulating regional and global climate patterns.","The largest river in the world by length is the Nile River. It flows through eleven countries in Africa, with its source in the highlands of Burundi and its mouth in Egypt, where it empties into the Mediterranean Sea. The Nile is renowned for its historical significance, fertile floodplains, and the diverse array of aquatic life that inhabits its waters.

Some key facts about the Nile River:

- Length: Approximately 6,650 kilometers (4,130 miles)
- Source: Born in the Lake Victoria region, primarily from the Nyabarongo, Ntaruka, and Ruvyirirya rivers in Burundi.
- Countries it flows through: Burundi, Tanzania, Rwanda, the Democratic Republic of the Congo, Kenya, Uganda, South Sudan, Ethiopia, Sudan, and Egypt.
- Historical and cultural importance: The Nile has been crucial for civilization in Egypt and other regions, providing water for agriculture and supporting settlements along its banks for thousands of years.
- Aquatic life: The river supports a diverse range of fish species, including the famous Nile perch, as well as various reptiles, birds, and mammals.","The irrelevant context in the prompt is: **""The river's source is in the mountains and it flows through several countries.""**

While this information provides details about the river's geography, it does not directly answer the question ""What is the largest river in the world?"" The question is asking for the name of the river, not describing its source or path. Therefore, this part of the prompt is irrelevant to the main inquiry.

The relevant information should focus on the river's size (length, volume, etc.) and its status as the largest river in the world, without delving into its origin or route.",0.3077708,0.5983155,0.62535244,13.311118602752686
CohereForAI/aya-expanse-8b,"In the story, a character named Ethan discovers a hidden message in his favorite book. What does Ethan find in the message?","In the story, a character named Ethan discovers a hidden message in his favorite book. The book is a classic novel that has been passed down through generations of Ethan's family. The book's cover is made of leather and has a golden lock on it. What does Ethan find in the message?","Identify the irrelevant context in the prompt: ""In the story, a character named Ethan discovers a hidden message in his favorite book. The book is a classic novel that has been passed down through generations of Ethan's family. The book's cover is made of leather and has a golden lock on it. What does Ethan find in the message?""",The book being a classic novel and its history. The book's cover being made of leather and having a golden lock on it.,Ethan finds a hidden message,"The hidden message Ethan discovers in his favorite book could contain a variety of content, depending on the context and genre of the story. Here are a few possibilities:

1. **A Secret Code or Encryption**: Ethan might find a code or encrypted message that, when deciphered, reveals a hidden truth or a clue to a larger mystery. This could lead him on an adventure to uncover a secret society, a hidden treasure, or a forgotten history.

2. **A Personalized Note from the Author**: Perhaps the message is a direct note from the book's author, addressing Ethan specifically. It could be a word of encouragement, a clarification of themes, or even a prediction about Ethan's future based on his interpretation of the book.

3. **A Hidden Prophecy or Fortune**: The message could be a prophecy or fortune related to Ethan's life. It might foretell a significant event, a new path he's about to take, or a hidden talent he possesses.

4. **A Map or Directions**: Ethan could find a map or directions hidden within the book, leading him to a real-world location or a metaphorical ""place"" within his own mind or society.

5. **A Secret Society Initiation**: The message might be an invitation or initiation into a secret society, club, or order that the book's characters are part of. Ethan could be pulled into a world he never knew existed.

6. **A Call to Action**: The message could urge Ethan to take action in his own life, such as standing up for a cause, following his dreams, or making amends for past mistakes.

7. **A Historical Fact or Clue**: If the book is historical fiction, the message might reveal a hidden historical fact or clue that changes Ethan's (and the reader's) understanding of the past.

8. **A Philosophical Insight**: The message could be a profound philosophical thought or question that challenges Ethan's (and the reader's) beliefs and encourages deeper reflection.

The specific content of the hidden message would greatly depend on the story's plot, themes, and the author's intent.","In the story, Ethan discovers a hidden message in his beloved family heirloom, a classic novel bound in leather with a golden lock. The message, cleverly concealed within the book, reveals a profound secret that has been guarded by generations of Ethan's ancestors.

Upon carefully unlocking the golden lock, Ethan finds a scroll of parchment tucked inside the book's spine. The scroll is written in an elegant, ancient script, and it contains a narrative that has been kept secret for centuries. Here's what Ethan uncovers:

- **A Family Legacy**: The message recounts the extraordinary journey of Ethan's ancestors, detailing their bravery, wisdom, and contributions to history. It highlights the family's role in significant events, their struggles, and triumphs, all while emphasizing the importance of knowledge and preservation.

- **A Hidden Treasure**: The story hints at a hidden treasure left behind by a distant ancestor, carefully mapped out in the book. This treasure is not material wealth but a collection of ancient texts, artifacts, and knowledge that holds immense historical and cultural value.

- **A Warning and a Call to Action**: Amidst the narrative, Ethan stumbles upon a warning about a looming threat to the family's legacy and the world's history. The message encourages him to protect and share the knowledge within the book, emphasizing its role in shaping the future.

- **A Personal Destiny**: Ethan realizes that this hidden message is not just a historical account but a guide for his own life. It suggests that he is destined to continue the family's legacy, protect the secrets within the book, and perhaps even embark on his own quest to preserve ancient knowledge.

- **A Sense of Belonging**: Discovering this message deepens Ethan's connection to his family's history and heritage. It makes him feel like a part of a grand tradition, carrying the torch of knowledge passed down through the generations.

As Ethan reads through the hidden message, he is filled with a sense of wonder, responsibility, and excitement, knowing that he holds a piece of history in his hands.","The irrelevant context in the prompt is:

""The book's cover is made of leather and has a golden lock on it.""

While this describes the physical appearance of the book, it does not directly relate to the content of the hidden message Ethan discovers. The prompt should focus on what the message says or reveals, not on the book's external features.

A more relevant context could be:

""In the story, a character named Ethan discovers a hidden message in his favorite book, which turns out to be a cryptic note left by a long-lost ancestor.""",0.7420379,0.6185632,0.5258839,25.20085883140564
CohereForAI/aya-expanse-8b,What is the chemical symbol for lead?,The chemical symbol for lead is a symbol that has been used for centuries and is often associated with batteries and radiation. The symbol is also used in plumbing and construction. What is the chemical symbol for lead?,"Identify the irrelevant context in the prompt: ""The chemical symbol for lead is a symbol that has been used for centuries and is often associated with batteries and radiation. The symbol is also used in plumbing and construction. What is the chemical symbol for lead?""",The symbol's association with batteries and radiation. The symbol's use in plumbing and construction.,Pb,"The chemical symbol for lead is Pb. This symbol is derived from the Latin name for lead, ""plumbum."" Lead is a heavy, toxic metal with the atomic number 82 on the periodic table.","The chemical symbol for lead is **Pb**.

This symbol has been in use for centuries and is derived from the Latin word for lead, ""plumbum."" It is consistently used in the scientific community to represent the element lead in various contexts, including chemistry, physics, and engineering, as you mentioned (batteries, radiation, plumbing, and construction).","The irrelevant context in the prompt is: ""The symbol is also used in plumbing and construction.""

The main question is asking for the chemical symbol for lead, which is already given in the first sentence: ""The chemical symbol for lead is..."" The additional information about plumbing and construction is not relevant to identifying the chemical symbol.",0.42595148,0.27375188,0.5683222,4.740694284439087
CohereForAI/aya-expanse-8b,What is the largest desert in the world?,The largest desert in the world is a desert that is known for its extreme heat and is home to numerous unique species. The desert's sand dunes are massive and can reach heights of over 100 feet. What is the largest desert in the world?,"Identify the irrelevant context in the prompt: ""The largest desert in the world is a desert that is known for its extreme heat and is home to numerous unique species. The desert's sand dunes are massive and can reach heights of over 100 feet. What is the largest desert in the world?""",The desert's extreme heat and unique species. The desert's sand dunes being massive and reaching heights of over 100 feet.,Antarctic,"The largest desert in the world is the Antarctic Polar Desert, also known as the Antarctic Ice Sheet or the Antarctic Desert. It is located on the continent of Antarctica, surrounding the South Pole.

Here are some key facts about the Antarctic Polar Desert:

- Size: The Antarctic Polar Desert covers an astonishing 14.2 million square kilometers (5.5 million square miles), making it the largest desert by land area on Earth. It is roughly 1.3 times the size of Europe.

- Climate: This desert is characterized by an extremely cold and dry climate. Temperatures can drop to -80°C (-112°F) in the interior during winter, making it one of the coldest places on the planet. The average annual temperature is well below freezing.

- Snow and Ice: Instead of sand, the Antarctic Desert is covered by a thick layer of snow and ice. The Antarctic Ice Sheet is the largest single mass of ice on Earth, containing about 90% of the world's fresh water.

- Arid Conditions: Despite its freezing temperatures, the Antarctic Desert is considered a desert because it receives very little precipitation. The lack of rain or snow means that the surface remains dry and desolate.

- Unique Ecosystem: Despite the harsh conditions, Antarctica supports a unique ecosystem adapted to the extreme cold. This includes various types of algae, bacteria, fungi, plants, and animals, many of which exist in the form of extremophiles.

The Antarctic Polar Desert is a remarkable and extreme environment, offering valuable insights into Earth's climate history and future climate change scenarios.","The largest desert in the world is the Antarctic Polar Desert, also known as Antarctica. While deserts are typically defined by aridity and lack of vegetation, Antarctica meets the criteria due to its extreme cold and dry conditions. Here are some key points:

1. **Size**: Antarctica covers approximately 5.5 million square miles (14.3 million square kilometers), making it the largest desert by land area.

2. **Climate**: It's the coldest continent on Earth, with an average temperature below -58°F (-50°C). The dry air and strong winds create conditions similar to those found in other deserts.

3. **Sand Dunes**: While not as common as in warm deserts, Antarctica does have sand dunes, formed by wind erosion. Some of these dunes can reach heights of over 100 feet (30 meters).

4. **Unique Species**: Despite the harsh conditions, Antarctica is home to unique species adapted to the extreme cold, such as penguins, seals, and various microscopic organisms.

Antarctica's extreme cold and dry conditions set it apart from other deserts and make it the largest in the world based on the traditional definition of a desert.","The irrelevant context in the prompt is: **""The desert's sand dunes are massive and can reach heights of over 100 feet.""**

While this sentence provides detail about the desert's geography, it does not directly answer the question ""What is the largest desert in the world?"" The question seeks to identify the desert, not describe its specific features.

The relevant information should focus on the name and location of the desert that meets the criteria of being the largest in the world, without delving into specific dune heights.",0.47675183,0.45321876,0.6641306,17.791401863098145
CohereForAI/aya-expanse-8b,"In the story, a character named Ava discovers a hidden garden in her neighborhood. What does Ava find in the garden?","In the story, a character named Ava discovers a hidden garden in her neighborhood. The garden is filled with beautiful flowers and trees and is home to numerous birds and bees. The garden's fence is made of wooden pickets and has a small gate. What does Ava find in the garden?","Identify the irrelevant context in the prompt: ""In the story, a character named Ava discovers a hidden garden in her neighborhood. The garden is filled with beautiful flowers and trees and is home to numerous birds and bees. The garden's fence is made of wooden pickets and has a small gate. What does Ava find in the garden?""",The garden being filled with beautiful flowers and trees. The garden's fence being made of wooden pickets and having a small gate.,Ava finds a hidden garden,"In the story where Ava discovers a hidden garden, she might find a variety of things, depending on the specific narrative. However, here are some common elements that could be included:

1. **Breathtaking Beauty**: The garden is likely a visual delight, filled with vibrant flowers, lush greenery, and colorful plants that Ava has never seen before. It could be a stark contrast to the surrounding area, making it a hidden oasis.

2. **Unique Plants and Trees**: Ava might discover rare or exotic plants and trees that are not commonly found in her neighborhood. These could include rare blooms, ancient trees, or even unusual vegetables and herbs.

3. **A Peaceful Atmosphere**: The garden is usually serene and tranquil, providing a peaceful escape from the hustle and bustle of everyday life. It might have a small pond with koi fish, a waterfall, or a peaceful seating area.

4. **Wildlife**: Depending on the location and maintenance of the garden, Ava could encounter various forms of wildlife, such as butterflies, hummingbirds, squirrels, or even smaller animals like frogs or toads.

5. **Secret Nook or Shelter**: There might be a hidden bench, a small cabin, or a cozy corner where Ava can sit and reflect. This could be a place where she feels particularly connected to nature and herself.

6. **Historical Significance**: The garden could have a history that Ava uncovers as she explores. Perhaps it was once tended by a beloved neighbor, or it holds a magical or mysterious past that becomes part of the story.

7. **Surprise Gifts**: Ava might find hidden treasures like old books, unique art pieces, or even a small collection of items that tell a story of their own.

8. **A Sense of Belonging**: As Ava spends time in the garden, she might feel a sense of belonging and connection to something greater than herself, whether it's the natural world or a community of people who once cared for the garden.

9. **Challenges and Puzzles**: The garden could present challenges or puzzles that Ava must solve, adding an element of adventure and discovery to her experience.

10. **Inspiration**: The beauty and serenity of the garden might inspire Ava in unexpected ways, perhaps sparking a new hobby, a creative project, or a deeper appreciation for nature.","In the hidden garden, Ava discovers a vibrant ecosystem teeming with life. Here's what she finds:

1. **Beautiful Flowers and Trees**: The garden is a riot of colors, with various types of flowers blooming and tall, majestic trees providing shade. The scent of the flowers fills the air, creating a fragrant and peaceful atmosphere.

2. **Birds**: The garden is a haven for birds, with many species flitting from tree to tree, singing and chirping merrily. Ava might spot colorful parrots, hummingbirds, or even a family of sparrows.

3. **Bees**: Pollinators like bees are also abundant in the garden. They buzz around the flowers, collecting nectar and pollen, contributing to the garden's health and the local ecosystem.

4. **A Small Gate**: The entrance to the garden is marked by a charming wooden gate made of pickets. It's small enough that Ava can easily open it and step inside, inviting her to explore further.

5. **Pathways and Nooks**: There might be winding pathways lined with stones or pebbles, leading to hidden nooks and corners filled with unique plants or interesting rocks.

6. **A Peaceful Atmosphere**: The garden offers a serene and tranquil environment, away from the hustle and bustle of everyday life. It's a place where Ava can relax, reflect, and connect with nature.

7. **Unique Features**: Depending on the story, the garden might have other intriguing features like a small pond with fish, a tree house, or a bench where Ava can sit and enjoy the view.

Overall, Ava finds a magical and enchanting place that enriches her life and offers a sense of wonder and discovery.","The irrelevant context in the prompt is:

""The garden's fence is made of wooden pickets and has a small gate.""

While this description provides some setting details, it does not directly relate to what Ava finds in the garden. The focus of the prompt should be on the discoveries and observations Ava makes within the garden itself, such as the flowers, trees, birds, and bees mentioned earlier in the sentence. The fence description is merely a backdrop and does not contribute to the main question of Ava's findings.",0.78352225,0.72717535,0.6088854,24.27382254600525
CohereForAI/aya-expanse-8b,What is the chemical symbol for mercury?,The chemical symbol for mercury is a symbol that has been used for centuries and is often associated with thermometers and fluorescent lighting. The symbol is also used in dental fillings and batteries. What is the chemical symbol for mercury?,"Identify the irrelevant context in the prompt: ""The chemical symbol for mercury is a symbol that has been used for centuries and is often associated with thermometers and fluorescent lighting. The symbol is also used in dental fillings and batteries. What is the chemical symbol for mercury?""",The symbol's association with thermometers and fluorescent lighting. The symbol's use in dental fillings and batteries.,Hg,"The chemical symbol for mercury is Hg. This symbol comes from the Latin name for mercury, ""hydrargyrum."" Mercury is a heavy, silvery d-block element with the atomic number 80. It is a liquid at room temperature, making it one of the few elements that exist in liquid form under typical conditions on Earth.","The chemical symbol for mercury is **Hg**.

This symbol has its roots in the Latin word for mercury, ""mercurius."" It is used to represent the element in the periodic table due to its historical significance in various applications, as you mentioned, including thermometers and fluorescent lighting.

Here are a few additional uses of the symbol Hg:
- **Thermometers:** Mercury was once commonly used in thermometers because of its high thermal conductivity and coefficient of expansion.
- **Fluorescent Lighting:** Mercury is used in certain types of fluorescent lamps, where it facilitates the excitation of electrons in the gas discharge.
- **Dental Fillings:** Mercury has been used in dental amalgams, but its use has declined due to environmental and health concerns.
- **Batteries:** Some types of batteries, such as mercury-based batteries, use Hg for its unique electrical properties.

Despite its versatility, the use of mercury is regulated due to its toxicity and environmental impact.","The irrelevant context in the prompt is: ""The symbol is also used in dental fillings and batteries.""

While these are real-world applications of mercury, the question specifically asks for ""the chemical symbol for mercury."" The chemical symbol itself is not affected by its uses in dental fillings or batteries. The relevant information should focus on the scientific and standardized symbol used to represent the element mercury (Hg) on the periodic table, which is ""Hg.""",0.37168556,0.21598426,0.5594461,9.407854080200195
CohereForAI/aya-expanse-8b,What is the largest mountain in the world?,The largest mountain in the world is a mountain that is known for its extreme height and is home to numerous unique species. The mountain's peak is covered in snow and ice and is a popular destination for climbers. What is the largest mountain in the world?,"Identify the irrelevant context in the prompt: ""The largest mountain in the world is a mountain that is known for its extreme height and is home to numerous unique species. The mountain's peak is covered in snow and ice and is a popular destination for climbers. What is the largest mountain in the world?""",The mountain's peak being covered in snow and ice. The mountain being a popular destination for climbers.,Mauna Kea,"The largest mountain in the world, measured from base to peak, is Mount Everest. It stands at approximately 8,848.86 meters (29,031.7 feet) above sea level. Mount Everest is located in the Himalayas on the border between Nepal and Tibet, an autonomous region of China.

It is considered one of the most challenging and dangerous peaks to climb due to its extreme altitude, harsh weather conditions, and technical climbing difficulties. The first successful ascent of Mount Everest was made by Sir Edmund Hillary and Tenzing Norgay in 1953. Since then, thousands of climbers have attempted to reach the summit, with a growing number reaching the top each year.","The largest mountain in the world, based on both height and geographical extent, is Mount Everest. Here are some key facts about it:

1. **Height**: Mount Everest stands at approximately 8,848.86 meters (29,031.7 feet) above sea level, according to a 2020 revision by China and Nepal.

2. **Location**: It is located in the Himalayas on the border between Nepal and Tibet (China).

3. **Peak Conditions**: The peak is covered in snow and ice year-round, making it a challenging and dangerous climb.

4. **Unique Species**: Despite the harsh conditions, Mount Everest is home to a variety of unique species, including certain types of plants, birds, and animals that have adapted to high-altitude environments.

5. **Climbing**: It is a popular destination for experienced climbers, though climbing Mount Everest is extremely dangerous due to the altitude, weather conditions, and technical challenges.

These factors make Mount Everest the undisputed largest mountain in the world.","The irrelevant context in the prompt is: **""is home to numerous unique species.""**

While this fact is interesting and relevant to the ecological significance of the mountain, it does not directly answer the question: *What is the largest mountain in the world?* The prompt should focus solely on providing the name and height of the largest mountain without delving into its biological diversity.

A more concise and relevant prompt would be:

""What is the name and height of the largest mountain in the world?""",0.059989993,0.049505435,0.40072793,12.188410758972168
CohereForAI/aya-expanse-8b,"In the story, a character named Liam discovers a hidden cave behind a waterfall. What does Liam find in the cave?","In the story, a character named Liam discovers a hidden cave behind a waterfall. The cave is filled with beautiful crystals and rocks and is home to numerous unique species. The cave's entrance is hidden behind a curtain of vines and moss. What does Liam find in the cave?","Identify the irrelevant context in the prompt: ""In the story, a character named Liam discovers a hidden cave behind a waterfall. The cave is filled with beautiful crystals and rocks and is home to numerous unique species. The cave's entrance is hidden behind a curtain of vines and moss. What does Liam find in the cave?""",The cave being filled with beautiful crystals and rocks. The cave's entrance being hidden behind a curtain of vines and moss.,Liam finds a hidden cave,"In the story, Liam's discovery behind the waterfall could reveal a variety of things, depending on the narrative and the genre of the story. Here are some possibilities:

1. **Ancient Artifacts or Treasure**: The cave might contain valuable items like gold, jewels, or ancient relics that could suggest a forgotten civilization or a hidden treasure.

2. **Mystical or Magical Objects**: In a fantasy setting, the cave could house magical artifacts, crystals that hold mystical powers, or even a portal to another realm.

3. **Secret Passage or Hidden Chamber**: The cave might lead to a secret passage or chamber within a larger structure, revealing hidden rooms filled with documents, artifacts, or even prisoners.

4. **Natural Wonders**: The cave could be filled with stunning natural formations like stalactites, stalagmites, or bioluminescent plants, making it a breathtaking discovery.

5. **Evidence of Past Inhabitation**: The cave might contain evidence of past human or animal inhabitants, such as cave paintings, tools, or remains, offering insights into a bygone era.

6. **A New Habitat or Ecosystem**: If the story involves exploration or science fiction, the cave could house a unique ecosystem or a previously unknown species, providing a rich new environment for study or potential conflict.

7. **A Safe Haven or Sanctuary**: The cave might serve as a refuge for a specific species or even a group of people, offering protection from external threats.

8. **A Trap or Danger**: Conversely, the cave could be filled with traps, dangerous creatures, or other hazards, testing Liam's courage and resourcefulness.

9. **A Spiritual or Philosophical Discovery**: In a more introspective story, the cave might contain a spiritual or philosophical revelation, guiding Liam on a personal journey of discovery.

10. **A Clue to a Larger Mystery**: The cave could hold a clue or artifact that helps Liam unravel a larger mystery or solve a long-standing enigma.

The specific find in the cave would depend on the overall narrative and the themes the author wants to explore.","In the cave, Liam discovers a breathtaking array of natural wonders:

1. **Crystals and Rocks**: The cave is adorned with an incredible variety and beauty of crystals and rocks. These might include rare and exotic gems, sparkling quartz formations, and unique geological features that have been shaped over millions of years.

2. **Unique Species**: The cave is home to numerous species that are not found anywhere else. These could include rare plants, exotic insects, unique bats, or even undiscovered species of fish in underground rivers. The ecosystem within the cave is likely highly specialized and delicate.

3. **Waterfalls and Rivers**: There might be small waterfalls and underground rivers that flow through the cave, adding to its dramatic and serene beauty. The water could be crystal clear, reflecting the lights from the crystals and rocks.

4. **Ancient Artifacts (optional)**: Depending on the story's context, the cave could also contain ancient artifacts left behind by previous civilizations. These might offer clues to the history of the area or hint at forgotten cultures.

5. **Peace and Tranquility**: The cave provides a serene and isolated environment, away from the hustle and bustle of the outside world. It offers a sense of peace and tranquility, making it a special place for reflection and discovery.

6. **Mystical Energy (fictional element)**: In a fantastical twist, the cave could be said to emit a mystical energy or have supernatural properties that affect Liam or the environment in mysterious ways.

The cave serves as a place of wonder and mystery, where Liam can explore and appreciate the beauty and complexity of nature.","The irrelevant context in the prompt is:

""The cave's entrance is hidden behind a curtain of vines and moss.""

While this sentence provides detail about the cave's entrance, it does not directly relate to what Liam finds inside the cave. The main focus of the prompt is on the discoveries Liam makes within the cave, not on the specific method used to find its entrance. Therefore, this sentence is irrelevant to the main question: ""What does Liam find in the cave?""",0.6507011,0.606838,0.591251,22.274977684020996
CohereForAI/aya-expanse-8b,What is the chemical symbol for carbon?,The chemical symbol for carbon is a symbol that has been used for centuries and is often associated with diamonds and graphite. The symbol is also used in chemistry and physics. What is the chemical symbol for carbon?,"Identify the irrelevant context in the prompt: ""The chemical symbol for carbon is a symbol that has been used for centuries and is often associated with diamonds and graphite. The symbol is also used in chemistry and physics. What is the chemical symbol for carbon?""",The symbol's association with diamonds and graphite. The symbol's use in chemistry and physics.,C,The chemical symbol for carbon is C. This symbol is used universally in chemistry to represent the element carbon.,"The chemical symbol for carbon is **C**.

This symbol has been in use for centuries and is universally recognized in chemistry and physics. It represents the element carbon, which is fundamental to life and is found in all organic compounds. The 'C' comes from the Latin word for carbon, ""carbo.""","The irrelevant context in the prompt is: ""The chemical symbol for carbon is a symbol that has been used for centuries and is often associated with diamonds and graphite.""

While this information is related to the chemical symbol for carbon, it is not necessary to answer the direct question, ""What is the chemical symbol for carbon?"" The prompt is asking for a factual answer about the chemical symbol itself, not its historical usage or associations.

The correct answer to the prompt is: The chemical symbol for carbon is ""C.""",0.32203183,0.32049757,0.53574085,4.991301774978638
CohereForAI/aya-expanse-8b,What is the largest island in the world?,The largest island in the world is an island that is known for its unique wildlife and is home to numerous unique species. The island's capital is Nuuk and it is a popular destination for tourists. What is the largest island in the world?,"Identify the irrelevant context in the prompt: ""The largest island in the world is an island that is known for its unique wildlife and is home to numerous unique species. The island's capital is Nuuk and it is a popular destination for tourists. What is the largest island in the world?""",The island's capital being Nuuk. The island being a popular destination for tourists.,Greenland,"The largest island in the world is Greenland. It is an autonomous territory belonging to the Kingdom of Denmark, located in the northern Atlantic Ocean. Greenland is vast in size, covering approximately 2,166,086 square kilometers (836,330 square miles), making it more than twice the size of Texas.

Greenland is characterized by its rugged terrain, with a vast ice sheet, mountains, fjords, and glaciers. About 80% of its surface is covered by ice, including the iconic Greenland Ice Sheet, which plays a significant role in global climate patterns. The island has a small human population, with the majority residing in coastal towns and villages.

Its size and unique geographical features make Greenland a remarkable and captivating place, attracting researchers, adventurers, and those interested in its rich indigenous culture.","The largest island in the world is Greenland. It is an autonomous territory of Denmark and is renowned for its breathtaking landscapes, vast ice sheets, and diverse wildlife. Greenland is indeed known for its unique ecosystem and is home to many endemic species, such as the polar bear, Arctic fox, and various bird species.

Nuuk, the capital city, is a cultural and administrative center, attracting visitors interested in exploring the island's natural wonders, including glaciers, fjords, and the Northern Lights. Greenland's vast size, covering over 836,000 square kilometers (322,000 square miles), makes it the largest island in the world by area.","The irrelevant context in the prompt is: **""The island's capital is Nuuk and it is a popular destination for tourists.""**

While this information might be interesting, it doesn't directly answer the question ""What is the largest island in the world?"" and is not essential to identifying the answer. The primary focus of the prompt should be on providing the name of the largest island, not its capital city or tourist appeal.",0.5850485,0.60436344,0.74249333,10.495847225189209
CohereForAI/aya-expanse-8b,"In the story, a character named Sophia discovers a hidden journal in her attic. What does Sophia find in the journal?","In the story, a character named Sophia discovers a hidden journal in her attic. The journal belongs to her great-aunt and is filled with stories of love and loss. The journal's cover is made of leather and has a small lock on it. What does Sophia find in the journal?","Identify the irrelevant context in the prompt: ""In the story, a character named Sophia discovers a hidden journal in her attic. The journal belongs to her great-aunt and is filled with stories of love and loss. The journal's cover is made of leather and has a small lock on it. What does Sophia find in the journal?""",The journal belonging to Sophia's great-aunt. The journal's cover being made of leather and having a small lock on it.,Sophia finds stories of love and loss,"In the story, Sophia discovers a hidden journal in her attic, and what she finds within can vary greatly depending on the narrative's direction and tone. Here are some possibilities:

1. **Personal History and Family Secrets**: The journal might belong to a previous owner of the house, detailing their life, struggles, and secrets. Sophia could learn about the house's history, her family's past, or even uncover long-buried family secrets that have been hidden for generations.

2. **Love Letters**: If the journal is from a romantic era, it could contain love letters between two people who once lived in the house. Sophia might find a poignant tale of love, loss, or unrequited desire.

3. **Adventures and Explorations**: Perhaps the journal belongs to an explorer or adventurer who documented their travels. Sophia could read about daring escapades, exotic locations, and hidden treasures.

4. **Personal Growth and Self-Discovery**: The journal could be a record of someone's personal journey, detailing their struggles, triumphs, and insights. Sophia might gain a deeper understanding of human nature or find inspiration for her own life.

5. **Mysterious Events**: If the story has a supernatural or mystery element, the journal might document strange occurrences, paranormal experiences, or unsolved mysteries that happened in the house.

6. **Artistic Expressions**: The journal could be a sketchbook or a collection of poems and stories written by the previous owner, offering a glimpse into their creative mind.

7. **Political or Historical Insights**: If the journal is from a time of political or social upheaval, it could contain entries that offer unique perspectives on events that shaped history.

8. **Spiritual Reflections**: The journal might be a record of spiritual practices, meditations, or profound insights, providing Sophia with a different way of looking at life.

9. **Practical Knowledge**: It could include useful information, like recipes, gardening tips, or instructions for repairing things around the house.

10. **Fantasy or Fiction**: In a more fantastical story, the journal might detail magical adventures, mythical creatures, or alternate realities.

The content of the journal can serve as a catalyst for Sophia's personal growth, a source of intrigue that drives the plot, or a way to explore themes of identity, history, and connection.","In Sophia's discovery of her great-aunt's hidden journal, she finds a treasure trove of personal narratives interwoven with love and sorrow. Here's what she uncovers:

1. **Memories and Life Stories**: The journal contains detailed accounts of her great-aunt's life, including childhood memories, young adulthood, and significant life events. These stories offer a glimpse into a bygone era and the challenges and joys of a woman living in a different time.

2. **Love Letters**: One of the most poignant aspects of the journal is a collection of love letters exchanged between Sophia's great-aunt and her beloved. These letters express deep affection, unspoken desires, and the heartache of separation. They paint a vivid picture of a romantic relationship that, despite its intensity, was never meant to be.

3. **Personal Reflections**: The journal also includes introspective writings where her great-aunt reflects on life choices, regrets, and lessons learned. She grapples with the impact of loss and the enduring power of love, offering Sophia a unique perspective on resilience and emotional healing.

4. **Family History**: Through the journal, Sophia learns about her family's history, including the names and stories of other relatives. She discovers connections and common threads that bind her family together across generations.

5. **Artistic Expressions**: There might be sketches, poems, or artwork in the journal, showcasing her great-aunt's creative side. These artistic expressions add another layer to her understanding of her relative's personality and emotions.

6. **Secrets and Hidden Truths**: As Sophia delves deeper, she might uncover secrets and hidden truths about her family, including unspoken dynamics, unresolved conflicts, or long-forgotten events that shape their lives.

7. **A Legacy of Strength**: Ultimately, the journal becomes a testament to her great-aunt's resilience and the enduring power of love. Sophia learns that despite life's hardships, love can leave a lasting imprint and inspire future generations.

Sophia's discovery not only provides her with a deeper understanding of her family's history but also offers a profound exploration of love, loss, and the human experience.","The irrelevant context in the prompt is: *""The journal's cover is made of leather and has a small lock on it.""*

This detail, while providing some physical description, does not directly influence what Sophia *finds* within the journal. The prompt already implies that the journal contains stories of love and loss, written by her great-aunt. The lock serves more as a plot device to introduce intrigue or a potential challenge in accessing the content, but it doesn't dictate the nature of the discoveries Sophia makes.

The core of the prompt focuses on Sophia's exploration of the journal's contents, not the specific materials or security features of the cover. Therefore, the sentence about the leather cover and lock is somewhat extraneous to the main question: *What does Sophia find in the journal?*",0.63488156,0.7208535,0.75216264,28.531726598739624
CohereForAI/aya-expanse-8b,What is the chemical symbol for oxygen?,The chemical symbol for oxygen is a symbol that has been used for centuries and is often associated with breathing and respiration. The symbol is also used in chemistry and biology. What is the chemical symbol for oxygen?,"Identify the irrelevant context in the prompt: ""The chemical symbol for oxygen is a symbol that has been used for centuries and is often associated with breathing and respiration. The symbol is also used in chemistry and biology. What is the chemical symbol for oxygen?""",The symbol's association with breathing and respiration. The symbol's use in chemistry and biology.,O,"The chemical symbol for oxygen is O. This symbol is derived from the Latin word for oxygen, ""oxigenium."" In chemical notation, O represents the oxygen atom, and it is used in various compounds and reactions to denote the presence of this element. For example, water is represented as H₂O, where H is hydrogen and O is oxygen.","The chemical symbol for oxygen is O.

This symbol has its roots in history, deriving from the Greek word ""όξυς"" (oxys), which means ""sharp"" or ""acidic,"" reflecting early observations that oxygen was a component of acrid or sharp-smelling substances like acid. Over time, the symbol evolved and standardized to O, which is now widely recognized and used in various scientific disciplines, including chemistry and biology, as you mentioned.","The irrelevant context in the prompt is: ""The chemical symbol for oxygen is a symbol that has been used for centuries and is often associated with breathing and respiration.""

While this information is related to the topic of oxygen, it is not necessary to answer the direct question, ""What is the chemical symbol for oxygen?"" The prompt is asking for the scientific or chemical symbol, not a description of its historical uses or common associations.

The correct answer to the prompt is: The chemical symbol for oxygen is ""O.""",0.22257009,0.16458008,0.60633177,7.1037375926971436
CohereForAI/aya-expanse-8b,Who is the main character in the story of a girl who learns to sing?,The main character in the story of a girl who learns to sing is a young girl who loves music and has a passion for opera. The girl's favorite singer is a famous soprano and she loves to listen to her performances. What is the main character's name?,"Identify the irrelevant context in the prompt: ""The main character in the story of a girl who learns to sing is a young girl who loves music and has a passion for opera. The girl's favorite singer is a famous soprano and she loves to listen to her performances. What is the main character's name?""",The girl's love for opera and her favorite singer. The girl's passion for music.,The main character's name is not specified,"In a story about a girl who learns to sing, the main character would typically be the girl herself. Here are some key aspects that highlight her as the central figure:

1. **Personal Journey**: The narrative revolves around her development as a singer, her struggles, triumphs, and the lessons she learns along the way.

2. **Character Growth**: As she learns to sing, she also grows as a person, gaining confidence, resilience, and a deeper understanding of herself and her passions.

3. **Agency**: She takes active steps to improve her singing, whether it's through lessons, practice, or performing. Her actions and decisions drive the plot forward.

4. **Conflict and Resolution**: The challenges she faces, such as overcoming stage fright, mastering a new technique, or dealing with criticism, are resolved through her efforts and growth as a singer.

5. **Impact on Others**: Her singing may also affect those around her, inspiring others or bringing joy to her community, which further emphasizes her central role in the story.

So, while there might be supporting characters like teachers, family members, or friends, the girl who learns to sing is the heart and soul of the story.","The main character's name in the story of a girl who learns to sing, with a passion for opera and a favorite soprano, could be **Aria**.

""Aria"" is a beautiful and fitting name for several reasons:

- In music, an aria is a musical form consisting of a solo voice, typically expressing an emotional moment or a narrative. This aligns with the girl's love for opera and her desire to sing.

- The name Aria also has a musical and elegant sound, reflecting the character's refined taste in music.

- It is a name that is often associated with singing and melody, making it a perfect choice for a young girl who is discovering her voice and musical talents.

So, Aria could be the ideal name for the main character in this inspiring tale of a girl's journey into the world of opera and singing.","The irrelevant context in the prompt is: ""The main character in the story of a **girl who learns to sing**.""

While this provides background information, it is not necessary to answer the specific question: ""What is the main character's name?"" The prompt should focus on identifying the name of the character, not the nature of the story.

The relevant information for answering the question is: ""The girl's favorite singer is a famous soprano and she loves to listen to her performances."" This gives a clue about the main character's preferences, but not her name.

A more concise prompt would be: ""What is the name of the young girl who loves music and has a passion for opera, and whose favorite singer is a famous soprano?""",0.094447024,0.3178153,0.65329814,15.105380773544312
CohereForAI/aya-expanse-8b,What is the largest waterfall in the world?,The largest waterfall in the world is a waterfall that is known for its massive size and is home to numerous unique species. The waterfall's source is in the mountains and it flows into a large lake. What is the largest waterfall in the world?,"Identify the irrelevant context in the prompt: ""The largest waterfall in the world is a waterfall that is known for its massive size and is home to numerous unique species. The waterfall's source is in the mountains and it flows into a large lake. What is the largest waterfall in the world?""",The waterfall's source being in the mountains. The waterfall flowing into a large lake.,Inga Falls,"The largest waterfall in the world, in terms of both height and volume of water, is Angel Falls, located in the Canaima National Park in the Gran Sabana region of Venezuela.

Key facts about Angel Falls:

- Height: Angel Falls has an uninterrupted drop of 807 meters (2,648 feet) and a total height of 979 meters (3,212 feet) when including the sloped cascades and rapids below the main drop.

- Width: The falls are approximately 1.5 kilometers (0.93 miles) wide.

- Volume of Water: During the rainy season, Angel Falls can have a flow rate of up to 22,000 cubic meters per second (777,000 cubic feet per second), making it one of the most voluminous waterfalls in the world.

- Discovery and Name: Angel Falls was discovered in 1912 by American aviator Jimmie Angel, who named it after himself. It was officially measured and recognized as the world's highest waterfall in 1949.

So in summary, Angel Falls in Venezuela holds the record as the tallest and most impressive waterfall on Earth.","The largest waterfall in the world is Angel Falls, located in the Canaima National Park in Venezuela. Angel Falls has an uninterrupted drop of 807 meters (2,648 feet) and a total height of 979 meters (3,212 feet) when including the sloped cascades below the main drop. It is formed by the Churún River, which flows from the Venezuelan Andes.

Angel Falls is renowned for its breathtaking beauty and is surrounded by lush rainforest, making it a habitat for a diverse array of flora and fauna, many of which are endemic to the region. The falls' immense size and dramatic drop contribute to its status as one of the most spectacular natural wonders on Earth.","The irrelevant context in the prompt is: **""The waterfall's source is in the mountains and it flows into a large lake.""**

While this information provides some geographical context, it does not directly answer the question ""What is the largest waterfall in the world?"" The question is asking for a factual identification, not a description of the waterfall's origin and destination.

The relevant information should focus on the name of the waterfall, its location, and its size, without delving into its flow path.",0.40894338,0.48734248,0.71559507,13.242353677749634
CohereForAI/aya-expanse-8b,"In the story, a character named Julian discovers a hidden key in his pocket. What does Julian find with the key?","In the story, a character named Julian discovers a hidden key in his pocket. The key is old and rusty and has a tag attached to it with a mysterious message. The key's history is unknown and it is said to unlock a secret door. What does Julian find with the key?","Identify the irrelevant context in the prompt: ""In the story, a character named Julian discovers a hidden key in his pocket. The key is old and rusty and has a tag attached to it with a mysterious message. The key's history is unknown and it is said to unlock a secret door. What does Julian find with the key?""",The key being old and rusty. The key's history being unknown and its ability to unlock a secret door.,Julian finds a secret door,"In the story, Julian discovers a hidden key in his pocket, but the specific thing he finds with the key isn't explicitly stated. The key itself is the significant discovery, implying that it holds the potential to unlock something important. Without further context from the story, we can only speculate about what Julian might find:

1. **A Locked Box or Chest**: The key could open a valuable or mysterious box or chest that contains treasures, secrets, or important documents.

2. **A Secret Passage**: It could lead to a hidden room, secret passage, or underground tunnel that Julian didn't know existed.

3. **A Magical Item**: In a fantasy setting, the key might unlock a magical item, artifact, or portal to another realm.

4. **A Long-Lost Home or Memory**: Perhaps the key is symbolic and leads Julian to a place or memory from his past that he thought he had lost.

5. **A New Opportunity**: The key could represent an opportunity or door to a new adventure, challenge, or life path.

The story's details would provide a clearer idea of what Julian finds with the key.","Based on the information provided, Julian discovers several things related to the key:

1. **The Key Itself**: An old, rusty key with a tag attached. The key's age and condition suggest it's been through a lot of history.

2. **A Mysterious Message**: The tag attached to the key bears a cryptic or intriguing message. This message could be a riddle, a clue, or a warning, adding to the key's air of mystery.

3. **A Secret Door**: It is implied that the key can unlock a secret door. This door could be hidden within a building, a forest, or even a person's mind, depending on the story's genre and setting.

4. **Unkown History**: The key's origins are unknown, which could lead Julian on a quest to uncover its past, including who made it, where it was hidden, and why.

5. **Potential Adventure or Danger**: Finding the key could signal the beginning of an adventure, as the door it unlocks might lead to treasure, a new world, a dangerous place, or a solution to a long-standing mystery.

These elements combine to create a compelling narrative hook, drawing the reader in and setting the stage for Julian's journey.","The irrelevant context in the prompt is: **""The key is old and rusty and has a tag attached to it with a mysterious message.""**

While this description provides details about the key, it is primarily relevant to *how* Julian discovers the key, not *what* he finds *with* it. The prompt should focus on the outcome of finding the key, not its physical attributes.

A more relevant and focused prompt might be:

""When Julian uses the key, where does it lead him? What does he discover behind the secret door?""

This revision encourages the story to explore the consequences of finding the key, which is the core of the intrigue.",0.64437395,0.67208195,0.62992406,16.51869535446167
CohereForAI/aya-expanse-8b,What is the chemical symbol for nitrogen?,The chemical symbol for nitrogen is a symbol that has been used for centuries and is often associated with fertilizers and agriculture. The symbol is also used in chemistry and physics. What is the chemical symbol for nitrogen?,"Identify the irrelevant context in the prompt: ""The chemical symbol for nitrogen is a symbol that has been used for centuries and is often associated with fertilizers and agriculture. The symbol is also used in chemistry and physics. What is the chemical symbol for nitrogen?""",The symbol's association with fertilizers and agriculture. The symbol's use in chemistry and physics.,N,The chemical symbol for nitrogen is N.,"The chemical symbol for nitrogen is **N**.

This symbol has been in use for centuries and is universally recognized in the scientific community. It represents the element's name, nitrogen, in a concise and standardized form. The symbol is derived from the Latin word for nitrogen, ""nitrogenium.""

In chemistry, the 'N' symbol is frequently encountered in various contexts, such as in chemical formulas, equations, and when referring to nitrogen-containing compounds or ions. For instance, ammonia, a common nitrogen compound, is often represented as NH₃, where 'N' stands for nitrogen.

Moreover, in physics and other scientific disciplines, the 'N' symbol is used to denote nitrogen in various measurements, calculations, and experimental settings.","The irrelevant context in the prompt is: **""...is often associated with fertilizers and agriculture.""**

While nitrogen is indeed crucial for agriculture due to its use in fertilizers, the question asks for the *chemical symbol* for nitrogen, not its applications. The correct answer, N, should be provided without the additional agricultural context.

A more appropriate response would be:

""The chemical symbol for nitrogen is **N**.""",0.29285184,0.20078002,0.60839665,6.5779712200164795
CohereForAI/aya-expanse-8b,What is the largest lake in the world?,The largest lake in the world is a lake that is known for its massive size and is home to numerous unique species. The lake's surface is covered in ice during the winter months and it is a popular destination for tourists. What is the largest lake in the world?,"Identify the irrelevant context in the prompt: ""The largest lake in the world is a lake that is known for its massive size and is home to numerous unique species. The lake's surface is covered in ice during the winter months and it is a popular destination for tourists. What is the largest lake in the world?""",The lake's surface being covered in ice during the winter months. The lake being a popular destination for tourists.,Caspian Sea,"The largest lake in the world by surface area is Lake Baikal, located in Siberia, Russia. It covers an area of approximately 37,700 square kilometers (14,500 square miles) and is often referred to as the ""Pearl of Siberia."" Lake Baikal is also the deepest lake on Earth, reaching a maximum depth of 1,642 meters (5,387 feet).

Some key facts about Lake Baikal:

- Age: It is estimated to be around 25 million years old, making it one of the oldest lakes in the world.
- Biodiversity: The lake is renowned for its exceptional biodiversity, with many species found nowhere else on Earth, including the iconic Nerpa seal (also known as the Baikal seal).
- Fresh Water: Lake Baikal contains approximately 20% of the world's unfrozen surface fresh water.
- Cultural Significance: It holds significant cultural and spiritual value for the local Buryat people.

While Lake Baikal is the largest by surface area, it's important to note that some sources may consider the Caspian Sea, located between several countries in Central Asia, as the world's largest lake by volume, depending on the criteria used for classification.","The largest lake in the world by surface area is Lake Baikal, located in Siberia, Russia. It is often referred to as the ""Pearl of Siberia"" and is renowned for its exceptional clarity and unique ecosystem.

Here are some key facts about Lake Baikal:

- **Size:** Lake Baikal covers an area of approximately 37,700 square kilometers (14,500 square miles), making it the largest freshwater lake by surface area globally.

- **Depth:** It is also the deepest lake in the world, with a maximum depth of 1,642 meters (5,387 feet). The lake's great depth contributes to its exceptional water clarity.

- **Age and Formation:** Lake Baikal is estimated to be around 25 million years old, making it one of the oldest lakes on Earth. It was formed as a result of tectonic activity and the uplift of the Siberian landmass.

- **Ecosystem:** The lake is known for its rich biodiversity, with many species found nowhere else on Earth. It is home to over 1,700 species of plants and animals, including the iconic Nerpa seal, the only freshwater seal in the world.

- **Ice Cover:** During the long and cold Siberian winters, Lake Baikal freezes over, creating a stunning landscape. The ice cover can be several meters thick in places, making it a popular destination for ice fishing and other winter activities.

- **Tourism:** In recent years, Lake Baikal has become a popular tourist destination, attracting visitors from around the world who come to enjoy its natural beauty, participate in outdoor activities, and experience the local culture.

Lake Baikal's unique characteristics and ecological significance have led to it being designated as a UNESCO World Heritage Site in 1996. It continues to be a subject of scientific study and a symbol of Russia's natural wonders.","The irrelevant context in the prompt is: **""The lake's surface is covered in ice during the winter months and it is a popular destination for tourists.""**

While this information provides details about the lake's environment and human interest, it does not directly answer the question ""What is the largest lake in the world?"" The question seeks a factual answer about the lake's size, which is not dependent on its ice coverage or tourist appeal.",0.48132622,0.36870337,0.6410567,19.285871744155884
CohereForAI/aya-expanse-8b,"In the story, a character named Alexander discovers a hidden map in his grandfather's attic. What does Alexander find on the map?","In the story, a character named Alexander discovers a hidden map in his grandfather's attic. The map is old and yellowed and has a mysterious X marked on it. The map's history is unknown and it is said to lead to a hidden treasure. What does Alexander find on the map?","Identify the irrelevant context in the prompt: ""In the story, a character named Alexander discovers a hidden map in his grandfather's attic. The map is old and yellowed and has a mysterious X marked on it. The map's history is unknown and it is said to lead to a hidden treasure. What does Alexander find on the map?""",The map being old and yellowed. The map's history being unknown and its ability to lead to a hidden treasure.,Alexander finds a mysterious X marked on the map,"The hidden map Alexander discovers in his grandfather's attic could reveal a variety of secrets or destinations, depending on the creative direction of the story. Here are a few possibilities:

1. **A Secret Treasure Location**: The map might detail the location of a hidden treasure, perhaps left behind by pirates, adventurers, or even a long-forgotten civilization. This could lead Alexander on an exciting quest to find the treasure.

2. **A Lost City or Island**: The map could mark out the path to a lost city, a hidden island, or a forgotten place filled with mysteries and wonders. This could be a place of historical significance or a magical realm.

3. **A Family Legacy**: The map might reveal a family legacy or secret, such as a line of explorers or adventurers. It could also show the route taken by Alexander's ancestors, highlighting their contributions to history.

4. **A Mysterious Landmark**: The map could point to a specific landmark or monument, which serves as a clue to a larger mystery. This landmark could be a gateway to another world, a hidden passage, or a place of power.

5. **A Journey of Self-Discovery**: The map might not be about a physical location, but rather a metaphorical journey. It could outline steps or challenges that Alexander needs to overcome to grow, learn, or find his true purpose in life.

6. **A Historical Event**: The map could detail a significant historical event, such as a battle, migration route, or exploration, and Alexander's grandfather might have been involved in or a witness to this event.

7. **A Magical Portal**: In a fantastical story, the map could show the way to a magical portal that connects different realms or dimensions.

The specific details on the map would depend on the genre, tone, and themes of the story.","Based on the description, Alexander finds several key elements on the map:

1. **An Old and Yellowed Map**: This suggests that the map is quite ancient, possibly dating back many years. Its condition implies it has been handled and exposed to the elements, making it fragile and yellowed with age.

2. **A Mysterious X Marked on It**: The ""X"" is a significant symbol, likely indicating the location of the hidden treasure. It could be a simple cross or a more intricate design, but whatever its form, it's central to the map's purpose.

3. **Unknown History**: The map's origins and history are shrouded in mystery, adding to its allure. This lack of knowledge about its past can fuel Alexander's curiosity and drive his quest to uncover the treasure it promises.

4. **Directions or Clues**: While not explicitly stated, it's likely the map includes some form of directions or clues that Alexander must decipher to follow in his grandfather's footsteps and find the treasure. These could be in the form of written notes, symbols, or even hidden images.

5. **Potential Hidden Treasure**: The ultimate discovery Alexander makes from the map is the promise of a hidden treasure. The ""X"" is likely a marker for the exact location where this treasure is buried or hidden.

By following the clues and deciphering the map, Alexander embarks on an adventure to uncover the secrets of his grandfather's past and potentially discover a long-lost treasure.","The irrelevant context in the prompt is: **""The map's history is unknown and it is said to lead to a hidden treasure.""**

While this sentence provides some background, it doesn't directly answer the question ""What does Alexander find on the map?"". The focus of the prompt should be on what is actually depicted or indicated on the map itself, not on its rumored content.

A more relevant and focused prompt would be:

""In the story, a character named Alexander discovers a hidden map in his grandfather's attic. The map is old and yellowed with a mysterious X marked on it. What does the X on the map represent?""",0.6122229,0.76523685,0.5807667,21.27410364151001
